student_id,age,gender,previous_grade,attendance_rate,assignments_completed,test_scores_avg,days_absent_last_term,late_arrivals,disciplinary_incidents,parent_education_level,family_income_level,has_internet_access,is_dropout,Class
1,16,0,66.19746187824465,63.09469777206591,93.3188308079065,68.98406694992407,8,6,0,4,3,0,0,Non-Dropout
2,13,1,47.52804477379648,83.32253359031255,94.67760496088648,51.6494709317003,5,4,0,3,3,1,0,Non-Dropout
3,17,1,66.52926451109504,77.79982769985756,100.0,75.61926347924589,5,5,2,5,2,0,0,Non-Dropout
4,14,0,71.57455557152525,56.835425994177925,59.721622466149725,48.85660539330157,5,2,1,1,3,0,0,Non-Dropout
5,16,0,66.3547503727839,100.0,21.258870143453123,38.41419823999878,2,3,1,3,1,1,0,Non-Dropout
6,19,1,61.0312362966712,61.683938613480834,53.57484300860786,34.88416152296685,3,0,0,1,2,1,0,Non-Dropout
7,12,0,72.29058022464123,20.869630843702737,93.98730013550306,43.310517330191594,4,3,0,2,2,0,0,Non-Dropout
8,16,1,38.92359645769782,65.58651527481726,67.96575191348882,82.35974125998631,2,4,2,2,3,0,0,Non-Dropout
9,17,0,51.590669138561296,95.61875136072649,34.88068292718867,61.96158822944727,2,2,1,2,2,0,0,Non-Dropout
10,14,0,45.421878532920346,70.86935926900122,27.91442559339542,64.4930000064191,4,4,2,5,1,0,0,Non-Dropout
11,13,0,85.22579557982235,42.30440443831442,100.0,67.80453648684308,1,3,0,2,1,1,0,Non-Dropout
12,17,1,75.68047581482581,54.43817112300282,85.21456392070981,49.84270705693057,1,0,1,1,2,1,0,Non-Dropout
13,17,0,67.77687551471027,53.380271684518846,57.58335685634745,57.804986403425886,5,6,2,5,4,1,0,Non-Dropout
14,12,1,43.24067519970788,63.49427509828079,100.0,59.248731945004984,3,2,3,3,2,0,0,Non-Dropout
15,15,0,76.16221683422178,69.76590047079662,100.0,51.03538346835063,3,5,0,2,4,1,0,Non-Dropout
16,14,1,85.79810202487724,84.87709217867905,95.87112758472686,57.71242647047855,5,3,0,3,3,0,0,Non-Dropout
17,11,0,73.57242104695344,77.56877409922467,88.88358044046957,63.17517315847801,4,1,1,4,3,0,0,Non-Dropout
18,17,1,64.47233875244665,78.52807564144243,83.20633998356014,61.28201032361002,3,3,0,1,4,1,0,Non-Dropout
19,15,1,74.47577047775923,100.0,91.39224041945484,71.49780043070508,0,0,0,2,3,1,0,Non-Dropout
20,11,1,69.09374171379034,92.21658680629837,100.0,57.71555484640676,7,1,2,3,2,1,0,Non-Dropout
21,14,1,78.89114350459607,90.45609327274602,45.682042966109,88.17267845793981,6,3,0,3,1,1,0,Non-Dropout
22,10,1,78.55528462689429,38.736761078043266,61.52308974259972,49.5088850639636,5,6,2,2,2,0,1,Dropout
23,19,1,61.6840169508451,59.96388805018714,68.80531171914717,57.04570898317994,5,5,3,1,2,1,1,Dropout
24,15,0,55.09037925673835,43.05952008450248,84.35771212444027,70.91008242592773,4,2,2,5,3,0,0,Non-Dropout
25,18,1,59.002655889707334,59.61894384308771,100.0,74.26413264814084,7,1,0,3,2,1,0,Non-Dropout
26,10,1,73.037755025074,90.89733425376218,80.32073233949174,46.907728821937894,8,6,0,5,1,0,0,Non-Dropout
27,19,1,59.90840522303287,67.14342892164748,85.6308467116768,63.458989648274596,3,1,2,4,2,1,0,Non-Dropout
28,12,0,53.742055727692644,96.44883190319848,86.91793118375814,76.99300373757819,4,4,1,3,4,1,0,Non-Dropout
29,16,0,64.9856994312019,88.86270404125655,70.57714151738845,40.961130528873724,6,5,2,2,3,0,0,Non-Dropout
30,13,0,81.61185396003427,76.00905546744063,59.59669777157525,63.6827928701784,4,3,0,1,2,0,0,Non-Dropout
31,18,1,67.02662100701096,96.9209281884063,71.8669151802207,42.69611787733217,5,1,2,2,2,0,0,Non-Dropout
32,12,0,60.85673005999359,100.0,53.64259953319763,52.80594621941491,6,3,0,4,3,1,0,Non-Dropout
33,14,0,69.80647689420148,84.08774540851556,54.07259936505898,66.28346838519208,2,5,2,4,5,0,0,Non-Dropout
34,12,1,66.26058813574801,79.59934227244258,79.20088936375532,61.740022556225725,11,0,1,4,3,0,0,Non-Dropout
35,16,1,35.995444384854835,87.66737618549925,58.04438133698285,47.89088152970348,5,2,1,4,4,1,0,Non-Dropout
36,14,0,75.45138714528738,46.86826625255181,100.0,83.32106039580775,5,3,1,1,3,1,0,Non-Dropout
37,18,1,71.11187659920664,72.6485707264787,73.66357161085755,59.995134679673775,5,2,4,4,1,1,0,Non-Dropout
38,16,1,65.24257698418619,74.52018980567215,100.0,73.24834254113027,3,4,1,1,3,1,0,Non-Dropout
39,11,1,80.9353505108438,67.62511378286871,38.87264025551893,87.52645181016419,4,5,1,2,3,1,0,Non-Dropout
40,13,1,83.19499046375297,59.210084105372886,39.63781097902448,54.853732025471004,8,3,1,5,2,1,0,Non-Dropout
41,18,0,76.98152992210328,94.96090443271954,67.22328105365332,74.23415198349518,6,3,2,3,5,1,0,Non-Dropout
42,11,1,52.24548775946699,78.40116383087832,93.4191695457318,71.22745910677347,6,2,0,3,2,0,0,Non-Dropout
43,19,0,52.764333340595606,80.21981464384818,57.748553730335544,44.15679202179507,7,3,1,2,1,1,0,Non-Dropout
44,18,0,81.76003310002974,100.0,67.49057841318555,83.1085443334227,5,4,2,3,2,1,0,Non-Dropout
45,19,0,36.841641095822,71.09343289486252,94.99813539503529,66.51408806967294,8,2,0,3,2,0,0,Non-Dropout
46,14,0,62.767287272568296,67.22441513578396,60.299286502186774,57.0074660286943,5,3,1,2,4,0,0,Non-Dropout
47,11,1,71.59738710546624,100.0,51.062040095245024,40.70565165098847,2,2,2,2,1,0,0,Non-Dropout
48,13,1,38.743883968287435,45.185212405689285,87.70980864941575,45.885808023805794,1,3,0,1,4,1,0,Non-Dropout
49,16,1,68.51514858275449,76.02382239959796,37.39909948276812,63.37223568052792,6,3,1,2,2,1,0,Non-Dropout
50,17,0,79.31643614878928,60.2471513308517,60.65839644277602,44.93211692598979,8,2,1,3,3,0,0,Non-Dropout
51,12,0,42.71635894844786,80.85358237643672,72.85690851015794,74.49119778794812,6,7,0,5,2,0,0,Non-Dropout
52,10,0,89.87255310041238,86.43929869442881,83.22547846366193,59.314652663755965,4,5,2,2,2,1,0,Non-Dropout
53,13,1,49.85254885851635,87.5518146456809,90.56620054244155,41.5788024305518,6,1,0,3,3,1,0,Non-Dropout
54,11,0,73.62104369715544,95.52478163796954,94.46632388536479,55.05577865828369,4,2,1,1,2,0,0,Non-Dropout
55,17,1,63.746053574620504,69.94945346378269,62.43815354018825,49.05664689645407,2,3,2,2,2,0,0,Non-Dropout
56,13,1,66.04273435550677,71.19557435725436,93.93783154804494,46.637977032420395,2,3,3,2,1,1,0,Non-Dropout
57,11,1,45.74757296488765,85.53204428703539,82.65373140443143,31.77288843725446,2,2,2,2,1,0,0,Non-Dropout
58,15,1,83.90709443529589,92.75003386612245,88.03018278218673,66.4926478321957,7,4,1,2,2,1,0,Non-Dropout
59,15,0,69.8882519502535,48.99392365723291,54.155447605260186,50.692477128828486,4,3,1,5,3,1,0,Non-Dropout
60,19,1,89.31260265354734,81.28242349359356,86.62770138144252,93.14929466874267,6,3,0,2,2,0,0,Non-Dropout
61,13,0,46.13874169131459,67.09511349143645,66.18124513313941,79.88863195544741,5,1,0,4,4,0,0,Non-Dropout
62,15,1,62.28148049181959,76.74305140768722,71.19670817912973,89.47216002687199,4,4,2,2,4,1,0,Non-Dropout
63,11,0,68.14293859553311,67.86622693424549,74.12853975108428,75.73334083499174,2,2,2,3,1,1,0,Non-Dropout
64,19,0,65.90574720942386,60.5450678741543,100.0,56.230508743893814,6,3,1,5,5,0,0,Non-Dropout
65,11,1,75.0017801700863,54.629534743535544,47.128608116018775,69.86124119700617,5,1,1,2,2,0,0,Non-Dropout
66,19,1,62.09122187114186,71.9795197005943,99.73291008919315,60.45863684343786,3,3,1,2,1,0,0,Non-Dropout
67,13,1,96.83039069451029,82.16811583511792,100.0,70.10942631338071,5,3,1,5,2,0,0,Non-Dropout
68,17,0,65.59763483282269,62.93984399852539,90.63972291947252,78.36911515143495,1,2,0,4,1,0,0,Non-Dropout
69,16,1,21.737683463564984,98.79623933733747,56.61372777175757,73.96202174988703,4,3,0,3,4,0,0,Non-Dropout
70,18,1,66.26301512509058,100.0,100.0,65.1251379366154,6,3,1,2,1,1,0,Non-Dropout
71,17,0,83.92195977299275,83.26250241967888,61.699652686529596,65.98743594923992,1,4,2,3,2,0,0,Non-Dropout
72,14,1,51.15040847224199,74.1752895090663,87.17796665891743,68.29401115975857,5,1,0,4,1,0,0,Non-Dropout
73,11,0,50.19867216243145,56.754745191506665,73.02286073616345,81.58763444900188,4,4,1,3,4,1,0,Non-Dropout
74,14,1,52.394154404906146,82.40116176735958,60.77125164351871,57.655026906602366,7,2,1,3,2,0,0,Non-Dropout
75,17,0,48.85284785034307,100.0,83.6671015930826,61.1192430023481,8,2,2,2,3,0,0,Non-Dropout
76,19,0,57.80897429441009,100.0,100.0,57.387934279267405,3,0,2,3,3,1,0,Non-Dropout
77,18,1,78.63945839523831,100.0,76.40863387201412,67.05949352164315,4,7,1,2,1,0,0,Non-Dropout
78,18,0,87.8949909261904,91.86619256612218,100.0,74.55030693414282,8,4,0,1,2,1,0,Non-Dropout
79,10,1,28.636245140941995,83.20386740094327,65.41795808743146,69.49480485866675,1,5,1,2,2,0,0,Non-Dropout
80,18,1,59.32318019633814,54.02663938239232,71.93537389338368,64.13487003219178,5,2,0,2,3,1,0,Non-Dropout
81,16,0,69.54046991565099,73.00556904339723,39.35521287047631,81.0915838323235,9,0,2,4,4,1,0,Non-Dropout
82,18,1,68.04017545077787,70.6824372505775,56.05404387170755,53.0867363905615,5,2,0,1,1,0,0,Non-Dropout
83,17,0,93.49909499934334,73.13591929185493,64.54074799575706,42.502937532798484,3,4,0,2,2,1,0,Non-Dropout
84,10,0,34.83959135626899,60.61175574346396,61.7739037035531,69.82327820519683,3,0,1,2,1,0,0,Non-Dropout
85,17,0,26.164040979672507,90.15723936872753,45.99394828989585,64.39610262568827,4,3,0,1,4,1,0,Non-Dropout
86,17,0,95.93318786057384,69.52270413185913,50.953872575546455,62.493110545104415,3,5,1,2,4,1,0,Non-Dropout
87,12,0,76.30150539871005,67.89939185713001,62.83524686074447,45.20806786978065,4,1,3,5,2,0,0,Non-Dropout
88,10,0,56.42942619570635,60.6794675157787,99.66346391120342,67.97903239760079,9,3,0,2,2,1,0,Non-Dropout
89,17,0,67.57398159601932,79.6459997654874,32.61048559533348,91.92610484941343,7,4,0,2,3,1,0,Non-Dropout
90,12,0,68.648264338416,100.0,17.945523424157635,45.02686442287782,5,3,2,3,5,0,0,Non-Dropout
91,12,1,56.06718814496031,74.79583406778924,25.979311676037447,62.643479026772944,5,3,2,3,5,0,0,Non-Dropout
92,10,1,67.12667556037151,80.63481096932577,48.81501351995225,66.13239216538311,2,2,4,2,2,0,0,Non-Dropout
93,14,0,70.32220061990179,100.0,85.92425195660208,58.34098847456629,7,2,2,1,4,0,0,Non-Dropout
94,19,1,95.23295392044238,99.0688507850258,61.092293874441836,67.46605316172263,3,7,1,4,2,1,0,Non-Dropout
95,16,1,79.45176833428312,86.75489635104395,60.751032599004574,58.29455107541132,5,3,2,3,3,0,0,Non-Dropout
96,19,1,91.08984710363113,85.91395532514876,60.18975101790246,67.30389485766987,2,2,0,2,1,1,0,Non-Dropout
97,18,1,44.846427744906585,62.938681844141726,23.05422809831945,61.17661236669104,2,4,3,4,5,0,0,Non-Dropout
98,16,1,59.79204110573213,60.982611022347804,91.5356143131139,56.93261615691338,4,3,1,3,3,1,0,Non-Dropout
99,18,1,68.63370475897437,77.82816306010068,100.0,63.843850985339415,4,3,0,2,4,1,0,Non-Dropout
100,17,0,36.18348870300555,78.33548210316579,61.61321347902905,72.21891819418701,8,6,0,2,3,1,0,Non-Dropout
101,11,1,82.72789007163921,58.00470261934307,72.13653031883462,41.63804006464075,9,2,0,3,1,0,0,Non-Dropout
102,10,1,74.63314658466894,89.0659332789488,72.96802298093499,75.40852661339495,10,0,0,5,2,1,0,Non-Dropout
103,16,1,59.49262220069204,69.45404223005761,43.30443827429529,54.11378400368814,8,1,1,3,2,1,0,Non-Dropout
104,16,1,62.24998484748822,97.54641471425755,58.96277843829958,74.2763457607515,10,1,3,1,3,0,0,Non-Dropout
105,17,0,83.80800333235622,73.89182976421304,100.0,54.95324183951564,2,5,2,1,2,1,0,Non-Dropout
106,14,0,53.068430785445514,72.12159539928265,69.90026426296832,75.6999531236934,7,3,3,2,2,1,0,Non-Dropout
107,12,0,84.41278024493431,56.25207100988038,75.5879783748968,64.26573277759927,6,6,1,2,1,1,0,Non-Dropout
108,17,0,61.21941895120568,58.442805297627324,52.658970831136386,51.05875889810983,6,7,2,3,1,1,0,Non-Dropout
109,15,1,76.33994079165375,100.0,59.25103385512777,58.41830169807833,6,2,1,1,4,0,0,Non-Dropout
110,12,0,66.30146308368481,80.37927493977959,86.15729759229257,82.90500795788559,5,1,0,1,2,1,0,Non-Dropout
111,10,0,98.49790769976778,82.78604761045278,49.00999283130524,65.77742546968348,4,4,3,2,2,1,0,Non-Dropout
112,12,0,51.68911414838711,100.0,100.0,58.12947664471594,4,2,0,3,2,1,0,Non-Dropout
113,14,0,56.40076066134599,48.64822759315515,29.593346355822682,82.10805294046106,4,4,1,1,3,1,0,Non-Dropout
114,12,1,42.408117834667536,88.42511434082782,54.17092320962988,77.82749860672031,3,5,0,1,1,1,0,Non-Dropout
115,10,0,48.548642494560184,43.24218270613703,33.00308259059244,52.39661865691055,6,3,2,4,5,1,0,Non-Dropout
116,14,1,75.69692161541775,66.24696115893256,100.0,61.93266149500356,4,5,2,1,3,1,0,Non-Dropout
117,19,0,89.00245458297591,52.098259505829276,69.09316284252242,38.562342015649925,8,5,2,3,2,1,0,Non-Dropout
118,16,1,77.39721305540415,92.17181091864401,62.84026636918058,78.0792946540908,4,4,0,1,4,1,0,Non-Dropout
119,16,1,64.919127504097,37.20547295880752,79.94008686363492,65.06100687040698,5,4,0,3,2,1,0,Non-Dropout
120,18,0,51.5957824751592,70.39830977294409,100.0,75.05240429258471,6,4,0,4,1,0,0,Non-Dropout
121,19,0,78.47628007440726,51.824596136032454,75.40171885134468,36.01843309408168,4,3,0,3,5,1,0,Non-Dropout
122,19,0,50.77097142221243,57.90383254791976,98.56626714906146,60.78714057348924,5,1,0,2,2,1,0,Non-Dropout
123,12,0,44.765723985413615,60.98577671624852,62.65907267766815,67.51384495645519,1,4,1,1,3,1,0,Non-Dropout
124,16,1,60.37296000185143,100.0,45.9665104048184,33.226374683021724,2,1,1,1,5,1,0,Non-Dropout
125,10,1,34.49089074667256,68.29541099936938,75.8053503470088,74.84530047450332,4,2,0,4,2,1,0,Non-Dropout
126,13,0,44.27922688171627,100.0,52.56603320020105,60.14805127780168,3,6,1,3,1,0,0,Non-Dropout
127,13,0,93.28985503824231,100.0,87.21868903708834,38.679248299434576,2,5,1,2,4,0,0,Non-Dropout
128,14,1,41.497873633123966,100.0,59.76679240985764,57.28238319869957,5,3,3,3,3,1,0,Non-Dropout
129,16,0,47.17777428431283,73.82466158095713,67.88643563875031,71.85022416244882,7,4,1,3,3,1,0,Non-Dropout
130,16,1,66.07749361559996,79.20714278742723,13.990016164240984,51.303378648563225,5,6,2,2,1,1,1,Dropout
131,13,0,66.85855820045023,82.5591128572555,66.88196881163162,64.31491299497807,2,7,0,4,3,1,0,Non-Dropout
132,16,1,61.48063553931719,67.65024342878472,63.93537039995584,58.503003359519504,8,0,0,5,3,1,0,Non-Dropout
133,12,1,34.94939376663327,83.48740517683903,99.0740951947765,35.08846786839146,4,4,0,3,2,1,0,Non-Dropout
134,15,1,77.72733991456684,56.296075857267056,91.75268042779501,74.35753081303025,3,1,2,2,4,1,0,Non-Dropout
135,11,1,58.35419900363005,37.4904847440471,70.60545917547792,77.1160365881004,3,4,0,5,2,0,0,Non-Dropout
136,19,1,83.30674283262351,89.28269198843228,29.239046160831627,82.23097122475556,8,2,1,3,2,0,0,Non-Dropout
137,18,0,55.327735677067295,68.00453390566993,58.99419118208299,65.13518543132,5,4,0,3,1,1,0,Non-Dropout
138,14,1,79.73741508710866,55.46616323922275,99.10060221172142,72.26904692952834,3,2,5,1,2,1,0,Non-Dropout
139,15,0,84.44125173619153,57.995473946615114,65.03876619263193,40.789419801033624,10,3,2,2,2,1,1,Dropout
140,13,1,57.9958658636927,100.0,43.33103243532413,68.6018918562402,4,1,2,3,2,1,0,Non-Dropout
141,19,1,78.2067529115847,84.28225581844191,98.79559747670257,60.23075823805239,3,7,0,4,3,0,0,Non-Dropout
142,16,0,45.07182982825404,44.55385635072629,29.412148702524256,63.84567846064681,6,2,1,3,5,0,0,Non-Dropout
143,18,0,68.95534230604241,51.26027174824287,67.17658122387654,48.23989999486217,2,2,1,5,3,0,0,Non-Dropout
144,16,0,83.33341562532259,69.16240788365961,83.95209404365184,81.83995929454002,7,5,0,1,2,1,0,Non-Dropout
145,10,0,72.77739268946186,84.52818716684064,73.15134803567761,40.235375465608286,2,3,1,3,3,0,0,Non-Dropout
146,10,1,100.0,59.10857243254301,38.962019683294685,69.08017475101988,7,4,2,1,4,1,1,Dropout
147,18,0,73.61536988436734,71.54106650309343,46.77018876615939,51.23737706358483,5,5,0,4,5,1,0,Non-Dropout
148,18,1,59.52093121088748,77.29102376460354,52.55058646888109,96.7789929511662,9,6,1,3,5,0,0,Non-Dropout
149,13,0,100.0,77.7053681820535,89.61173793810141,75.43048732990464,3,0,1,2,4,1,0,Non-Dropout
150,18,0,89.50551526021326,27.09727562001487,74.26312868490366,64.57252782786912,4,3,0,2,1,1,0,Non-Dropout
151,12,1,40.95638657302405,79.43282743606129,60.311412137108235,49.58120822524474,5,5,0,5,1,1,0,Non-Dropout
152,16,1,53.237545926075285,40.34280714119302,80.22276639631991,78.35043916257007,4,5,2,4,2,0,0,Non-Dropout
153,15,0,49.42762839438015,69.27203036998088,51.24532934794561,16.03046257208745,7,4,1,3,4,0,0,Non-Dropout
154,17,1,74.68444406763584,64.97169906183004,88.45946938790651,70.76255162336446,7,2,0,4,4,1,0,Non-Dropout
155,18,1,73.56737055225183,53.42534201599628,81.2639476844723,72.6556932032341,3,5,3,1,3,1,0,Non-Dropout
156,14,1,73.45177898593249,91.86334408002432,64.38752150309152,71.77605394835285,5,3,0,4,1,0,0,Non-Dropout
157,10,1,40.55135810751574,52.52048280206489,65.94333652282016,77.56770133275107,7,6,3,4,5,0,0,Non-Dropout
158,12,1,55.42862680092426,64.5412622122507,61.45441428759903,56.52541303443628,8,2,3,4,4,1,0,Non-Dropout
159,19,1,62.760721179145335,92.57468346006381,94.89855056859618,73.23970760926002,3,1,0,3,5,0,0,Non-Dropout
160,17,1,37.671191760189174,63.96999188020679,75.40229615289888,54.95011174586518,3,4,1,3,3,1,0,Non-Dropout
161,15,1,51.922583501631635,59.82980018629149,64.58782878207566,52.544256759967354,8,8,2,3,2,1,0,Non-Dropout
162,17,0,85.34650565248599,69.6368911189474,45.74222742343595,49.51480604192955,2,3,0,4,3,1,0,Non-Dropout
163,18,1,41.68886003045617,85.81005041142197,84.73728861795236,61.22030498203456,5,2,3,3,3,0,0,Non-Dropout
164,13,0,86.82890740577722,100.0,83.56887968625595,81.66836021601662,5,4,1,3,5,0,0,Non-Dropout
165,10,1,81.36723638803254,56.27756804124351,56.85893955249488,90.72614191180551,3,7,3,1,3,1,0,Non-Dropout
166,10,1,60.63894170293278,57.89836069067819,59.49607645193488,60.9437018441386,7,2,0,5,4,1,0,Non-Dropout
167,19,1,55.26690500948473,69.47329190146931,67.07464361628567,55.325481323526404,4,4,0,2,2,1,0,Non-Dropout
168,13,1,77.4774143321795,79.60281302534351,41.15935847773931,84.94147557641574,4,2,0,4,1,1,0,Non-Dropout
169,16,0,53.183897586565536,59.59506672005283,71.84267047261146,71.5014119397037,4,7,2,3,2,0,0,Non-Dropout
170,11,0,53.93003075080814,88.77126735772309,28.864054043455063,65.4359017420389,5,2,3,5,1,1,0,Non-Dropout
171,12,1,64.64197393992907,56.654444970948745,38.01326406426777,48.41327144323195,7,2,2,5,4,0,0,Non-Dropout
172,10,0,33.04649606319623,36.982908210080744,57.26013987209585,86.47552498575376,2,2,1,2,4,1,0,Non-Dropout
173,14,1,43.25036602397441,85.63550562331355,54.29262280954935,66.40527243010293,5,2,1,4,4,1,0,Non-Dropout
174,10,1,60.26508126497775,87.9517894629249,81.28477315890147,65.00239695561555,7,0,1,1,2,1,0,Non-Dropout
175,17,0,72.13544048318899,95.89301271265519,77.0749345255615,73.12512881225781,5,3,0,2,4,1,0,Non-Dropout
176,10,0,52.976390928819825,35.16200405685751,100.0,65.32847380217119,0,1,4,3,2,1,0,Non-Dropout
177,10,1,62.03584282967476,61.68769896954291,72.32119546965505,87.1195496767057,4,6,3,2,3,0,0,Non-Dropout
178,11,1,40.79810887793552,69.97883663602516,75.15324920577685,80.17701473602081,0,4,0,1,2,0,0,Non-Dropout
179,11,0,78.9872577840548,100.0,40.92364329366396,56.58004173801621,3,2,1,2,1,0,0,Non-Dropout
180,15,1,68.30123494341473,71.81597210041882,40.97558185879632,66.30351398359737,9,2,1,2,3,0,0,Non-Dropout
181,16,0,69.62818853958825,48.0696662394908,71.61066684330552,56.21870508744203,3,1,2,5,3,1,0,Non-Dropout
182,14,1,72.32375926977343,80.93480929509585,72.04279815650548,93.34046175413927,5,6,0,1,5,0,0,Non-Dropout
183,10,1,66.17191255242179,100.0,77.23975915723682,54.15681906876226,5,2,1,1,4,0,0,Non-Dropout
184,10,0,57.74340862139001,96.93277885921671,100.0,63.214575922545414,6,3,0,1,4,1,0,Non-Dropout
185,12,0,81.94481823080463,86.23596328655597,42.07981408901211,70.45889966132191,2,5,1,2,3,0,0,Non-Dropout
186,11,0,67.3532172164116,80.2526473421633,100.0,72.58579172159305,6,4,1,1,2,0,0,Non-Dropout
187,14,1,62.514208569898635,29.64495381098216,32.74974266837627,75.11868704533047,5,1,0,1,2,1,1,Dropout
188,19,1,64.87018019119245,75.51332910107425,79.32351221268058,77.01449831490034,5,4,1,2,4,0,0,Non-Dropout
189,15,1,64.5505240026689,78.56280525063472,38.8411526209812,75.39290084118545,4,2,0,4,1,0,0,Non-Dropout
190,16,1,62.36351594112032,71.80180651497814,88.10342830691523,58.50539457981523,5,5,2,1,3,1,0,Non-Dropout
191,13,0,71.69159543761862,89.1419977497873,32.904133653066445,56.80461322480277,2,2,0,1,3,1,0,Non-Dropout
192,16,1,50.96209666816447,71.4800439445461,1.6881414612979313,65.57344809295114,4,2,1,4,2,0,0,Non-Dropout
193,17,1,52.05813446389538,67.628735899944,73.64674884948141,56.72451991333309,1,7,1,2,2,0,0,Non-Dropout
194,10,1,73.38895534142954,95.77995443304509,66.87549476117306,55.13422790872372,5,3,0,3,4,1,0,Non-Dropout
195,15,0,62.82140988908306,66.72822572448634,97.65176102327698,58.67091913236574,6,3,0,4,1,0,0,Non-Dropout
196,17,1,79.57089653214643,76.29308144278247,71.94664464564438,96.53202041396757,3,6,2,2,3,0,0,Non-Dropout
197,14,1,71.13318500947796,92.95062559363765,51.37863793259568,88.1573419307676,3,2,2,1,2,1,0,Non-Dropout
198,13,0,56.71058134885652,54.78662497493555,56.50474859510475,61.41230019098806,3,6,0,2,2,1,0,Non-Dropout
199,11,1,73.62644544693012,52.616273356772616,100.0,34.00229870675601,7,6,1,4,4,0,0,Non-Dropout
200,15,1,82.95786436938404,100.0,48.13563184730242,56.14562992380489,10,2,0,1,2,1,0,Non-Dropout
201,15,0,71.70469334181881,63.14575992627183,83.11372960163578,78.20031496738055,10,2,3,3,5,0,0,Non-Dropout
202,10,1,74.98377414600195,88.84864863372201,80.0549950597113,41.51695854278923,11,4,0,2,3,0,0,Non-Dropout
203,18,1,62.42343724094896,39.49357936319453,83.69652468917864,74.05764451062697,4,2,1,3,2,1,0,Non-Dropout
204,15,1,79.89559824320754,24.938968137826627,81.65534826776288,73.09570368711006,5,0,2,4,2,1,0,Non-Dropout
205,12,0,56.28964377605534,82.2846011669052,63.30955695248015,65.25987064029616,5,2,0,4,3,0,0,Non-Dropout
206,13,1,70.07814538610775,72.4495869642105,25.948780611493284,64.43594364069195,2,3,0,5,2,1,0,Non-Dropout
207,13,1,100.0,82.47262883328094,73.89077216249572,51.43135050383961,6,2,0,1,3,1,0,Non-Dropout
208,12,0,73.0832158403849,100.0,69.6794847105901,75.4523588464419,6,3,2,2,3,0,0,Non-Dropout
209,19,0,58.68933154112197,50.2531636017523,73.0982979675902,69.64870000619686,7,1,3,3,1,0,0,Non-Dropout
210,12,1,58.650616374629,75.7637578849286,84.13079872191375,57.790578604091635,8,2,1,4,3,0,0,Non-Dropout
211,12,1,63.92987454064483,100.0,59.65956047755606,53.224806071229644,5,3,1,4,3,1,0,Non-Dropout
212,13,1,77.76868672594117,53.14019773006682,54.492727869815965,47.09863057787789,6,5,0,2,4,1,0,Non-Dropout
213,16,1,67.18666263751074,63.30545928454334,92.52107806534816,70.5728144802469,5,5,0,1,5,1,0,Non-Dropout
214,13,0,55.27208280142405,39.654295919968014,61.778829583517464,61.96634424375482,3,9,3,2,2,0,1,Dropout
215,18,1,55.24554510816965,100.0,57.6570376969659,62.157555118989826,3,5,1,2,4,1,0,Non-Dropout
216,10,0,67.28073996534471,30.909189876643836,55.49392885388897,41.58228232215658,2,3,0,3,2,0,0,Non-Dropout
217,17,0,65.63592480108186,90.97171405286885,84.86422217288329,48.57237622796812,3,2,1,1,2,1,0,Non-Dropout
218,16,1,71.82464253678532,48.60400078439642,64.75585388880302,46.94089479138266,4,1,0,3,5,0,0,Non-Dropout
219,11,1,78.76234843677342,53.98215535202608,100.0,76.53125712877362,12,2,3,5,3,0,0,Non-Dropout
220,17,0,100.0,96.27907874446436,71.43619787749802,67.57549896112745,7,4,0,3,1,0,0,Non-Dropout
221,10,0,43.069497248485995,60.14979135411114,39.83494702548306,60.75523890513594,8,1,0,5,5,1,0,Non-Dropout
222,18,1,75.30293190929662,88.03575142454139,59.078149370552396,81.58341358233541,3,2,0,3,2,1,0,Non-Dropout
223,18,0,66.47461562582436,100.0,86.38301988883266,79.4618905436963,6,5,0,3,3,1,0,Non-Dropout
224,11,1,37.33135653334117,79.01393971304724,54.99571811264033,81.58153516838874,6,1,2,3,5,1,0,Non-Dropout
225,16,1,83.74296085477592,92.78571698428327,69.56953804412508,61.369339550091986,6,1,0,5,3,1,0,Non-Dropout
226,19,0,71.31759839872922,76.61346391205366,94.46138510781452,43.78446783668903,3,7,2,2,3,0,0,Non-Dropout
227,12,0,76.99709439230234,77.54012170557093,98.22168882375176,90.59748618745905,5,0,0,4,1,1,0,Non-Dropout
228,16,1,39.50871582353476,62.301418083235454,56.88955396168358,72.86313184258991,6,1,1,1,4,1,0,Non-Dropout
229,19,0,61.693746087526875,100.0,63.57942465587277,73.17399834616405,4,3,1,4,3,0,0,Non-Dropout
230,18,1,48.81204582658556,89.8568898823066,72.42061654226336,75.13803624192084,6,3,0,2,2,0,0,Non-Dropout
231,13,1,97.44651414020917,85.43610548905347,100.0,100.0,5,5,0,1,1,1,0,Non-Dropout
232,10,1,82.16825518616572,90.40589516159207,42.50491775889498,63.49339208340351,8,2,2,3,2,1,0,Non-Dropout
233,11,0,54.78548325071807,61.45419329767314,78.99311991154113,86.54724236444041,7,2,1,3,5,1,0,Non-Dropout
234,10,1,41.950416485755966,93.61943771704897,71.3860212708054,52.21078253091329,4,2,0,2,2,0,0,Non-Dropout
235,14,1,67.91082599575633,100.0,47.57449570633818,77.22848364029747,5,3,2,4,2,1,0,Non-Dropout
236,14,1,81.3863300344154,47.38604756599128,100.0,91.75162853763734,3,4,2,2,3,1,0,Non-Dropout
237,16,1,38.974195918461064,85.83125603076705,94.75850903201302,64.29556779341247,5,4,1,3,3,1,0,Non-Dropout
238,18,1,51.023379935102454,76.25580139667584,100.0,36.216105963607234,10,3,1,5,2,0,0,Non-Dropout
239,18,1,48.41622936479062,64.6163012724901,99.50506766669807,73.50518942846608,4,4,1,1,1,1,0,Non-Dropout
240,12,1,78.0041924886588,53.134880191096094,70.25498857109174,61.74637815345447,6,3,1,4,5,1,0,Non-Dropout
241,12,1,59.452563671832316,96.03839325975957,85.4856142514306,77.66388112487212,5,5,2,3,3,0,0,Non-Dropout
242,12,1,60.08095216433742,79.15979325849912,78.29584968097102,58.003834583238685,4,3,0,2,3,0,0,Non-Dropout
243,13,1,67.61982020958452,70.85739992995585,47.32294553025531,100.0,1,3,1,5,1,1,0,Non-Dropout
244,17,1,51.825787815064785,85.84764226999644,37.38985346516482,66.59647747321019,8,4,1,5,2,0,0,Non-Dropout
245,15,0,43.34469894908653,72.45038424961764,79.22524089292797,76.8661726467211,5,4,2,1,3,0,0,Non-Dropout
246,17,1,85.54527743540427,60.918565565058415,72.41182497337275,50.004642923044145,3,2,0,3,5,0,0,Non-Dropout
247,10,1,86.93728562719392,77.57904095891098,61.58966415730417,47.37397173143056,4,3,1,3,3,1,0,Non-Dropout
248,17,1,67.69373689194768,74.43988072836297,67.69077825660457,45.54686138527687,3,6,2,3,5,1,0,Non-Dropout
249,13,0,68.7823325850143,39.51624096963271,100.0,45.647756260576585,6,4,0,5,3,0,0,Non-Dropout
250,10,1,83.91520964870011,62.408668104481144,15.509754668884128,75.17695699498536,7,2,1,5,1,0,0,Non-Dropout
251,17,0,67.3498033490561,49.71209997597852,85.99740817134068,55.95481515384542,6,2,0,2,1,1,0,Non-Dropout
252,13,1,58.713831410845316,41.97195449688602,91.06302852676218,45.94956632210821,4,0,0,2,3,1,0,Non-Dropout
253,15,1,65.59008690166195,84.35398745845238,94.1931024168414,54.54963315445011,1,2,5,3,5,1,0,Non-Dropout
254,17,0,85.89752955751209,61.62466140340184,35.5411505882211,75.55458562866808,5,2,0,3,2,1,0,Non-Dropout
255,13,1,65.79982502643209,95.82812591038251,62.6701811149239,75.18030533669562,4,3,3,1,4,1,0,Non-Dropout
256,12,0,54.959261980196715,38.42807367312116,61.42143032925533,79.95352777328476,4,0,1,5,1,0,0,Non-Dropout
257,18,0,67.20503073927647,69.04492130333549,77.29964607190145,60.77708183329139,9,4,1,4,3,1,0,Non-Dropout
258,12,1,74.84334706303646,62.68147381447116,41.764818640928326,94.95681770010785,4,2,2,2,2,1,0,Non-Dropout
259,18,1,73.04380242358548,43.44070651593255,79.46193831089265,81.23020054155378,2,7,0,3,1,1,0,Non-Dropout
260,11,1,73.29235922107415,75.10174064362954,47.880844601839584,47.38764177826734,2,4,2,3,2,1,0,Non-Dropout
261,11,1,52.59983481299855,45.18670907404135,62.56050001466269,77.18208705841519,5,7,3,4,2,1,0,Non-Dropout
262,11,0,76.55155349837685,79.45431679244571,100.0,65.28662708650654,4,1,2,5,2,0,0,Non-Dropout
263,15,0,65.42698908818434,89.41517518546908,91.05384418065074,62.523884901939596,5,4,1,3,1,0,0,Non-Dropout
264,12,1,54.323132487958176,80.35106352649512,73.0956769940732,65.14764458542965,4,1,3,3,3,1,0,Non-Dropout
265,18,0,76.4322757047805,82.8776699195174,35.19351781509665,55.01063538096797,6,3,0,5,4,1,0,Non-Dropout
266,13,0,58.19541726624854,95.62469810148002,78.30950928456771,80.13495017638006,6,2,0,3,3,0,0,Non-Dropout
267,10,1,41.3855397716667,74.46473197745924,79.98983324219687,56.32650473204747,7,2,4,2,4,0,0,Non-Dropout
268,13,0,49.99096428334517,58.47944714229626,17.514637583180544,56.59753835398433,11,2,2,1,2,1,1,Dropout
269,10,0,62.275446004293755,62.820969896877514,78.77122440767627,76.4029033294955,3,0,1,1,4,1,0,Non-Dropout
270,14,1,73.67453423166918,63.252517706035505,43.098344531175755,97.55714491402486,7,3,1,3,1,1,0,Non-Dropout
271,13,0,52.038950718678635,54.13322596912797,33.01061932452077,57.546128897421475,6,4,2,3,4,0,0,Non-Dropout
272,17,1,61.39006309343698,90.68422606884714,41.950464444089434,46.30212379675103,2,2,1,4,1,0,0,Non-Dropout
273,17,0,46.75089152505413,85.53805657366746,15.963028165388941,82.09766776856455,2,3,0,2,3,0,0,Non-Dropout
274,16,1,79.73049374359717,41.699935298383245,59.810335135294565,67.9256350201864,8,3,1,2,2,0,1,Dropout
275,12,0,90.75996670933327,58.4735107436932,44.868000390339574,72.53525335865847,3,2,2,4,2,1,0,Non-Dropout
276,10,0,89.13923786732481,53.16029290237067,98.51460314092418,65.51492161964674,6,8,0,1,2,1,0,Non-Dropout
277,10,1,79.47469325729207,81.3469201150682,61.02346480334033,73.90392119985839,5,2,1,4,5,0,0,Non-Dropout
278,12,1,77.93764935680392,96.53019022246713,52.00431870796331,70.45830696703574,7,4,0,2,2,0,0,Non-Dropout
279,15,1,33.92180713395196,83.96372046683567,30.175041484896767,57.14808436243298,3,5,0,2,3,1,0,Non-Dropout
280,16,1,67.65759848330158,60.97615076706674,59.30179276746312,75.55816470360087,5,2,1,2,3,1,0,Non-Dropout
281,15,0,57.55861064510138,68.62043395322893,100.0,72.50150871169737,0,3,2,1,2,0,0,Non-Dropout
282,15,0,78.20699541567352,47.142974868633985,100.0,59.43200559105685,4,6,1,4,3,0,0,Non-Dropout
283,15,0,26.93603186478007,48.676749664363186,60.881489804944096,62.404720670038884,3,5,0,4,1,0,0,Non-Dropout
284,12,1,67.89451554155268,91.92099429849385,68.26229101082467,53.21172598125124,6,4,1,2,3,0,0,Non-Dropout
285,15,0,61.783343242513965,100.0,87.5725671575728,71.92832401759135,8,3,2,5,3,0,0,Non-Dropout
286,17,0,81.77644899397106,60.70462942380866,44.36147600939901,72.09240732394102,3,3,0,3,4,0,0,Non-Dropout
287,11,1,88.21980580512107,75.9623764026506,79.22653455543582,64.41883230624943,2,3,3,3,4,1,0,Non-Dropout
288,14,1,51.067309744808476,89.41047520002537,100.0,47.91909199997339,3,6,0,4,2,1,0,Non-Dropout
289,10,0,51.74434346154777,41.723155963223,89.12784668492387,34.662078284851816,4,5,1,4,2,0,0,Non-Dropout
290,10,1,68.4574493181757,54.026267767288076,88.33043833868942,61.529112613112204,3,4,2,3,4,1,0,Non-Dropout
291,14,0,91.00644037282312,100.0,100.0,68.54922906774618,3,2,1,3,5,0,0,Non-Dropout
292,12,0,65.90217015924524,55.845670042211836,92.59460344560667,74.6701576466759,4,4,3,3,2,1,0,Non-Dropout
293,13,1,45.81257876968505,67.76331381161684,63.67951711680398,81.99210175380196,5,3,1,3,5,1,0,Non-Dropout
294,12,0,55.91197330755061,62.94131279207936,40.50505976743818,59.64335599708237,5,2,1,3,5,1,0,Non-Dropout
295,10,1,68.03996246695192,35.10441284220053,66.66264799830388,41.268754445899916,8,4,1,3,1,1,1,Dropout
296,10,1,68.60303642845935,76.65445077008836,45.75796585132832,57.29485063475856,6,5,1,2,2,0,0,Non-Dropout
297,14,0,54.4386854661144,74.49496751402265,62.95303678887366,97.7489944829878,4,1,1,4,4,1,0,Non-Dropout
298,15,0,55.613139593305675,78.61702428840248,48.21881314633083,89.66349885481776,5,3,2,2,1,1,0,Non-Dropout
299,12,0,50.27648008165403,73.30848885303966,60.253221677842966,71.42134563871461,8,5,1,3,2,1,0,Non-Dropout
300,18,1,82.11756775780694,65.80278118023617,32.866851705609086,58.525876884199604,4,0,0,3,3,1,0,Non-Dropout
301,14,0,52.478372310599156,64.65455599295889,52.66715584970845,63.63081328765417,2,2,2,3,1,1,0,Non-Dropout
302,17,1,58.028086941225745,64.99647941680081,80.13782798304302,90.72049064222874,6,3,2,2,2,1,0,Non-Dropout
303,10,1,57.60120625214071,55.2262056230615,86.4484476870777,68.14986447885498,3,3,2,3,3,1,0,Non-Dropout
304,14,0,40.91064128726913,58.323907752253845,81.02360467985184,59.292420256259696,5,2,1,4,4,0,0,Non-Dropout
305,12,1,52.04877042773276,55.56172640539283,60.60044197488484,84.89374547761426,4,4,1,1,1,1,0,Non-Dropout
306,10,0,83.42206398929807,86.46820987790468,73.1205646354458,35.784873033377735,4,1,1,3,3,0,0,Non-Dropout
307,13,0,46.860682373139085,81.12205140916025,100.0,49.93158007977597,7,2,1,1,5,1,0,Non-Dropout
308,14,0,50.54536547260449,75.54267696363674,51.98129794130477,52.925725710510655,2,1,3,3,2,1,0,Non-Dropout
309,16,0,45.011813393311115,100.0,100.0,80.02439014065142,8,6,2,2,2,1,0,Non-Dropout
310,10,0,63.640826596531085,56.48609380111147,33.903513347358995,56.588287707769844,6,2,0,4,4,1,0,Non-Dropout
311,12,0,93.28215081899435,97.37553630506594,27.27906318696403,38.404578850417465,8,0,0,2,1,1,0,Non-Dropout
312,11,0,63.00958667709393,69.79939651024458,66.31796186550888,54.61725653005226,4,2,0,2,2,0,0,Non-Dropout
313,18,1,66.00143188031585,78.1432936988053,69.06379087275761,57.93566648437632,7,2,2,4,2,1,0,Non-Dropout
314,19,0,53.06829146199517,88.42272462921565,41.73421583746976,63.98758460945162,5,1,1,5,3,1,0,Non-Dropout
315,15,1,64.07572932811591,65.4492692461611,61.772171958137086,66.92349262620996,5,8,1,1,3,1,0,Non-Dropout
316,19,1,83.43575459521423,53.86604323652767,80.06545995022817,79.51510483560135,9,0,2,2,3,0,0,Non-Dropout
317,12,1,67.1436408145726,57.164483379499885,45.628308104825265,60.31950705878965,4,4,0,3,4,0,0,Non-Dropout
318,17,0,96.97655123093246,32.87432365932868,95.39780292776288,56.25865477753475,1,4,1,5,2,0,0,Non-Dropout
319,17,1,83.89219568458537,87.13592314642571,98.12904685035832,65.70044946499046,5,4,0,3,2,1,0,Non-Dropout
320,11,1,63.705254818326004,86.65479253320237,100.0,68.63973384322847,5,1,1,3,4,1,0,Non-Dropout
321,15,0,63.41318186611827,100.0,47.30250110486355,55.98005183873372,5,4,1,3,5,1,0,Non-Dropout
322,16,0,89.46384706435447,83.2985781813742,50.55333268141641,39.45476883301775,7,5,0,4,1,1,0,Non-Dropout
323,11,1,67.05988363782843,88.10449494852722,65.67817311550687,57.65151494916257,8,1,2,2,2,1,0,Non-Dropout
324,19,0,86.13382340407584,73.36907288261285,63.19393706359904,77.11153685043926,7,7,0,1,5,0,0,Non-Dropout
325,11,0,95.0436101019,84.29758441632089,61.85773542944195,63.81777624845159,9,2,2,4,2,0,0,Non-Dropout
326,19,0,61.93670948263836,96.7918586731984,88.89395117394608,83.6577651441569,4,2,3,1,2,1,0,Non-Dropout
327,10,0,70.27933048902523,78.62944433717283,85.29177652444659,72.53832114437616,6,1,0,5,1,1,0,Non-Dropout
328,17,1,79.70006276849568,64.575368843225,48.135875057486814,57.08118590266621,7,3,1,2,2,1,0,Non-Dropout
329,10,0,76.51250058533779,70.59547530876957,41.47092585482035,87.03558073444943,4,3,1,5,2,1,0,Non-Dropout
330,18,0,76.40736099380752,90.03727206467003,39.02317567824676,51.964182024084074,7,5,1,3,5,1,0,Non-Dropout
331,15,0,44.997892592333976,65.17473187448338,48.023547700042755,39.87262915021536,5,2,0,4,1,1,0,Non-Dropout
332,16,1,52.273749077573015,92.78132652342303,91.14724100582572,70.16116997586053,5,1,0,5,2,0,0,Non-Dropout
333,19,1,57.570994685882184,100.0,73.58322429181496,53.241877681047185,3,1,0,3,1,1,0,Non-Dropout
334,16,0,83.21631205203013,93.02924269663612,93.14622926776372,64.14984831863315,5,3,1,4,3,0,0,Non-Dropout
335,19,0,46.46937639309671,89.94271806417493,27.49951286090804,48.92036112005162,4,3,0,2,5,1,0,Non-Dropout
336,12,1,87.84840060768259,81.95264522115009,76.83477759963225,65.06811057366977,1,1,0,2,1,0,0,Non-Dropout
337,11,0,76.69751171118024,59.4626103283564,76.51477862850149,72.27193223143468,8,2,1,2,3,1,0,Non-Dropout
338,18,0,82.31345337084161,57.648360679271754,100.0,74.48867999066002,8,1,2,1,1,1,0,Non-Dropout
339,17,1,51.05700384132502,57.44755219701019,59.772688946087726,47.925841232559435,3,0,2,3,2,1,0,Non-Dropout
340,19,0,66.08453544035196,86.09464137697115,58.004364071744355,44.68817949840532,4,5,0,3,3,1,0,Non-Dropout
341,16,0,69.48414179196975,67.21074225425859,100.0,70.96223663229715,6,6,0,2,5,1,0,Non-Dropout
342,18,1,68.8245050303404,74.42015216162599,65.72466847392947,59.306402048713245,5,1,0,3,2,0,0,Non-Dropout
343,13,1,69.43486101270076,83.37312861305729,74.4317678676574,56.648559851316875,5,3,0,4,2,0,0,Non-Dropout
344,13,0,60.852102794073325,58.191574234828614,81.90746780900199,63.23602086687518,6,3,1,1,1,1,0,Non-Dropout
345,10,1,67.02810621595489,64.96152400744015,28.306072407353476,62.44390176860217,3,0,1,4,3,0,0,Non-Dropout
346,17,0,80.5034593259778,81.45765603258474,71.0275533929732,70.60929152868282,9,3,0,2,2,1,0,Non-Dropout
347,12,0,47.50231537338665,69.18292261781328,38.871558056168354,72.31267403244249,5,2,0,1,2,1,0,Non-Dropout
348,16,0,88.20575178358105,71.05097936884809,67.80926595071027,79.7583859651254,5,4,1,4,3,1,0,Non-Dropout
349,11,1,79.72848434552671,54.346899674065526,62.63590609867123,61.12657822784016,3,5,0,4,2,0,0,Non-Dropout
350,11,1,50.521971609750004,71.32176965302533,57.340778019888106,79.9365796414688,2,2,0,1,5,0,0,Non-Dropout
351,16,0,70.75754065182983,100.0,85.66681708921769,73.8127610910982,2,5,3,1,4,1,0,Non-Dropout
352,15,0,78.52248164237066,66.07294989598107,72.43492055187012,78.09536231264126,7,4,2,5,2,1,0,Non-Dropout
353,12,1,46.47060014171474,52.059783699118356,43.477438330886926,48.398460558113754,5,3,1,5,5,1,0,Non-Dropout
354,18,1,65.62967650064901,94.1627231522281,42.62890636933235,63.45411255801217,9,6,1,3,5,0,0,Non-Dropout
355,19,1,63.82227048747491,85.46709863683253,91.00376645259108,93.42857476894144,3,1,1,4,1,0,0,Non-Dropout
356,15,0,55.31629186239658,79.25236885035217,69.05553629486016,44.432143361226096,7,7,1,2,4,1,0,Non-Dropout
357,19,1,66.3853525514602,48.627160683349985,34.397478756805846,91.87305697517525,7,1,3,1,2,0,1,Dropout
358,19,1,55.995701360558144,51.467726336038595,59.58760722351266,91.20924984576568,6,5,2,5,5,1,0,Non-Dropout
359,15,0,85.61460603456106,44.25362300405958,66.06377676960041,75.97943096662745,5,1,1,3,2,1,0,Non-Dropout
360,10,0,55.60033518008885,83.63063002300895,39.151952788480756,44.79882250033459,9,5,0,2,4,1,0,Non-Dropout
361,13,0,76.87968410019738,95.39737857003462,54.076944044511094,61.751268106637774,5,7,0,3,2,1,0,Non-Dropout
362,19,1,40.16920418569754,84.3053521354429,92.94636383112797,76.88848705147404,5,2,0,3,5,1,0,Non-Dropout
363,15,0,62.572852942250584,100.0,100.0,45.112909507071876,3,3,2,2,3,1,0,Non-Dropout
364,15,0,65.18466736027038,66.16192673669181,77.56655649833203,75.14347696459201,5,4,0,4,2,0,0,Non-Dropout
365,14,0,62.08563424076704,68.52661117330325,36.12821965919664,66.61984019725163,4,2,0,1,3,1,0,Non-Dropout
366,10,0,59.05522554206914,77.13123782789755,64.55853961918693,56.46505400231689,5,1,1,2,2,1,0,Non-Dropout
367,17,1,54.98727461982317,70.41003168513372,73.05074795422733,48.211771256388616,2,1,2,2,4,0,0,Non-Dropout
368,14,0,76.31811170022354,84.97421819699619,89.6585912662593,86.88575069031413,6,2,1,3,1,1,0,Non-Dropout
369,14,1,79.9918678264307,62.20758122122557,90.24980347830875,76.6516349404648,4,6,1,4,3,1,0,Non-Dropout
370,16,1,63.76758671215025,47.10551310115005,100.0,62.52582118685829,2,6,1,3,3,1,0,Non-Dropout
371,13,1,48.5504373796754,39.213188420168315,69.96123007547044,65.52235408506151,4,4,0,2,2,0,0,Non-Dropout
372,15,0,91.90923997080242,84.61025247530745,70.44196254592192,60.98257413299567,2,6,2,2,2,1,0,Non-Dropout
373,13,1,51.80303850638179,64.4817775878108,22.801576460213226,37.884211974310375,5,3,0,2,2,0,0,Non-Dropout
374,12,0,43.108666122752794,51.60918039097648,44.68052115198664,84.32733624609446,4,2,2,2,2,1,0,Non-Dropout
375,16,0,34.81067125220345,62.618818600015665,35.94370546910168,68.28264040828596,3,1,1,3,5,0,0,Non-Dropout
376,17,0,66.4917784536899,100.0,48.98396123692726,79.31571995627252,4,4,0,3,2,1,0,Non-Dropout
377,13,1,61.738754217271456,52.78213214327609,41.20320295689133,58.186553292893024,6,6,2,2,5,0,0,Non-Dropout
378,11,0,80.46434973719509,89.54383060699604,42.89518727636318,66.38207285286676,5,3,1,1,2,1,0,Non-Dropout
379,19,0,74.16626845168321,83.421871428983,97.23195584238286,69.79885400003425,4,2,0,2,3,0,0,Non-Dropout
380,12,0,69.35301836877557,100.0,21.910178569234155,80.46737050978703,4,2,1,2,1,1,0,Non-Dropout
381,10,1,60.92949206805876,72.53814256771722,65.04121446193645,91.89494631106682,6,2,1,1,1,1,0,Non-Dropout
382,17,1,81.649659082965,43.7931120313862,91.60393146169517,59.768727770731914,4,3,2,2,2,1,0,Non-Dropout
383,12,1,93.01084852628799,94.85090609561524,62.46267777507832,59.78574830827807,4,5,0,2,2,1,0,Non-Dropout
384,19,0,80.13468798694856,70.00355369774421,100.0,61.31436783675023,5,2,1,3,3,0,0,Non-Dropout
385,16,1,58.04702553726185,100.0,55.01071576709073,56.055490300547916,8,2,1,3,3,1,0,Non-Dropout
386,19,0,76.72348330823263,91.31937786623388,100.0,100.0,5,3,0,2,2,0,0,Non-Dropout
387,14,0,58.968654117991775,94.91739184761263,30.78457275158503,39.77616915356302,7,5,2,2,3,1,0,Non-Dropout
388,19,1,48.42399026210038,100.0,100.0,100.0,8,5,3,3,1,0,0,Non-Dropout
389,14,0,51.51441406817082,80.63996089791915,47.644042790475055,74.58007287890187,4,2,0,2,4,1,0,Non-Dropout
390,16,1,59.62732393793382,100.0,100.0,63.761339360697704,3,4,0,1,3,1,0,Non-Dropout
391,18,0,66.55939518445317,66.90308931940584,58.29823052658436,52.43552237196073,3,4,1,2,2,0,0,Non-Dropout
392,14,1,95.90871728863189,85.8142279333134,97.61477747257696,64.39301405110237,5,2,2,2,1,0,0,Non-Dropout
393,10,0,51.774657865821986,64.95458560856272,100.0,56.54381200989503,2,1,0,1,4,1,0,Non-Dropout
394,19,0,84.85232734536993,84.58479678115259,55.55118604556467,85.70538686746099,6,3,1,2,2,0,0,Non-Dropout
395,19,0,60.24110672461146,82.49610994546875,95.54742004712348,74.46543803462879,7,3,1,3,2,0,0,Non-Dropout
396,10,0,34.75422518831984,33.7886691298784,69.30084853057365,90.0637520805653,7,2,0,1,2,1,0,Non-Dropout
397,11,0,57.41410995604493,62.76544212686426,33.43494432067025,60.6439082974011,2,3,1,2,3,1,0,Non-Dropout
398,15,1,82.65045489751536,79.60631409744687,82.70774264151126,67.12013493398432,5,5,0,1,1,1,0,Non-Dropout
399,18,0,70.17004278993853,29.852140355780406,44.5857215605384,63.53894918641637,6,5,1,2,4,0,1,Dropout
400,17,1,71.06676797995935,73.0831125858963,53.674632547991,59.39285466881523,5,2,2,2,1,0,0,Non-Dropout
401,14,1,84.9275601326657,95.16940579679232,47.68039240128694,49.564415364617645,3,4,2,5,1,1,0,Non-Dropout
402,10,1,49.454955665964086,100.0,79.45543202528637,75.79060341589806,4,2,0,3,2,1,0,Non-Dropout
403,16,0,49.22374354861625,59.35110572643137,45.36053147031123,70.1154381444485,4,5,0,5,4,0,0,Non-Dropout
404,14,0,31.04407086055364,100.0,39.341140363827705,64.2914366991419,3,5,0,1,3,1,0,Non-Dropout
405,15,0,78.15623106864177,99.16233026339198,43.91570680508512,72.54415940734192,7,2,2,5,3,0,0,Non-Dropout
406,16,1,73.43726350444405,32.04218605522272,52.25551606968013,58.81786971693698,5,4,2,3,2,1,1,Dropout
407,12,0,75.85949779386671,77.31583825968647,82.41671982951598,65.22800315064369,7,6,0,2,3,1,0,Non-Dropout
408,19,0,47.25483163914829,79.52858422423937,92.72680607213692,77.93048329374872,5,3,0,4,1,0,0,Non-Dropout
409,12,1,40.93626566120221,100.0,92.36868874912133,79.97970553482428,2,1,1,3,4,1,0,Non-Dropout
410,14,1,45.205725373500016,80.72769921850154,69.13110314883842,87.92281599073382,4,4,2,1,3,1,0,Non-Dropout
411,15,1,51.16141591461944,100.0,68.48605518641516,48.35668941782464,4,2,0,3,3,1,0,Non-Dropout
412,18,1,88.30938363369282,59.38436629205806,65.40688860798873,50.56062882945441,2,1,1,3,5,1,0,Non-Dropout
413,14,1,80.00190085673752,43.03901493202272,81.10380052052662,47.721127180886036,6,4,2,1,3,0,1,Dropout
414,10,1,58.126690390695195,62.043236247557886,97.98983889739092,55.27679798404628,4,1,0,3,1,1,0,Non-Dropout
415,13,0,69.48877989889978,100.0,66.22255487476808,59.97200847281596,6,3,2,2,2,1,0,Non-Dropout
416,14,1,54.82456630778392,93.51838760012893,83.31589358255867,71.5558953806308,4,8,3,2,1,1,0,Non-Dropout
417,19,0,70.46419641172486,100.0,38.989238554194046,82.46823627360078,2,3,0,1,5,1,0,Non-Dropout
418,19,0,47.928563933870024,46.13341109179726,91.31687109037705,59.092123711597345,4,4,1,3,1,1,0,Non-Dropout
419,14,0,76.25377168960897,95.82643959387124,75.4017023063388,73.60959239095257,1,4,2,5,1,1,0,Non-Dropout
420,16,1,52.2544505362341,90.09732399546843,44.18543905015349,84.16993508306896,9,2,3,3,2,0,0,Non-Dropout
421,13,0,77.08872542814736,69.29366525674078,96.73211375418377,58.171134538571216,2,2,3,5,1,1,0,Non-Dropout
422,10,1,58.58865637708487,90.51855183325449,38.96954939942409,60.780541186583655,5,2,0,2,3,1,0,Non-Dropout
423,14,1,53.14886069602589,77.79929621846969,13.127117771996161,65.9917185789339,6,2,0,2,2,1,0,Non-Dropout
424,16,0,89.19495075874484,84.20615031083004,91.16958370487689,39.86568566974157,5,5,0,3,4,1,0,Non-Dropout
425,19,1,67.65419277340648,88.61099862007164,79.63422277923242,72.6694660749399,4,2,1,3,1,1,0,Non-Dropout
426,19,0,60.16727943427164,94.60218590510117,39.72454120744492,46.927267318929566,3,1,1,2,1,0,0,Non-Dropout
427,15,0,76.37267462526896,76.73623332320807,78.88382203098801,76.8455949143563,7,1,0,2,3,0,0,Non-Dropout
428,14,1,44.90013395637672,100.0,99.24695629115325,58.5358651619522,2,5,0,1,1,0,0,Non-Dropout
429,13,0,81.60295383890538,70.68549350209763,76.52943866083329,57.344058361581126,0,2,2,3,1,0,0,Non-Dropout
430,11,0,62.90832940387326,100.0,100.0,50.320190962929104,5,0,0,2,1,0,0,Non-Dropout
431,13,0,74.01181573502656,52.44312143115163,48.724643653271656,73.11499123237817,4,0,1,1,3,1,0,Non-Dropout
432,19,1,41.781898084653704,55.29880950641465,14.108559633585422,73.01714927134802,3,1,1,3,3,0,0,Non-Dropout
433,19,0,59.26361062800507,56.46979469288351,34.725808603676285,58.172706739271774,3,3,1,1,2,1,0,Non-Dropout
434,12,1,65.06870209018226,94.13721563451367,12.640462264907427,91.96470644484324,7,3,1,5,2,1,0,Non-Dropout
435,19,1,80.45448820427792,58.890769613855895,100.0,65.51448011258914,6,4,0,3,2,0,0,Non-Dropout
436,10,0,75.20616595906225,100.0,69.87648654933133,64.79062120840524,5,5,2,3,2,1,0,Non-Dropout
437,17,0,59.11284443573875,64.47052578254275,100.0,65.88958749264071,4,3,2,3,2,1,0,Non-Dropout
438,14,1,69.76921635985072,82.98571396496757,61.13616251593348,54.79521804218319,4,5,0,2,1,0,0,Non-Dropout
439,13,1,83.84853652590473,87.8017505087347,47.372791029222526,50.092325726405534,6,4,0,2,2,0,0,Non-Dropout
440,17,0,62.0001727486616,54.68511353801355,26.74812804430657,59.39703973386132,6,2,2,3,2,1,1,Dropout
441,16,0,60.36702559347039,47.184531264605894,60.081164240439804,74.50975423188135,3,2,3,5,5,0,0,Non-Dropout
442,11,1,36.654430358706314,80.65766400068358,91.10521622087006,37.230327503889306,3,2,0,2,3,1,0,Non-Dropout
443,10,1,60.81391496985785,69.45516739535071,64.38469418826251,42.507058916974174,3,0,1,3,4,0,0,Non-Dropout
444,13,1,38.905594419732175,84.96898015768409,30.06231063117989,55.88668893918008,1,1,1,5,2,1,0,Non-Dropout
445,17,1,63.284979814501895,48.08683841390721,86.32811537620076,38.08875141332592,6,2,3,3,3,1,0,Non-Dropout
446,11,1,79.82202714864121,67.86485664188433,90.96994052502735,43.749345365829285,5,5,1,2,3,1,0,Non-Dropout
447,12,0,33.20540787429777,71.36324716816195,56.75363223515647,77.14193454474446,6,1,0,3,1,1,0,Non-Dropout
448,10,1,83.51313236931185,26.25060527118815,53.62363224315844,58.426064837804034,3,5,0,1,2,1,1,Dropout
449,10,1,60.04665310015702,94.90914541914333,27.266357028952676,52.311534997953316,4,3,1,1,2,0,0,Non-Dropout
450,12,0,64.59252699310092,59.85116309767816,85.70169992329923,67.09936020056928,6,3,1,2,3,0,0,Non-Dropout
451,14,0,57.463703297921874,100.0,58.4417745730389,66.72486346586763,8,3,0,4,2,0,0,Non-Dropout
452,12,1,39.30144676177011,61.143385641717146,3.030496650009823,82.4690493794461,5,3,1,1,2,0,1,Dropout
453,10,1,53.255162385556396,64.57346528014098,32.87282365439061,38.30685321238083,1,3,2,3,4,0,0,Non-Dropout
454,10,0,96.46115102674227,50.16175762879044,84.05545963493212,51.10343491585325,4,1,0,1,4,0,0,Non-Dropout
455,17,1,48.55931755619822,97.9322546217719,61.45215736154177,56.04482258570723,5,4,1,3,2,1,0,Non-Dropout
456,19,1,41.171864574116746,84.08323699020397,41.613552725331786,70.86704742164645,5,3,0,1,1,0,0,Non-Dropout
457,11,0,67.11936541110654,100.0,71.34482194618496,100.0,4,3,0,3,2,1,0,Non-Dropout
458,12,1,63.71335227241526,70.85302013123308,48.998815145447665,73.79571615959792,5,3,0,2,3,0,0,Non-Dropout
459,11,0,60.15005313806528,74.16568506433842,53.93064629932711,61.01184226711303,10,3,2,2,4,1,0,Non-Dropout
460,12,0,65.21671915028384,41.35973536459342,63.261764483870905,46.80077155893351,3,6,2,1,2,1,1,Dropout
461,16,0,74.66303916044235,62.519112462609804,100.0,44.923667588558736,4,3,4,4,5,1,0,Non-Dropout
462,10,0,56.192546003220286,78.40997309534579,100.0,78.54717907314186,10,1,2,3,3,0,0,Non-Dropout
463,19,1,67.91615312423924,82.74401674932811,20.720510641045237,53.07833613426479,2,0,0,3,4,0,0,Non-Dropout
464,17,0,80.35811993195006,100.0,68.38477137300113,59.68874950627652,3,2,0,3,3,1,0,Non-Dropout
465,19,1,50.07066999867808,37.981056875154934,33.694835376985054,89.85903614771696,3,4,1,3,1,1,0,Non-Dropout
466,19,1,30.167279840920564,79.58909501607755,43.41903828469813,39.280660692018245,6,0,1,2,1,1,0,Non-Dropout
467,19,1,75.06212738143874,67.47525447805387,23.527771538132015,69.05725664164869,3,5,1,2,1,0,0,Non-Dropout
468,11,1,100.0,76.51007186476564,48.30668169698981,51.44541544953557,5,3,3,2,3,0,0,Non-Dropout
469,12,1,64.88968019526777,77.05432502620455,40.1697161267125,89.54406356877865,11,4,2,4,4,1,0,Non-Dropout
470,18,0,68.02898301598934,71.17630875499532,95.63851443359076,50.921326212623725,6,3,1,1,3,1,0,Non-Dropout
471,16,0,60.56287350359014,52.337841637330804,48.95174390313365,75.03375758792077,1,5,4,2,4,1,0,Non-Dropout
472,13,0,88.82091262265388,48.6244561898767,21.354361653845856,37.87734946772207,7,3,0,3,2,0,1,Dropout
473,19,0,63.833646005827,69.70176430407012,69.92939992276753,88.29917222066238,3,5,0,3,1,0,0,Non-Dropout
474,14,1,62.201537599775975,46.587650059700856,65.57680314438343,78.795857800621,3,4,0,3,2,1,0,Non-Dropout
475,11,0,78.66295721403804,72.74191441730233,63.41126989780572,56.657106848252305,4,1,0,4,1,1,0,Non-Dropout
476,17,1,57.73590556704767,69.93261115722153,85.24996675094269,70.8947465023975,5,6,1,2,4,1,0,Non-Dropout
477,13,1,45.729594483862186,25.999293965802664,100.0,79.35990099147273,5,2,3,2,2,1,0,Non-Dropout
478,18,0,78.23450569318541,100.0,63.04589800770931,67.29248421136398,6,9,1,1,4,0,0,Non-Dropout
479,14,0,56.126791884917814,76.54515332291838,76.64208369188239,59.17179201106788,7,4,2,4,1,0,0,Non-Dropout
480,18,0,50.368099584859806,26.252197196509222,63.68210138375592,63.5286980274829,4,3,1,2,4,1,0,Non-Dropout
481,13,0,96.5007223785978,79.94265864417709,82.66230584516173,66.65037387333861,8,3,1,3,1,0,0,Non-Dropout
482,19,1,62.32104795165932,70.9322136129694,33.25767309987594,65.84513725952458,8,2,1,4,5,0,0,Non-Dropout
483,14,1,72.41339123446,48.64468620558659,85.43361050637813,71.51779022312994,8,2,0,1,3,1,0,Non-Dropout
484,18,0,65.44292361511665,81.18605881548518,77.0755287025982,49.68131017844641,1,1,1,1,3,1,0,Non-Dropout
485,17,1,51.70520764444507,56.156922896207966,46.012083723252545,55.27695527345414,6,1,1,1,3,1,0,Non-Dropout
486,12,1,75.34150430032884,78.86065257664895,100.0,59.14751289455249,7,1,0,1,2,0,0,Non-Dropout
487,10,1,69.71868475680087,60.969806532216595,36.014195066245136,72.06504463562035,0,3,3,5,2,0,0,Non-Dropout
488,12,0,55.10930252540101,56.888417650400285,78.24433544251073,42.07909692881414,8,2,0,3,5,1,0,Non-Dropout
489,13,1,71.49785506784508,74.68932303929162,46.0697596348952,67.30851466143193,4,4,2,2,2,0,0,Non-Dropout
490,11,0,57.28534858804997,42.55814043659064,84.45006563699326,76.71176856735441,6,0,0,2,3,1,0,Non-Dropout
491,10,0,48.43256959837205,73.34925548779768,100.0,65.72602393550412,4,3,1,1,2,1,0,Non-Dropout
492,16,1,46.91499118471815,88.1450755602598,89.38885542725166,66.12819754895045,7,0,0,1,4,0,0,Non-Dropout
493,17,1,69.05087931444469,100.0,67.09884882713345,60.46246416948143,11,4,0,3,2,1,0,Non-Dropout
494,16,0,59.25903605107334,96.77136427988285,93.21513795163918,65.93359332343195,8,2,0,3,2,0,0,Non-Dropout
495,14,1,87.52556028565942,100.0,55.238778355606016,58.383396685177026,10,1,0,3,3,0,0,Non-Dropout
496,10,1,64.35562829993064,65.90571947540768,82.22444356783346,62.504247474718795,4,4,2,1,1,1,0,Non-Dropout
497,16,0,53.22195059819627,54.50728496990379,72.19375507205217,58.375171330939935,4,3,1,3,3,1,0,Non-Dropout
498,16,0,67.36726457965868,91.30712723207078,39.585438290127996,62.309334918038424,5,1,1,2,4,0,0,Non-Dropout
499,18,0,45.5859901763809,64.66213318023527,100.0,60.236200143453566,7,1,1,1,5,1,0,Non-Dropout
500,12,0,63.738031392129464,75.12524560520444,100.0,47.28209163667657,3,3,1,4,4,0,0,Non-Dropout
501,18,1,69.78750164717414,89.93734021670761,48.596417348170185,42.41595625462105,6,1,1,4,3,0,0,Non-Dropout
502,10,1,67.93508461452959,100.0,95.64169704289884,66.18843155065319,5,5,0,3,3,1,0,Non-Dropout
503,10,0,84.54199895779638,85.57601020236096,40.56303543313813,74.05819484364882,5,3,0,5,2,1,0,Non-Dropout
504,13,0,100.0,79.10205964901304,81.57310648621926,88.31367269642682,4,2,0,4,2,0,0,Non-Dropout
505,18,0,75.07096057011927,52.57778232019264,71.18794912735443,81.4635141144075,3,6,0,2,3,1,0,Non-Dropout
506,15,1,82.6819449167828,98.38710847117386,100.0,78.56322027361291,5,5,1,5,1,1,0,Non-Dropout
507,12,0,100.0,83.17285721576212,78.29751250154348,68.43830182437843,7,5,0,2,3,1,0,Non-Dropout
508,10,1,49.90661228275286,68.0571605967114,31.37099511370888,66.78853732364928,3,2,1,5,2,0,0,Non-Dropout
509,13,0,66.95941113162513,65.99163291721143,95.48168695306319,53.16256668182958,3,1,3,3,1,0,0,Non-Dropout
510,18,0,57.83005201870012,66.86274758119981,58.985479028275456,51.46633415650287,5,4,1,2,1,1,0,Non-Dropout
511,12,0,77.63986565391608,75.87930405556487,57.806668967089735,67.8576588518573,2,1,0,2,2,0,0,Non-Dropout
512,18,1,69.07428379214932,45.81985987059724,70.72995375499826,52.4750995473516,5,8,1,3,2,1,0,Non-Dropout
513,16,1,52.72351520144099,99.36045609439287,55.6328798198593,63.641270447982286,4,3,0,4,3,1,0,Non-Dropout
514,13,1,65.16421724520566,95.69346794610911,100.0,27.533523469164784,2,3,0,3,2,1,0,Non-Dropout
515,12,0,80.70384109483828,71.65023296919084,90.12969072222324,72.00708428629558,3,8,0,3,3,1,0,Non-Dropout
516,19,1,45.44413053462401,66.90701034259682,41.40311961253444,49.478834119393326,6,5,1,2,1,1,0,Non-Dropout
517,14,1,53.03983166541531,74.53644590430278,51.81120222119263,43.58331061085636,8,3,1,2,1,1,0,Non-Dropout
518,14,0,50.79087372437287,77.93123651173079,37.259560203648974,75.83687038601352,9,0,2,3,2,1,0,Non-Dropout
519,12,0,69.89594833230365,68.99806607829164,94.19316714587048,79.44612282584302,5,1,0,4,1,0,0,Non-Dropout
520,18,1,83.6077411942244,94.98170119965792,68.32771304855956,63.7329608186396,5,6,1,2,1,0,0,Non-Dropout
521,13,1,34.85398302040983,46.51783657982868,45.58407443010087,54.2432383282368,3,0,2,2,3,1,0,Non-Dropout
522,14,1,66.41597845217875,60.76127660130527,100.0,75.77420969296516,6,5,0,2,4,1,0,Non-Dropout
523,13,1,51.136689240872236,90.50483983728118,82.62196805668691,53.46494870316549,4,6,1,1,3,0,0,Non-Dropout
524,14,0,80.08104162244976,81.4855308495774,74.638144340957,62.63543342231807,4,2,0,4,3,0,0,Non-Dropout
525,16,0,61.445475866431195,61.40917499183246,73.45896705895184,85.22464375955064,5,0,0,3,3,0,0,Non-Dropout
526,18,0,66.96010908616097,83.00936933394061,36.05033875205979,70.62898641009008,2,2,1,1,4,1,0,Non-Dropout
527,16,1,64.9799450719691,59.14079109827145,83.98386387670898,64.30765176556748,6,3,1,2,4,1,0,Non-Dropout
528,14,1,81.86328204784768,68.79768338441549,59.52813230438481,60.86162514429767,3,2,0,3,2,1,0,Non-Dropout
529,19,0,95.72947296196674,95.87437891084906,91.76626146029815,65.65739757266985,7,4,2,2,2,1,0,Non-Dropout
530,19,0,47.98002005177838,93.66167154130362,85.98081164457524,68.99010593864823,2,4,0,1,4,0,0,Non-Dropout
531,16,1,50.71165823008022,80.76473515527847,68.47310463695918,48.11720553024922,8,2,1,1,2,1,0,Non-Dropout
532,19,1,69.8224685383206,53.97701925493467,66.70458697305132,83.12385711008059,7,1,0,5,5,0,0,Non-Dropout
533,14,0,52.75396477547122,67.4468969981046,100.0,58.127916410463406,4,3,1,2,4,1,0,Non-Dropout
534,12,0,79.0037565560041,76.92931285618747,36.578548864209345,61.93212074588442,2,3,1,3,2,1,0,Non-Dropout
535,16,0,81.41176188626505,100.0,55.66502283853987,77.20432131624588,2,2,0,3,3,1,0,Non-Dropout
536,11,1,56.80135531630313,39.35261132714589,98.41332575432071,62.87791300894148,10,1,0,1,2,0,0,Non-Dropout
537,18,1,53.54694100037787,57.55711906200281,100.0,78.21539622103757,5,2,1,2,2,1,0,Non-Dropout
538,19,1,60.87831467520921,97.57206784244352,66.55287787897977,64.2946050728482,5,0,2,3,2,0,0,Non-Dropout
539,19,1,66.56027320944527,100.0,52.51702388169886,66.48999382792407,3,1,1,2,2,0,0,Non-Dropout
540,10,1,69.72255784842787,73.605725254444,53.02363613192735,68.23059204684864,5,1,2,3,2,0,0,Non-Dropout
541,15,1,31.207744114262454,100.0,34.13931868797434,70.60858792157731,5,4,2,2,4,0,0,Non-Dropout
542,16,0,50.48816721724822,60.33257691157141,100.0,73.39255111504781,4,1,3,2,2,0,0,Non-Dropout
543,17,0,58.93850976694124,44.81521191872761,66.2985401572277,80.77991072223034,7,5,2,1,3,0,1,Dropout
544,19,1,53.0451600237967,90.80460551358256,81.62187732030971,79.88937450029351,2,3,1,2,1,1,0,Non-Dropout
545,18,0,22.029351614705703,100.0,81.87566536387405,53.1008325556761,7,7,1,2,2,1,0,Non-Dropout
546,11,1,36.67441301967959,100.0,100.0,86.81302165622591,6,2,2,2,2,1,0,Non-Dropout
547,19,0,45.41962211623449,57.731107875748435,59.5186094916771,39.49233423342604,1,3,0,1,3,1,0,Non-Dropout
548,11,1,63.270736987201715,78.98759725638003,61.281054685106064,55.531951058892645,7,1,1,3,2,1,0,Non-Dropout
549,14,0,58.45696709778036,91.79636093920087,90.77293866750028,62.93316765849422,4,2,2,1,3,1,0,Non-Dropout
550,14,0,55.52646376207138,81.0195542646339,25.127177835916797,47.50611397873153,4,4,1,2,4,1,0,Non-Dropout
551,15,1,76.94772441189261,100.0,100.0,69.1973361118187,1,5,0,2,3,0,0,Non-Dropout
552,12,1,76.94200497385643,66.89908285597447,100.0,76.09790665842546,5,3,0,1,2,1,0,Non-Dropout
553,17,0,67.24877980222811,73.58768379356981,76.14460465938932,54.31063480550141,5,2,3,1,4,1,0,Non-Dropout
554,10,0,66.80180424077987,79.72380923010995,46.556406751838225,71.95174352456878,5,4,0,2,3,1,0,Non-Dropout
555,15,1,52.15009173599883,91.65108278472403,91.3280719106327,77.55272105044745,7,4,0,2,3,1,0,Non-Dropout
556,13,0,53.94511504015208,71.11080537596393,65.22413557033006,35.96718377759912,3,4,2,3,4,0,0,Non-Dropout
557,10,1,39.38525925312173,93.54868287866817,73.55532156645172,67.61366640377416,7,4,1,1,1,0,0,Non-Dropout
558,16,1,61.23872852332504,100.0,75.46189132463624,70.59962605342356,1,2,2,2,2,1,0,Non-Dropout
559,18,0,76.78611934566796,64.63857695196657,53.54161761596278,51.24184390930003,4,5,3,4,1,0,0,Non-Dropout
560,13,1,85.3149484516184,71.70681240580193,78.68157057085278,47.07603637976081,6,4,0,2,4,1,0,Non-Dropout
561,13,0,61.32830213141805,94.35519183552307,33.41807969785594,54.683428111378646,3,5,0,3,3,1,0,Non-Dropout
562,15,0,72.37503248014536,100.0,15.106363492513445,62.194133110358315,3,4,0,5,5,0,0,Non-Dropout
563,12,1,22.160161357082053,87.71918570762242,79.10955076389976,53.74004085768074,3,0,0,4,3,0,0,Non-Dropout
564,15,0,58.50607519402364,59.27527459931571,96.09086540460609,73.3335602571737,3,2,1,4,1,1,0,Non-Dropout
565,16,1,58.15456429800105,78.96344539446234,57.161581184587604,71.39203586537266,6,4,2,2,2,1,0,Non-Dropout
566,19,1,87.36752471338075,94.20386703530983,55.757465312115066,70.63889449978775,3,0,2,1,5,1,0,Non-Dropout
567,19,1,70.89400191382127,58.748628652542536,86.1881545237915,83.87291661790665,5,6,4,2,5,1,0,Non-Dropout
568,12,0,72.41383134320911,53.43239593321384,69.48235694244059,74.68170771581852,8,6,0,1,2,1,0,Non-Dropout
569,16,1,71.6349246649849,68.10033966887423,55.84763826817992,69.25080241615939,4,4,1,2,2,0,0,Non-Dropout
570,12,0,65.68164098498332,88.19267096877184,77.63212016075535,46.630464126708716,5,2,1,2,2,1,0,Non-Dropout
571,11,1,87.98547996273695,47.61571508315896,70.1591472264576,82.36236665487624,2,3,4,4,2,1,0,Non-Dropout
572,19,1,30.420806780523904,61.13842424656854,38.76766973833347,84.00002157403243,3,4,2,3,2,1,0,Non-Dropout
573,13,1,67.19315613073127,80.47319770294679,67.27936721962408,60.063717634592486,7,5,1,1,2,1,0,Non-Dropout
574,17,0,81.94704277459346,96.81037507297633,74.57341869552388,52.86020355957254,8,2,1,2,3,1,0,Non-Dropout
575,18,0,36.62909820211027,80.8042148619087,56.6554164445161,76.31869597229006,5,3,0,3,3,1,0,Non-Dropout
576,16,1,77.56876780658453,82.49369567865381,93.14381409259047,37.694988354093454,5,2,2,1,4,1,0,Non-Dropout
577,10,1,53.58255138102025,95.09843438099522,82.0832295266625,70.97534551428743,4,2,1,2,5,1,0,Non-Dropout
578,12,0,66.64723893263061,100.0,63.0731557110456,87.45183831998824,5,3,1,3,2,0,0,Non-Dropout
579,18,0,53.294609285818595,100.0,73.34124511181165,59.282634226744875,2,2,1,5,3,1,0,Non-Dropout
580,10,0,79.38727514823533,34.172768078640445,60.588733099928916,68.63297744481696,8,1,1,4,3,1,0,Non-Dropout
581,18,1,60.674571781646506,76.96115824935754,64.39244068130861,66.5154473336742,5,1,1,2,4,0,0,Non-Dropout
582,17,0,77.68695284535818,93.25031728836174,65.31222381961713,80.64978521719695,1,5,3,4,2,0,0,Non-Dropout
583,10,1,71.52994754396512,100.0,25.746611509078022,66.59181646876182,5,5,2,2,3,1,0,Non-Dropout
584,15,0,53.09311273911742,87.81973222370468,70.68502686215196,59.85928488646057,6,1,3,2,4,0,0,Non-Dropout
585,14,1,72.52788785593287,57.816274042790965,77.95853032527613,42.21188185551115,5,6,0,2,3,1,0,Non-Dropout
586,15,1,55.04646412980902,60.45974263126176,100.0,66.41368646279513,6,1,3,1,3,1,0,Non-Dropout
587,19,1,65.9619214075996,61.01936478141168,80.99707738471172,63.95280963780547,10,2,0,5,5,1,0,Non-Dropout
588,14,0,60.401084577653,81.15037762501218,53.677097982304595,34.48150916716521,4,0,1,1,3,1,0,Non-Dropout
589,15,0,78.4986779958316,65.40355896751092,28.979681510596365,49.90036704553626,7,4,1,1,2,1,1,Dropout
590,14,0,73.10483406106127,14.106756698537609,43.592414521611786,56.03546629698457,4,1,0,1,4,0,1,Dropout
591,14,1,64.53917677092886,51.43421972143124,57.51772728784075,56.03859107829305,6,2,1,2,2,0,0,Non-Dropout
592,13,1,54.71432334266508,66.11501756961742,57.96351977752639,64.57674176267055,1,7,0,3,4,1,0,Non-Dropout
593,12,0,45.96512765253922,47.75035020156913,64.06432496480716,63.35342276565255,5,3,1,4,3,1,0,Non-Dropout
594,12,1,67.03484628936047,50.72941103818396,59.942310572534055,64.05867808627113,3,3,1,4,3,1,0,Non-Dropout
595,13,1,55.51563660272362,100.0,64.22749812986268,98.89375444864274,7,1,0,3,3,1,0,Non-Dropout
596,18,1,36.830057636392624,74.82756211671207,59.44226186130985,58.37863257687511,7,7,1,4,3,1,0,Non-Dropout
597,11,0,45.04957188505624,67.27770581243016,70.4603934558244,51.95943797235527,4,7,0,1,3,0,0,Non-Dropout
598,18,1,89.38812958312576,88.34686855450741,47.415005129295295,88.5049129949389,5,2,0,1,4,1,0,Non-Dropout
599,10,0,55.10035422515832,97.9213884530077,38.53074612727292,86.95912566244228,7,5,0,3,3,0,0,Non-Dropout
600,10,0,81.23244166265602,100.0,64.04846278418334,48.7666994070063,5,4,0,2,3,1,0,Non-Dropout
601,14,0,59.65025409202579,100.0,80.84904106306603,83.20141538463545,1,7,1,3,3,1,0,Non-Dropout
602,15,0,83.5936645274122,83.69617659250008,42.02403911340916,37.29991819013755,6,3,0,2,2,1,0,Non-Dropout
603,15,0,82.50746026211567,44.34384199313588,55.63501743813708,100.0,8,10,0,4,5,1,0,Non-Dropout
604,12,1,52.61456859649014,54.95035237186021,66.3463688650332,91.74256946714246,6,2,2,3,2,0,0,Non-Dropout
605,16,0,35.180364997885924,66.96283106650372,65.74265150645253,72.97902004602697,3,5,0,2,2,0,0,Non-Dropout
606,18,0,36.4501928445452,85.13126410138798,88.82117956329023,77.87855631891998,7,4,0,1,2,0,0,Non-Dropout
607,19,0,52.870077440664396,76.88633042556862,93.49572172089673,71.65575228746054,7,3,0,5,2,1,0,Non-Dropout
608,17,1,93.34451638336313,45.53946522843102,75.55049736453135,55.11453946027851,2,2,0,3,5,1,0,Non-Dropout
609,15,1,58.841568876161915,41.964979446589645,100.0,82.93494910804415,5,2,1,3,5,1,0,Non-Dropout
610,17,1,67.17865925110182,80.18016107167479,60.774442965809484,85.34236851264185,7,3,1,3,5,1,0,Non-Dropout
611,14,1,84.55005299305085,77.40081100698842,91.00495756388516,54.09115705719546,5,3,2,1,2,1,0,Non-Dropout
612,17,0,66.65482044667532,70.8024626477698,54.674679479691925,64.5199165093126,6,3,0,3,3,1,0,Non-Dropout
613,19,0,66.13836557781163,84.65852108080185,77.40033563069062,46.502280412635116,2,6,1,5,1,1,0,Non-Dropout
614,13,1,74.3399479091772,99.93624921789188,86.10307184900459,64.28527351545362,8,3,0,4,3,0,0,Non-Dropout
615,19,1,69.33454633264981,81.20137873331647,71.40364859877386,60.9858079356584,6,1,0,4,2,1,0,Non-Dropout
616,17,1,63.50799342494773,56.16699290404807,45.87513211991877,83.78733202965284,5,3,2,3,3,0,0,Non-Dropout
617,19,1,54.178259852038366,100.0,28.186090720038372,89.01261099970256,7,3,0,2,3,0,0,Non-Dropout
618,11,0,66.17733336298184,71.47383034753322,83.92276651370761,49.04513242874185,7,1,0,2,5,0,0,Non-Dropout
619,14,1,81.41599695624711,75.99995265855054,63.17441759452005,76.53706122105662,5,2,0,4,4,0,0,Non-Dropout
620,18,1,91.73006880498082,61.92683923347406,64.92725644296132,78.19487108569166,7,4,4,3,3,1,0,Non-Dropout
621,13,1,69.38414962353366,53.51172902673434,100.0,38.78198949082909,6,0,2,5,2,1,0,Non-Dropout
622,15,1,76.32741702643959,55.1401129285654,46.34428099909544,79.47507607028959,8,5,1,1,1,1,1,Dropout
623,10,1,69.04596060744218,50.744115058628836,88.5088136765163,42.82817164413737,8,1,1,2,5,1,0,Non-Dropout
624,18,1,63.690059533945956,14.801178395521688,51.55719672369521,57.33166369092197,9,0,1,4,1,1,1,Dropout
625,10,1,72.71385617919027,71.8748054895313,65.56732127016693,51.48484854297526,7,3,1,1,1,1,0,Non-Dropout
626,14,0,82.83999251468727,97.04697710991526,42.852463015988036,41.433282116626756,0,2,0,2,2,1,0,Non-Dropout
627,13,0,51.70457245971282,55.31375133146604,51.38270879596907,81.55687565606203,5,3,0,5,2,1,0,Non-Dropout
628,12,0,43.22904946530637,100.0,80.33108854291626,50.86696448260393,8,4,1,3,2,0,0,Non-Dropout
629,15,0,57.004876255453006,100.0,100.0,59.05564782594277,1,3,0,2,5,1,0,Non-Dropout
630,11,0,68.17492914949555,74.63552331058557,80.58758265586295,64.89768742173882,4,1,1,5,5,1,0,Non-Dropout
631,12,0,78.04807426431847,52.77836356577433,77.6459145731734,76.14481254648618,4,3,1,2,2,1,0,Non-Dropout
632,14,1,50.15738262716768,43.05804237440753,100.0,50.470491132954265,1,5,2,1,5,1,0,Non-Dropout
633,18,1,27.671352160627833,72.72632649621792,84.01413777822913,72.31233741325832,5,5,0,3,5,1,0,Non-Dropout
634,11,0,57.358270149934754,76.36241293697599,46.65947431842053,61.53530479361501,3,3,1,3,2,0,0,Non-Dropout
635,19,1,62.09128661512646,70.91225771747115,27.91801684967278,49.87888540428596,5,2,0,1,3,1,0,Non-Dropout
636,17,0,47.565897748828434,96.38646240585284,79.47874362593008,80.30761717410424,2,2,2,3,1,1,0,Non-Dropout
637,11,1,53.65863606774032,100.0,34.83697565834337,96.17684104892015,4,3,0,2,1,1,0,Non-Dropout
638,14,1,78.00925115130497,84.45347783107046,44.96358565877996,68.05913736306371,11,4,1,1,1,0,0,Non-Dropout
639,16,1,66.17180104394149,85.52931946509102,77.58253796037403,55.86546159636645,8,1,1,3,3,0,0,Non-Dropout
640,17,1,70.18433177913977,68.68889475615407,95.99806218929986,53.96444846271536,3,6,1,2,2,1,0,Non-Dropout
641,10,1,59.664766525841785,74.9016384986675,62.857626621979406,77.09637957829955,5,4,1,1,1,1,0,Non-Dropout
642,15,1,53.68834383562511,83.232669068147,39.846596486682515,65.20280678814777,7,1,0,1,1,1,0,Non-Dropout
643,10,0,59.55652655863784,68.66523674467737,66.33873903484377,49.0651026697595,5,2,0,2,2,1,0,Non-Dropout
644,11,0,72.48320291269538,88.21694341598898,63.197796132263115,39.60215467705348,5,6,1,3,4,1,0,Non-Dropout
645,10,1,42.630196829881754,53.876485695244234,72.9423383641171,70.71821517585408,4,2,0,5,3,0,0,Non-Dropout
646,14,0,89.75255389748017,60.355954294003475,39.93757918621482,46.02000890367695,5,2,0,2,3,1,0,Non-Dropout
647,19,1,73.62287743523605,54.06173807312429,49.07126799222869,58.96149702403579,5,4,1,3,2,1,0,Non-Dropout
648,18,0,56.961798435639274,61.62755772049068,95.58894658436759,89.43070029458042,5,6,0,1,2,1,0,Non-Dropout
649,15,1,77.2011067682975,69.25431549419994,89.03126249198556,52.532918571046764,2,2,0,5,5,0,0,Non-Dropout
650,10,0,83.33523600609662,95.58182273374648,99.102180559288,80.80523833698231,3,2,0,3,4,1,0,Non-Dropout
651,10,1,60.044929255963424,75.82864363913984,23.73765369824755,49.6819498965093,4,3,1,3,1,1,0,Non-Dropout
652,11,0,61.75122815352408,49.3138453642983,47.84673542510487,78.12032261301525,6,5,3,3,4,0,0,Non-Dropout
653,18,1,87.40211320209508,46.96079065519548,94.7727319129626,73.62706605844737,5,2,1,3,2,1,0,Non-Dropout
654,12,0,96.78462720377148,66.68004942164814,84.80829733983539,72.32267898245183,7,6,2,2,1,0,0,Non-Dropout
655,10,1,65.44153486352161,91.68802059955797,80.18264038605383,55.870114022333865,0,1,0,1,4,1,0,Non-Dropout
656,14,1,47.62678479366539,100.0,60.94029627898437,74.55332667739663,3,2,1,1,1,1,0,Non-Dropout
657,16,1,57.94096767613162,43.184700061276146,54.49571811120816,70.61870801006862,4,4,1,1,2,1,0,Non-Dropout
658,15,0,80.49523616703802,82.44704928940118,70.80577414742478,93.31914640577196,3,4,0,1,4,1,0,Non-Dropout
659,10,0,49.54677055979308,66.9625507704815,58.787193876474895,55.76068783355957,6,6,2,1,2,0,0,Non-Dropout
660,14,0,61.875752003614714,68.51558430152967,83.20278804575112,84.2898676318816,7,7,1,2,3,1,0,Non-Dropout
661,14,1,69.38877322147445,53.71516242180946,70.92826033124076,51.49056552513413,6,3,0,3,1,0,0,Non-Dropout
662,15,0,51.15927970388499,70.5987350509418,45.721111725611735,61.418074037003,5,3,1,3,2,1,0,Non-Dropout
663,12,1,81.44651842814116,52.81641080226076,85.87351683712659,55.422376326708715,3,1,1,4,2,1,0,Non-Dropout
664,14,0,75.40951272806562,69.68298153031293,100.0,57.56837432669087,2,2,0,5,2,1,0,Non-Dropout
665,16,0,95.14318864287938,97.96515685169082,100.0,62.63930527749392,6,4,2,5,2,1,0,Non-Dropout
666,14,0,76.72191343786658,87.62475039978735,86.83551863564308,86.62622549130957,7,2,1,4,2,1,0,Non-Dropout
667,14,0,50.58665546650943,100.0,87.17698991597354,71.84964372114263,6,2,1,3,5,1,0,Non-Dropout
668,14,1,72.95553591363787,85.52714459403995,40.9696546804539,83.51116745721924,6,8,1,3,4,1,0,Non-Dropout
669,19,0,79.82032510273784,78.49036138993615,53.216603218992134,65.21863659080053,4,3,0,1,4,1,0,Non-Dropout
670,19,0,80.5921822118802,86.05791215024769,65.79136753801032,84.24102912001484,2,2,1,3,1,0,0,Non-Dropout
671,12,1,53.34736778163896,59.48403661169387,84.81435385182672,68.40513412860656,7,5,1,1,2,0,0,Non-Dropout
672,10,1,51.55493446466787,33.27943302478511,54.99146697784603,53.1611712734516,5,3,1,3,1,1,1,Dropout
673,14,0,47.905443213364826,90.92342302928144,62.325942030596245,80.8400094954261,4,1,0,1,2,1,0,Non-Dropout
674,18,0,89.070979912083,39.09341830525865,83.9903327784361,87.25853222080296,4,0,1,3,1,0,0,Non-Dropout
675,10,1,74.34318235763058,97.43202110595163,73.42772649010716,74.57475450238513,4,1,0,1,1,1,0,Non-Dropout
676,12,1,52.68172063686934,90.01627486683633,78.34671248603726,77.46319940841968,3,9,3,2,3,0,0,Non-Dropout
677,13,1,66.90783408135681,58.0095770857912,50.54911309824031,84.1872963035573,3,4,2,2,4,1,0,Non-Dropout
678,10,0,63.14469029898464,66.27820673755475,61.988302529425454,60.94927498833512,1,5,0,2,2,1,0,Non-Dropout
679,10,0,50.411277965514756,74.76922787751732,58.2615035407174,54.23082781611265,4,1,2,2,2,1,0,Non-Dropout
680,17,0,65.54275915934905,56.55657365159324,69.97660157852535,70.44046716772903,8,1,1,3,1,0,0,Non-Dropout
681,11,1,67.86042931580658,85.8104037869794,59.17182244890492,90.896767879423,1,4,0,4,4,0,0,Non-Dropout
682,17,1,93.96879641977849,87.57339563164386,55.779336405117384,69.51784469234185,3,4,1,4,3,1,0,Non-Dropout
683,16,1,55.164687113505906,46.14077119706525,73.1256894672867,74.4455979375922,7,0,1,1,1,1,0,Non-Dropout
684,19,0,39.35901013706993,58.537819857689726,100.0,66.12095058340151,2,3,0,1,2,0,0,Non-Dropout
685,19,1,49.26569396966034,74.26386308053944,84.58920095911988,69.41859387097611,8,1,1,2,4,1,0,Non-Dropout
686,11,0,51.610288648516665,97.8116066194078,25.494641870847374,57.07972817667003,7,2,0,3,4,1,0,Non-Dropout
687,15,1,58.59609235950657,88.04569991296057,78.78238193327411,73.22401023250899,8,1,1,2,3,1,0,Non-Dropout
688,15,0,49.302444063092864,28.381633969480255,57.12745845822603,78.16676400976867,7,4,4,2,1,1,1,Dropout
689,12,0,77.33183008728409,69.16011644568346,46.47318153649357,42.46226874244496,6,4,0,4,3,1,0,Non-Dropout
690,11,1,48.2595085548578,84.45347234006887,87.59632909872337,42.4828723355553,4,6,2,3,3,0,0,Non-Dropout
691,10,0,65.30026952448846,59.0008036509409,71.92954736805265,38.69207252166552,3,0,0,3,3,1,0,Non-Dropout
692,15,1,95.00288275283262,57.45175289203013,100.0,87.13185798222584,4,5,1,3,4,1,0,Non-Dropout
693,14,0,73.30352407645435,60.06090634023395,67.14314862657824,51.128097695090005,0,2,2,1,1,0,0,Non-Dropout
694,18,1,71.7613551756854,68.84045749817764,64.34435575880973,70.27591163653489,7,3,1,1,1,1,0,Non-Dropout
695,10,1,92.8597430111774,55.41813158647159,99.92871720926587,91.77523834324954,4,3,1,2,2,1,0,Non-Dropout
696,16,0,83.6847434635546,88.19860739454774,70.54928042959872,69.98785734426502,6,2,1,4,1,1,0,Non-Dropout
697,14,1,73.47686551028906,57.7859706177602,43.56899611007566,72.71440176639044,4,4,0,4,4,0,0,Non-Dropout
698,14,0,60.339097250832964,54.27682516036167,47.98093881077455,52.35312241170106,5,2,2,4,1,0,0,Non-Dropout
699,11,1,64.6596668781531,67.02616199942146,61.78904939975898,69.99816464353046,2,2,3,1,2,0,0,Non-Dropout
700,12,1,63.9304419850069,100.0,86.44095696404676,50.07355313122082,2,1,2,5,4,0,0,Non-Dropout
701,16,1,58.97861678641837,85.50559736981566,100.0,36.45032831466437,5,4,1,2,4,0,0,Non-Dropout
702,15,1,68.18054767824387,86.77727668901474,90.04873041980937,65.78512877435557,3,5,0,4,2,0,0,Non-Dropout
703,11,0,70.26121545571485,80.72502542601552,84.20080031471001,69.81224241253523,7,1,1,3,3,1,0,Non-Dropout
704,15,1,46.330572992626614,56.06038110934041,97.42188964411179,57.074246923355744,7,3,2,4,1,1,0,Non-Dropout
705,11,1,89.48063749943448,62.19868432798953,85.52931580696517,53.8006282590352,5,3,1,1,1,0,0,Non-Dropout
706,11,0,71.14696269609922,58.80008137893229,47.419292967310035,61.7985325716511,3,4,1,2,4,0,0,Non-Dropout
707,11,0,61.058255570740734,96.8312000377059,64.4810484051587,54.098952897375064,1,2,1,3,1,1,0,Non-Dropout
708,12,0,68.31763968094187,80.90673462565555,57.11885695731951,76.13302222655244,7,5,1,2,4,0,0,Non-Dropout
709,11,0,78.955533367379,41.65388594609257,100.0,71.70269496252583,4,5,4,4,2,1,0,Non-Dropout
710,13,0,42.99970381121162,100.0,46.13485579921198,89.42061755608005,0,3,2,3,1,1,0,Non-Dropout
711,18,0,63.424089102796316,68.3609713777748,46.62055592212447,59.66737750854228,1,2,0,2,3,1,0,Non-Dropout
712,15,1,47.21216337706501,88.06756029040443,74.24823915052096,66.04733401252976,5,3,1,2,5,0,0,Non-Dropout
713,10,0,100.0,96.04675880092836,100.0,67.60369551477545,8,3,0,2,3,0,0,Non-Dropout
714,17,1,67.07279071652923,23.758626330863926,88.37226822337277,59.40508699393532,10,2,1,3,4,1,0,Non-Dropout
715,16,0,47.33381528600741,84.0919541455989,96.04190474924174,35.24766924564906,4,2,3,2,2,1,0,Non-Dropout
716,19,1,100.0,69.948478699146,42.32996685038516,71.65835270075294,5,5,0,2,2,1,0,Non-Dropout
717,12,1,56.959721318294164,26.562160054366444,86.7200377919126,100.0,8,3,3,1,4,1,1,Dropout
718,10,1,61.863801228856886,52.34945814948594,42.220272507705005,79.99033117688333,4,3,0,1,1,1,0,Non-Dropout
719,14,0,62.94802640021956,65.90782916730137,88.27338913590359,94.37280136886737,6,1,3,2,1,0,0,Non-Dropout
720,13,0,52.28070415146447,91.91302753534225,30.72897447970277,78.45194541357945,6,3,2,3,3,1,0,Non-Dropout
721,19,0,68.71028026244214,71.47524099975945,61.52198217868848,62.72048758940598,5,4,2,3,2,1,0,Non-Dropout
722,17,0,31.838897504599615,77.96242628678206,18.672050699147796,74.02373503431167,6,4,2,2,5,1,0,Non-Dropout
723,10,1,81.28847574315937,67.87743274320357,47.88219500164573,81.04839321276697,9,2,2,3,5,1,0,Non-Dropout
724,19,0,48.0829269389417,96.75808548611644,34.384835314602135,40.9901909645693,4,4,0,5,3,0,0,Non-Dropout
725,10,1,58.77017716534532,85.42062313228398,86.27957431519748,71.67232320463877,5,4,0,5,2,0,0,Non-Dropout
726,13,1,76.27279510529245,78.25710963568001,72.35971374279711,63.52350843501335,4,5,0,4,1,0,0,Non-Dropout
727,17,0,61.93308472540827,52.13733997607484,58.31163789203452,87.16167025311206,7,4,2,5,3,1,0,Non-Dropout
728,14,0,62.5467837935356,77.39678830262088,72.92806288307752,70.58487749139361,9,4,0,1,1,1,0,Non-Dropout
729,11,0,49.81883835905344,100.0,49.226521354830055,28.09543390533343,5,3,2,2,5,1,0,Non-Dropout
730,15,1,96.43472326205675,90.9053457299863,78.04651761990257,71.59829307146727,6,4,2,5,1,1,0,Non-Dropout
731,14,0,72.97223573309886,60.21314432735029,68.05691501365577,34.07222669482191,3,2,0,1,1,0,0,Non-Dropout
732,11,1,48.7582257759625,100.0,100.0,84.11162624539386,6,3,1,4,3,1,0,Non-Dropout
733,12,0,67.67273669086777,59.332127570854276,100.0,53.48167699688101,5,2,1,2,1,1,0,Non-Dropout
734,18,1,47.69798008023035,89.28608081422034,93.51399710038135,48.03881302697192,4,1,1,5,3,1,0,Non-Dropout
735,16,0,90.83621440984174,74.0760033849747,77.30807401051834,53.43425852732126,6,3,2,3,4,0,0,Non-Dropout
736,16,0,67.99456941062819,78.6425817262445,80.50893276944126,51.59488638833247,7,1,0,2,1,1,0,Non-Dropout
737,15,1,50.366802081394,79.37659436319545,100.0,62.66434758641792,5,2,0,1,1,1,0,Non-Dropout
738,17,0,75.46386103435874,70.04863147176809,77.20355910949384,52.092382547595484,5,3,1,2,1,0,0,Non-Dropout
739,13,0,60.8288649192753,67.21320584656682,78.74163177240393,60.48762552037506,6,4,1,3,3,0,0,Non-Dropout
740,17,0,45.67657016716279,48.663318308736734,55.588028293459665,41.86580696072224,1,3,1,2,4,1,0,Non-Dropout
741,13,0,70.71569500850315,52.49961939578928,52.817071424001725,61.22532667826063,5,3,3,5,4,1,0,Non-Dropout
742,17,0,70.2926275120684,81.67927398556434,67.31920821717883,86.33881011054186,2,3,3,3,1,0,0,Non-Dropout
743,18,0,82.06600448851097,61.34571367693167,4.631450180000201,58.27121371145976,6,4,1,3,3,0,0,Non-Dropout
744,12,0,65.96755335376696,56.79980223090192,69.27330350877959,74.36220152251059,5,2,1,4,4,0,0,Non-Dropout
745,12,1,66.60590430437827,100.0,63.94610138243647,46.15563541981112,2,5,1,4,1,0,0,Non-Dropout
746,11,1,67.40199554817777,100.0,91.97574747817238,73.69544099062664,3,6,0,3,1,0,0,Non-Dropout
747,19,0,88.92924491760544,86.61648189292563,100.0,82.06376344091557,5,2,1,5,1,0,0,Non-Dropout
748,12,0,60.34889715088894,89.43023476177643,100.0,86.3781797482142,3,8,0,3,5,1,0,Non-Dropout
749,12,0,72.04182453208597,58.75166717873657,84.48850283104747,68.01121550948653,10,3,0,5,2,0,0,Non-Dropout
750,14,1,74.25118178023418,51.29518122790834,73.80066950667508,75.07164156654311,8,3,1,2,1,0,0,Non-Dropout
751,14,1,70.24664778846139,68.19328347812385,55.84631138447953,45.79221730397427,4,4,2,4,5,0,0,Non-Dropout
752,11,0,59.78143090910644,75.005931085491,43.77647346394049,59.24885205987105,8,4,1,2,5,0,0,Non-Dropout
753,19,1,66.80906010961255,89.26155119072573,92.85522485997322,52.99574487557644,3,3,4,4,2,0,0,Non-Dropout
754,15,0,63.59513357850724,38.39326997866982,69.31370507460075,69.92679233739457,5,1,0,2,1,1,0,Non-Dropout
755,14,0,94.38815540167705,100.0,80.6229066372592,57.07677169877067,4,2,0,3,3,0,0,Non-Dropout
756,15,0,58.13354321853041,79.96049433371068,70.46424071790892,75.30181921968885,4,5,1,2,1,1,0,Non-Dropout
757,10,0,51.31132210621658,43.98606598902916,71.11666456660829,100.0,6,2,2,5,3,0,0,Non-Dropout
758,14,1,64.90697462850386,78.1494959069772,75.48047218909349,74.32362138712568,10,5,1,1,4,1,0,Non-Dropout
759,18,1,63.84952703856991,56.95098273812549,80.55207259206638,86.1748697501095,4,2,0,3,2,0,0,Non-Dropout
760,19,0,67.95265280252944,55.54919806513493,93.51800558718124,47.23171159042925,8,2,1,2,5,0,0,Non-Dropout
761,11,1,58.138300966980026,53.751962256510595,39.19237040980689,63.725448000079844,8,1,1,3,5,1,0,Non-Dropout
762,10,1,66.65560219899315,69.87028076361669,84.65202126312828,68.25283162906771,6,2,2,2,2,1,0,Non-Dropout
763,19,0,66.94410558456818,100.0,37.79650254400564,65.97583546691864,5,2,0,3,5,0,0,Non-Dropout
764,18,1,78.58984534040007,76.85330677288214,87.5355625730268,92.64997187016287,5,2,0,1,2,1,0,Non-Dropout
765,19,0,66.39509575563727,88.87779611859843,78.00570791622128,53.84170929585393,7,2,1,2,4,1,0,Non-Dropout
766,18,0,66.53712545947383,93.77028563662951,68.08486631307434,69.84686041474815,5,3,2,3,3,1,0,Non-Dropout
767,18,0,72.74519569562776,72.10487342881626,69.06209468862863,28.572983724566512,6,7,1,2,1,1,0,Non-Dropout
768,15,0,78.01482594772276,51.77959963117324,73.4228804979368,71.37009658045278,8,2,0,2,2,1,0,Non-Dropout
769,17,1,50.24486318560132,43.02516633167678,97.2745949480659,72.58873783871826,7,1,0,5,2,0,0,Non-Dropout
770,10,0,46.215191601997674,67.25095632666341,95.06130063062719,64.21622805021072,6,4,0,2,1,1,0,Non-Dropout
771,19,1,90.43219444075717,97.87872626763895,92.1349844073964,70.92952275467286,6,4,0,3,5,0,0,Non-Dropout
772,13,0,75.56113156892238,93.70784300099255,36.339945025716354,56.53265912382728,4,1,1,3,2,1,0,Non-Dropout
773,10,0,61.709200455058955,80.12761256052218,84.4052156149914,46.677206846454766,2,6,1,2,5,1,0,Non-Dropout
774,17,1,65.29552904949696,82.77757233117417,10.055899659528038,50.17189443978184,4,0,0,4,2,0,0,Non-Dropout
775,10,0,59.1115746000526,72.26351279108539,16.732535235443507,52.21150971794938,2,5,1,3,1,0,0,Non-Dropout
776,12,1,68.16921086662329,65.37036012424007,98.09842995780009,45.61472586549323,7,4,0,4,2,1,0,Non-Dropout
777,13,1,50.422442158929684,60.23632842292244,33.82676251669482,45.02266450432815,3,5,2,4,3,0,0,Non-Dropout
778,17,0,77.6025047763489,45.570995113963086,65.52190794371916,52.549037519128866,2,3,2,1,2,1,0,Non-Dropout
779,15,0,67.63180097942752,100.0,100.0,59.65845227421783,4,3,1,5,2,1,0,Non-Dropout
780,19,0,68.17440644050026,78.42241934614653,84.59418312880244,66.97814753388445,4,5,1,4,4,0,0,Non-Dropout
781,16,0,51.59086425982217,66.15069488685803,79.25000498326027,46.64138519089569,2,3,0,2,5,1,0,Non-Dropout
782,17,0,72.86400645158953,100.0,68.63947811929742,50.992120290282855,6,3,1,4,1,1,0,Non-Dropout
783,11,0,51.93542535280938,100.0,73.14729741366209,55.78602551318553,5,0,1,2,3,0,0,Non-Dropout
784,19,1,54.61773710136821,100.0,54.37046290490828,71.55318157161999,4,1,1,4,2,0,0,Non-Dropout
785,17,1,66.31432885162627,70.03345103324182,58.010447944229874,47.07302206556892,5,5,1,3,3,1,0,Non-Dropout
786,12,0,100.0,77.10461545558853,72.16158675990636,57.24103204328833,4,1,0,2,3,0,0,Non-Dropout
787,16,1,67.57199200032214,88.01911844989621,75.81013034134207,79.5860831811276,1,4,1,3,1,1,0,Non-Dropout
788,12,1,26.467986804986467,100.0,66.05397000763465,53.08066236161534,4,7,0,3,3,1,0,Non-Dropout
789,16,0,55.362479249588745,76.24046355913453,14.09173751590815,46.29081604967061,9,4,1,2,3,1,1,Dropout
790,11,0,75.2559366833086,55.33290285930591,100.0,63.691711058952805,5,2,3,1,4,1,0,Non-Dropout
791,19,1,48.07308582523814,59.93240838465218,93.4321638741317,52.5318512050482,4,3,2,5,4,1,0,Non-Dropout
792,15,0,77.4665366171849,98.54862898777765,64.89876109904664,23.570829950214566,8,2,0,5,5,1,0,Non-Dropout
793,12,1,67.38230862147545,87.42070386309312,94.21070312266988,67.98568651910102,5,8,1,3,2,1,0,Non-Dropout
794,12,0,79.86990788886163,71.5417977501904,61.03684368110798,78.05355637600383,6,5,0,3,3,1,0,Non-Dropout
795,18,1,56.61718836123504,70.2263977682722,77.93848853778283,64.6646204449036,2,4,1,1,3,0,0,Non-Dropout
796,16,1,55.44824127600926,71.54268922872697,21.919657554130843,80.64797473443699,5,2,1,2,4,1,0,Non-Dropout
797,14,1,73.47477737426767,99.78078059777201,76.41834312585195,74.66038847165159,5,2,2,2,1,0,0,Non-Dropout
798,19,1,64.88707437541761,59.220941077755484,62.966542357282336,52.17650497684647,4,2,2,2,2,0,0,Non-Dropout
799,16,0,63.97965782320588,50.731777983613085,75.4514045153544,95.74260318930553,3,1,1,3,2,0,0,Non-Dropout
800,18,0,88.53454803423594,100.0,100.0,69.81715372846455,4,2,1,2,3,0,0,Non-Dropout
801,10,1,74.06211390592678,75.50108944079321,69.54782357958858,71.41704362165957,5,1,1,4,2,1,0,Non-Dropout
802,16,1,35.151155499564084,73.41342481715903,58.56212743689356,50.097985721722566,7,1,0,5,2,0,0,Non-Dropout
803,15,0,76.98602183774581,88.41984239435477,58.83982082842904,41.81227196813623,5,4,2,3,2,1,0,Non-Dropout
804,19,0,75.48453200622683,55.221792829308356,34.59646691527918,48.74909092378001,8,3,1,2,4,1,0,Non-Dropout
805,18,1,82.77366930835149,90.00992001552954,80.10616499966125,78.80151820769217,4,4,1,5,2,1,0,Non-Dropout
806,10,1,50.90452370639736,67.34545521338454,83.36075943864755,90.65747564801384,5,3,0,3,2,1,0,Non-Dropout
807,13,1,69.87208737815185,97.51345073368014,71.63543032171474,69.33126606777975,1,3,4,2,4,0,0,Non-Dropout
808,18,1,66.67445031864771,44.32531796659637,92.99768063936598,66.38787461508677,5,3,1,5,1,1,0,Non-Dropout
809,13,1,50.6355222878037,84.01332375932262,93.23518484297702,79.50859447902198,7,5,0,1,2,0,0,Non-Dropout
810,19,0,79.20149851859871,70.37534857618785,71.74584521505297,85.71752652045762,3,6,0,3,3,0,0,Non-Dropout
811,12,1,61.376810010359264,60.90713403753336,84.6373948262551,43.21900958284301,6,2,2,3,1,1,0,Non-Dropout
812,18,0,82.29098586878501,90.42689158425478,100.0,89.41900958827483,10,0,0,1,3,0,0,Non-Dropout
813,11,0,53.85711822398786,72.03356154292896,49.448652614972254,59.2926027159212,4,5,1,1,2,0,0,Non-Dropout
814,13,0,43.091217938009066,84.32025596313728,89.32911325547471,81.25969270938414,5,7,2,1,3,0,0,Non-Dropout
815,15,1,61.36150726953283,100.0,72.1706091574137,48.98552441323088,8,3,2,5,3,1,0,Non-Dropout
816,11,0,68.47869773843671,90.82991288441232,96.14366407774682,80.50252970903047,7,2,1,3,1,1,0,Non-Dropout
817,17,0,56.98706109171632,53.39257729905721,50.16278140299113,43.494573161140806,10,6,2,1,1,0,1,Dropout
818,17,0,19.03314696862659,64.16507489979021,75.00696854665445,81.81969530513759,3,2,0,3,2,1,0,Non-Dropout
819,10,0,70.75473717378155,84.18582693503777,53.00999686003001,74.6501949065183,5,4,1,1,5,0,0,Non-Dropout
820,12,1,70.68471035783038,90.87753803147248,25.82531548284448,41.419356684235446,8,4,0,2,2,0,0,Non-Dropout
821,19,1,75.30750917811449,67.18087448132195,100.0,84.13120654921106,6,5,0,4,2,1,0,Non-Dropout
822,18,0,59.29261346673834,78.9570695905571,59.13841216786648,50.36031936416687,5,3,0,1,5,0,0,Non-Dropout
823,14,0,58.47422401427139,78.83174212787941,48.93792007647875,82.14373392854617,1,3,2,3,2,1,0,Non-Dropout
824,15,1,86.60482659202236,81.61798370110166,55.57761356805,67.1671743721908,5,4,0,2,2,1,0,Non-Dropout
825,13,1,41.36892971267426,51.42105258467907,100.0,46.30593510933916,3,4,3,1,2,0,0,Non-Dropout
826,19,1,61.293233094985396,46.69935738941042,100.0,49.80171020835772,2,3,3,4,1,1,0,Non-Dropout
827,11,0,67.13452769197708,29.815259728772034,64.54505399350657,100.0,4,1,1,3,1,0,0,Non-Dropout
828,17,1,74.09032745021361,77.11122190779821,91.53435458158695,99.61020523859966,10,2,1,4,2,1,0,Non-Dropout
829,15,0,67.54650773606478,47.7161954570488,43.11534467605665,61.839827150555614,4,3,1,5,1,0,0,Non-Dropout
830,14,0,51.170110423076615,100.0,83.08857382994861,71.36957432221308,3,1,0,1,2,1,0,Non-Dropout
831,18,1,82.51420922031281,88.08232108932526,59.235894228126156,83.04550800364638,4,4,2,1,1,1,0,Non-Dropout
832,10,0,65.02861118415362,51.3626612177749,80.90245481494931,45.621842965170224,4,4,1,5,3,1,0,Non-Dropout
833,14,1,39.97995940262953,97.70261487553222,35.655573510712124,75.34904268847306,7,5,0,2,2,1,0,Non-Dropout
834,15,0,68.13764976160091,97.74996605674524,55.12151995268525,79.80752289961202,3,5,2,2,3,0,0,Non-Dropout
835,14,1,72.12915306832195,99.37448309850697,74.54771497025055,70.42767115214342,4,3,2,4,5,0,0,Non-Dropout
836,15,0,94.41115930097172,58.83856608990391,74.28335889927432,85.8641832211794,4,2,0,2,2,1,0,Non-Dropout
837,15,0,71.13127023305438,89.32108669784348,33.429561053372176,67.2896593627031,4,4,0,3,2,0,0,Non-Dropout
838,16,1,42.76961641977317,99.71334572018662,45.70385972628249,81.57945316033339,9,1,0,4,3,1,0,Non-Dropout
839,13,1,43.29648063787465,100.0,80.58540109942957,68.5445043041331,6,2,0,2,2,1,0,Non-Dropout
840,17,1,83.88064187297401,44.52514330067272,77.65048251842556,41.994535823795374,2,2,0,2,1,0,0,Non-Dropout
841,16,1,52.95795479976291,70.64731786180882,86.38705684777673,79.08442741986966,8,3,1,2,1,1,0,Non-Dropout
842,18,0,41.7562840378226,58.11981630975725,74.7550426194655,84.52920289133942,5,4,0,3,1,1,0,Non-Dropout
843,16,1,80.00766301637648,100.0,43.67017263342578,62.7319612275333,5,4,0,2,2,1,0,Non-Dropout
844,12,1,57.86396281677994,84.8211466770893,61.15393298349801,44.91360868501653,8,5,3,2,3,0,0,Non-Dropout
845,12,0,79.20520946239412,92.82495608764492,83.27555984044474,78.02111837972069,7,3,1,3,1,1,0,Non-Dropout
846,17,1,51.279207420058825,84.5271071140323,44.95807649249905,69.74715237266815,6,4,2,2,2,0,0,Non-Dropout
847,14,1,87.1071850049882,82.50571168813715,41.84927166867875,69.45518919719643,8,2,0,2,4,1,0,Non-Dropout
848,13,0,78.08095560399914,57.73423758079825,62.42563539452148,67.83529200447609,3,5,0,5,2,1,0,Non-Dropout
849,17,1,54.1597195009798,66.06981154306231,76.7862477638827,80.11565606889985,4,6,0,3,1,1,0,Non-Dropout
850,15,1,40.09414299658039,76.43030729002611,23.92920363668754,69.31904401369282,4,1,0,4,2,0,0,Non-Dropout
851,11,1,99.57745788131211,62.02828578723451,63.93773058437474,57.876187534762266,3,3,3,3,2,1,0,Non-Dropout
852,13,1,61.84688447010281,58.3365642047651,82.96396755017552,40.7710898440165,3,3,0,5,1,1,0,Non-Dropout
853,13,1,53.559025293864245,70.88645454107774,87.88399595468209,58.0771024936925,3,1,1,1,5,0,0,Non-Dropout
854,15,1,85.79462403244248,62.89711982643806,44.90575512625935,78.64338251723233,1,2,0,1,2,0,0,Non-Dropout
855,15,0,79.1863978011866,75.99634180354869,79.29849609984421,59.978576965657425,6,0,0,3,2,1,0,Non-Dropout
856,10,1,82.7419481496887,66.14259171065898,94.84233788888646,78.6177400768708,3,4,1,4,5,1,0,Non-Dropout
857,17,0,63.52237583723403,61.30282681019987,85.167629292028,43.78627697854742,1,3,4,3,3,1,0,Non-Dropout
858,15,0,93.21582035485437,56.44751679372355,59.70260662182797,49.825097396720906,3,3,2,1,1,1,1,Dropout
859,12,0,45.34072729172958,75.12191840091282,10.369944071838823,48.95448380538728,3,2,0,3,2,0,0,Non-Dropout
860,18,0,56.71925717663718,92.76596547714824,75.23338515647025,67.03063501980223,9,2,2,3,3,0,0,Non-Dropout
861,11,1,70.84818133572325,88.01743107891211,100.0,91.88020047355754,4,3,1,3,3,1,0,Non-Dropout
862,17,1,82.5216701635567,44.461796298221955,90.601545313228,98.664504368015,5,3,1,3,4,1,0,Non-Dropout
863,19,1,74.91738530787245,92.19501522021815,88.86455992265718,80.86307810323903,5,4,1,3,5,1,0,Non-Dropout
864,12,0,63.75701396229813,87.87618063906785,74.21196541401191,35.63134240401943,7,3,0,1,1,1,0,Non-Dropout
865,14,1,57.87278199140781,92.74546812794917,92.41956076397345,53.718784505682315,7,4,0,2,2,1,0,Non-Dropout
866,15,1,82.60266287539032,96.67224660606651,77.58121817818261,19.417237494688464,4,4,2,3,4,1,0,Non-Dropout
867,19,1,76.46594019915545,60.44692352433998,26.342901842979558,67.47804135703511,6,3,2,1,4,1,1,Dropout
868,15,0,51.882143109634036,69.00394466080363,92.28947532739366,89.37321617072014,4,2,0,3,1,0,0,Non-Dropout
869,13,0,51.435959029054594,100.0,48.471702594337316,77.23261005654334,2,4,0,3,3,1,0,Non-Dropout
870,12,1,56.81767768340727,100.0,71.68082465773685,38.51798739198505,8,5,2,1,2,1,0,Non-Dropout
871,13,0,54.89357201570938,73.46822879365298,88.47991919347693,85.83083668679183,2,6,1,2,3,1,0,Non-Dropout
872,10,0,80.44761368819701,87.06222849336987,51.27063129651137,83.064193505276,3,1,2,2,2,1,0,Non-Dropout
873,13,1,71.53598483327026,88.8119974285367,45.36358030531798,88.14692277010315,3,3,1,2,3,0,0,Non-Dropout
874,10,0,73.36680860604648,100.0,81.9292477297457,81.63662768746607,2,3,1,2,2,1,0,Non-Dropout
875,10,0,67.87504455195165,81.90560779876154,42.16151097129186,57.107962434632896,6,2,2,4,3,1,0,Non-Dropout
876,19,1,68.58156073006032,50.75426202375939,65.18009422065927,37.1762806450255,6,5,1,2,1,0,1,Dropout
877,15,0,41.27273876989533,65.47988143004937,98.20933649848061,82.56389297164873,3,1,4,3,5,1,0,Non-Dropout
878,14,0,76.91275486527152,100.0,100.0,76.6489919773401,7,4,0,1,2,0,0,Non-Dropout
879,13,0,56.54777779112836,49.82757485264113,25.459251584238913,35.421031786727966,4,2,1,3,2,0,1,Dropout
880,12,0,64.5026700042501,76.0055824325516,64.53229087496196,50.53552612225638,3,3,0,5,2,0,0,Non-Dropout
881,10,0,57.902406167969986,100.0,100.0,50.9568844132571,6,0,0,3,3,1,0,Non-Dropout
882,15,0,67.18807347727514,59.00513516431094,60.04704283170441,75.91206773330461,7,3,2,2,1,0,0,Non-Dropout
883,11,0,73.59640890865994,20.462009973473236,89.79715833070597,64.76749589967699,4,2,0,2,2,1,0,Non-Dropout
884,17,0,49.867174512150065,24.140054714062693,91.68243412064749,61.044770567025665,3,4,0,5,4,1,0,Non-Dropout
885,19,1,68.79123836366003,59.115720724723296,54.72553287757322,58.70781262540187,4,2,1,2,2,1,0,Non-Dropout
886,14,1,58.26496131869215,39.741304952201375,80.71546228769526,48.11498605181042,2,5,1,3,2,1,0,Non-Dropout
887,16,1,84.82188163814006,95.74334674525004,82.23650208227811,79.48072821573372,7,5,1,3,5,1,0,Non-Dropout
888,19,1,48.280618955305584,80.36288213619736,92.75466535941143,54.096656785522676,6,3,1,3,3,1,0,Non-Dropout
889,11,0,49.962255956539195,32.323254240032576,29.371255990282435,82.43564326705612,5,2,0,1,2,0,1,Dropout
890,17,1,59.606446729447846,43.092982154827084,100.0,44.10442704255267,4,1,0,3,5,0,0,Non-Dropout
891,11,1,51.11534427479242,99.80280986173679,87.17148143318006,57.62042518140296,7,0,1,3,3,1,0,Non-Dropout
892,13,0,61.634284805196316,78.86318111397662,41.74035951160907,94.47249883898952,5,6,0,3,3,1,0,Non-Dropout
893,10,0,57.0817174082643,100.0,66.80495334637207,68.51933467769736,6,3,0,3,2,1,0,Non-Dropout
894,14,0,66.32618566552719,97.38021536705766,90.94592403030586,57.641797143286624,2,1,1,4,3,0,0,Non-Dropout
895,18,0,80.12108041736231,51.9895859205348,43.07232632061162,55.57870118373317,4,2,0,5,2,1,0,Non-Dropout
896,10,0,66.06919408526412,92.63936131337111,46.88618903138851,51.95908920392787,7,3,1,1,2,1,0,Non-Dropout
897,18,1,67.43531841224716,86.2570213219342,70.46520079781149,71.80545459719795,3,1,3,4,1,0,0,Non-Dropout
898,17,0,49.1401609578185,35.765580914740795,59.09407241581589,78.47894673656566,4,3,1,2,2,0,0,Non-Dropout
899,15,1,62.989106692773056,47.760433415429276,76.27165284245419,68.76945862199103,4,0,1,2,5,1,0,Non-Dropout
900,16,1,58.67368292585904,100.0,90.5739449441902,64.11173768633262,5,3,1,2,4,0,0,Non-Dropout
901,12,0,75.22461445460728,56.447195241325225,76.80605352423927,74.02353064635648,2,3,2,3,3,1,0,Non-Dropout
902,10,1,53.53149525195954,83.23042232666202,69.7425325330968,43.93162842806465,6,6,0,3,2,1,0,Non-Dropout
903,14,1,52.0901661123315,71.18698503624223,90.68857880373554,70.67123102326796,5,4,1,4,1,1,0,Non-Dropout
904,11,0,69.76143795721023,78.67447903755343,67.37749363515319,71.51981530563857,4,3,1,2,3,0,0,Non-Dropout
905,14,1,94.70154581559409,72.51003863787496,51.356557326655,69.01029546865055,4,1,1,4,2,0,0,Non-Dropout
906,17,1,62.36077064038005,94.30374585886364,98.88204472563928,56.67155774907999,4,3,0,5,3,1,0,Non-Dropout
907,18,1,67.52312609345748,93.77981688705849,9.533380942192885,53.3743520887735,6,3,0,1,5,0,0,Non-Dropout
908,11,0,79.22032772532178,77.35849135148557,71.60074887596232,45.4875678241658,5,7,2,1,4,1,0,Non-Dropout
909,12,0,72.64855847922908,56.91053912793956,60.91439529749992,87.05872358628807,2,2,1,2,5,0,0,Non-Dropout
910,12,0,72.74719220573296,63.62422318102375,46.92485757202741,64.16484030699966,4,5,0,5,4,0,0,Non-Dropout
911,10,1,63.57211322122993,43.4816060639138,77.4645187800214,58.64305576376205,8,4,0,4,1,0,0,Non-Dropout
912,17,0,63.863972258326086,68.31141396480945,81.49281581347495,57.18155183944836,7,1,1,2,1,1,0,Non-Dropout
913,15,1,53.672771934102066,39.67149599112161,49.274528612691526,50.652607373482724,10,1,1,1,3,1,1,Dropout
914,17,0,72.29559881452074,79.37694399424812,35.10066844237817,56.964440979867454,4,2,0,2,3,1,0,Non-Dropout
915,18,1,71.95331644997964,80.91996457315672,37.35091800118968,83.16844507219758,4,7,0,4,2,1,0,Non-Dropout
916,14,0,75.75746791540703,95.10503923303861,100.0,73.72566907674492,2,3,0,1,1,0,0,Non-Dropout
917,12,0,57.67843294169982,50.59828413504337,100.0,77.42740113660355,2,2,0,3,3,1,0,Non-Dropout
918,14,1,77.45201599067909,51.956093978309156,70.73876103485236,79.38929610552631,5,3,0,3,1,1,0,Non-Dropout
919,14,0,82.00002182221905,100.0,35.710665495966595,97.99745200553123,5,0,1,2,3,1,0,Non-Dropout
920,14,1,46.790628225856096,47.62539074096334,66.36622380218515,65.41580273274914,5,7,2,3,1,1,0,Non-Dropout
921,12,0,60.54691130963891,100.0,14.983177691326226,58.58018102830942,8,4,1,3,1,1,0,Non-Dropout
922,19,0,82.62535372941258,56.522057669586495,77.86696365458677,71.55765912170679,5,2,1,1,3,0,0,Non-Dropout
923,13,1,55.25666450220672,56.66183407839518,45.148468945090485,74.7301491337388,9,3,1,4,3,1,0,Non-Dropout
924,18,1,72.93143790775011,91.85619691427483,39.74500386018135,64.48931256843039,6,1,1,2,3,0,0,Non-Dropout
925,19,1,65.12864003003646,85.9878305739546,94.44082417003573,51.5905372189514,5,5,0,2,1,0,0,Non-Dropout
926,18,0,69.96318982135263,100.0,66.14385567439464,67.78995164188501,7,5,2,3,2,1,0,Non-Dropout
927,11,1,65.58584454038316,37.17391695539573,91.64199130115146,73.16735499237029,2,4,1,1,1,0,0,Non-Dropout
928,17,0,76.19256476846408,85.67270855610167,100.0,70.21082261324108,3,5,0,4,5,1,0,Non-Dropout
929,17,1,49.67724296204183,74.08052891393038,67.76470929094432,37.43541046353606,6,3,0,5,4,1,0,Non-Dropout
930,16,1,51.300151338165705,53.46543891132082,69.87104446919537,41.148657507354,2,3,1,3,3,1,0,Non-Dropout
931,17,1,86.96770325400286,100.0,96.4568301994898,75.75176421911564,4,2,3,2,2,1,0,Non-Dropout
932,12,1,96.50544919977978,79.70699597766182,56.530555651536055,59.415337492281395,3,8,1,4,2,0,0,Non-Dropout
933,15,1,64.91870842060456,73.74301785254849,98.86584144763569,98.36858874128495,7,2,0,2,4,1,0,Non-Dropout
934,10,1,90.72899063227564,84.08012451187702,19.418911781180043,85.11741098831106,6,2,3,2,3,1,0,Non-Dropout
935,16,0,53.423380294797155,40.4329146577447,61.12977355330445,45.978050739823686,4,4,2,5,1,1,0,Non-Dropout
936,10,1,57.02621174771064,50.02787949157947,74.68107555840344,80.39772925894765,5,1,1,3,3,1,0,Non-Dropout
937,18,0,86.86231267618058,68.34757686258095,39.87497139436566,89.00865305308342,7,3,1,2,4,0,0,Non-Dropout
938,10,1,77.06159792935037,81.3280336158857,79.2384737474022,58.320895509818,7,1,2,2,3,1,0,Non-Dropout
939,10,1,89.09640646898387,100.0,74.30519929964214,63.707335688191186,1,1,0,3,1,1,0,Non-Dropout
940,16,1,72.02833653588507,57.30157541601892,51.695187242142524,56.779444272308055,5,2,1,3,3,1,0,Non-Dropout
941,11,0,49.81180885228587,52.73417360670611,50.73880727031424,48.16015341616814,4,4,0,2,3,1,0,Non-Dropout
942,14,0,68.35366036254015,85.02852733507012,48.198962605547806,88.65466920602951,6,3,0,1,3,0,0,Non-Dropout
943,17,1,83.03003807702015,72.28203979268946,30.836787596939892,26.15039258686224,6,2,1,2,3,1,0,Non-Dropout
944,17,0,63.00897196030742,36.57451203886772,100.0,54.88128240013779,6,2,1,3,4,1,0,Non-Dropout
945,12,1,60.703497222414214,56.632490532343276,64.7403059072286,58.66310996032023,7,2,1,2,1,1,0,Non-Dropout
946,16,1,72.25780104446184,71.36464026503842,36.176598201982095,67.3578193340524,8,0,1,4,2,1,0,Non-Dropout
947,12,0,56.607406016822075,71.91592980577174,66.94225294534722,46.40455620023698,3,3,1,2,2,0,0,Non-Dropout
948,15,0,69.43250724670251,76.79716545666463,75.99716715397858,85.32401581127537,6,2,1,2,2,1,0,Non-Dropout
949,15,0,65.95252197007186,48.993608799066465,49.5481777879007,37.46150445485357,2,4,1,2,3,0,0,Non-Dropout
950,12,0,57.643783088773695,72.3797050896199,60.88316491642042,37.6809125373001,2,5,1,2,3,1,0,Non-Dropout
951,16,1,79.71105847801121,93.94156753955767,100.0,65.87079664865101,1,3,0,2,2,1,0,Non-Dropout
952,12,0,74.68981908426161,17.247313985656874,40.804695497447184,45.69570376630011,5,4,1,1,3,0,1,Dropout
953,17,0,59.69494123570061,69.3522001672153,55.45948848771911,68.11636930656131,5,1,1,2,2,1,0,Non-Dropout
954,19,1,64.7755810258989,41.76058524570451,19.864501299134446,53.89859455338716,4,3,0,3,5,1,0,Non-Dropout
955,13,0,60.93086600228244,74.35536622477325,100.0,77.1109328609098,4,2,1,2,1,1,0,Non-Dropout
956,10,0,55.420285411355714,44.90430215789164,86.45391402384934,51.08197091312541,3,1,0,5,2,1,0,Non-Dropout
957,13,0,39.525954913894466,77.68149069806114,68.76087131579678,86.66826158429414,3,1,3,1,5,1,0,Non-Dropout
958,16,0,57.742583834658916,100.0,52.048247587868055,74.44111271705931,5,3,0,2,5,1,0,Non-Dropout
959,13,1,55.63958752526566,55.410817555912075,50.79976912391335,53.62857059478122,5,8,3,2,4,0,0,Non-Dropout
960,15,1,66.72336061753039,58.311181310111856,63.2729672915624,74.36369606949098,2,2,1,4,1,0,0,Non-Dropout
961,18,0,71.61048202292369,65.60297301134398,82.40375139102132,67.19023913912677,3,2,1,2,4,0,0,Non-Dropout
962,10,0,52.96722995295673,81.37364306458925,43.410425831733754,76.78265788274862,5,2,0,3,1,1,0,Non-Dropout
963,14,1,70.60246042590508,54.6190745774782,58.422079901151285,73.99165495697487,2,2,0,1,1,0,0,Non-Dropout
964,16,0,50.65631325699988,67.39577689089492,91.43151467279526,70.3893029417057,8,3,2,1,1,0,0,Non-Dropout
965,10,0,63.12061226542317,61.6101950927968,100.0,65.96978081148822,1,4,1,1,3,0,0,Non-Dropout
966,13,0,55.9637134900875,65.66945010527277,83.58813978004233,78.56710982792984,2,1,0,1,3,0,0,Non-Dropout
967,15,0,76.19260457118565,81.60822644725556,53.444360163662196,82.55894887220195,10,1,0,2,2,1,0,Non-Dropout
968,11,0,66.75159649991897,86.02127659136441,66.12473943239098,67.04850501348349,7,2,0,3,3,1,0,Non-Dropout
969,19,0,63.34748111252331,45.46398706368058,80.3071783469105,74.09222849627913,2,3,1,4,2,1,0,Non-Dropout
970,14,0,55.62125359827672,81.5301619532595,62.71315955859065,79.0588731805614,4,3,2,3,5,0,0,Non-Dropout
971,19,0,60.06738037435191,100.0,87.79587207693038,89.1039054037705,4,6,0,1,2,1,0,Non-Dropout
972,10,0,92.43591218489077,100.0,51.748860154337535,86.48185180969743,3,2,0,3,3,1,0,Non-Dropout
973,15,1,57.48373818916181,62.16284761860308,100.0,80.44785268818748,6,5,1,3,1,1,0,Non-Dropout
974,15,1,72.19110376394725,77.63807057461068,67.81221033992848,58.78816336309882,4,1,2,2,1,1,0,Non-Dropout
975,13,1,63.31030524668467,74.32843468552632,54.222142373349755,45.306885217732685,4,4,0,1,3,1,0,Non-Dropout
976,17,0,71.76237971861056,84.18909437937378,84.79012504871818,73.38945634088671,5,5,0,1,2,0,0,Non-Dropout
977,13,0,77.55463809039858,66.55570830168816,45.52135220563786,73.27590527179255,6,1,2,2,5,1,0,Non-Dropout
978,17,1,59.69032260018385,69.6170032852108,73.69797564506939,59.04586715025168,6,4,2,4,1,0,0,Non-Dropout
979,17,0,75.64660139667684,60.383520980389676,100.0,44.98627932375071,7,2,0,1,5,1,0,Non-Dropout
980,14,1,100.0,96.90877157032803,39.58650287404356,89.83690269131647,5,4,0,1,1,0,0,Non-Dropout
981,13,0,73.51309991287557,81.2194242782543,99.78447922120137,71.3839087766886,2,2,2,2,3,0,0,Non-Dropout
982,11,1,89.20372196899694,81.37112096931159,37.723844552767694,46.876309299623124,9,4,2,2,4,0,0,Non-Dropout
983,12,1,72.21569000159921,99.36758291569681,90.51188137651049,63.09530759887799,7,1,3,5,2,0,0,Non-Dropout
984,12,1,51.020575667037406,99.66346389730059,46.33411899439766,44.844727332037834,4,6,0,3,3,1,0,Non-Dropout
985,13,0,69.13540995879475,95.88996065403786,99.79556304555031,75.2267635182477,4,2,1,4,2,0,0,Non-Dropout
986,13,1,60.04424305685104,99.0632816422414,55.59766800319169,92.7512222386454,0,7,3,2,2,1,0,Non-Dropout
987,19,0,56.060889540236396,100.0,61.0871172995055,62.20965466375246,9,5,0,5,1,0,0,Non-Dropout
988,14,0,63.91122184396571,55.66761718875864,46.53896490574715,63.61271379628573,6,2,0,3,2,1,0,Non-Dropout
989,13,0,62.678748819068716,69.02643873910151,9.700320609294238,60.85569745841755,6,2,0,2,4,1,0,Non-Dropout
990,19,0,49.10112641310708,89.17896665580105,41.44144898204344,61.634052194052515,4,4,1,4,3,1,0,Non-Dropout
991,17,0,100.0,57.28940846709132,27.886387961979082,53.361120181896155,4,4,1,4,4,1,0,Non-Dropout
992,15,0,77.11806371708295,67.73491190979541,18.9528580148339,85.73064289998855,6,5,1,2,2,0,0,Non-Dropout
993,15,0,68.66585368763172,78.88834442288953,77.34849620715578,67.92542002548122,7,1,2,4,1,1,0,Non-Dropout
994,17,1,66.34820166876459,70.39728930580894,100.0,65.95074363326017,6,1,1,2,5,1,0,Non-Dropout
995,16,1,83.03522929432845,76.32037498686394,100.0,61.60919666819867,4,2,2,3,5,0,0,Non-Dropout
996,19,1,96.1335554346424,52.09216556230186,40.93506780130318,45.90655319179611,7,3,2,2,4,1,1,Dropout
997,19,0,75.27628058018861,74.24490584632272,67.25206826992621,79.07573240303847,3,3,0,3,3,1,0,Non-Dropout
998,17,0,66.8178905717648,77.6804813236169,99.11968312065417,86.34438024784737,6,6,1,4,3,1,0,Non-Dropout
999,11,0,87.08966107966425,100.0,37.210008857002244,37.07798241556455,2,3,1,2,4,1,0,Non-Dropout
1000,18,0,67.13538864403792,69.62741118234996,100.0,75.64170795398599,6,0,1,4,2,1,0,Non-Dropout
1001,10,1,71.52972214437652,61.99472458488984,100.0,77.93676128206594,5,4,1,3,3,0,0,Non-Dropout
1002,17,0,80.01516380047757,89.25888118902907,21.34717452541522,84.26307778698751,4,4,1,4,2,0,0,Non-Dropout
1003,13,1,59.2028129318861,11.505021237330475,11.097940492554109,83.08197832985789,3,3,1,2,1,1,1,Dropout
1004,13,0,33.86248403891154,68.65303089110759,59.99377158367631,100.0,4,7,0,1,4,1,0,Non-Dropout
1005,14,1,58.47379662004972,64.72573076574882,93.45187092432666,71.00390934624576,9,6,0,3,3,1,0,Non-Dropout
1006,17,0,76.59501394069079,80.2184331361341,32.00682172198129,79.89017284666846,2,2,1,4,2,1,0,Non-Dropout
1007,14,1,75.53826346577267,99.92452508681251,19.042364753313237,65.18648371415843,3,2,1,1,1,1,0,Non-Dropout
1008,17,0,85.14005164118902,100.0,71.60917117853226,52.957477355089175,5,5,7,3,1,1,0,Non-Dropout
1009,19,1,59.047534491957315,79.93895372504691,85.81898272666027,75.62410162453897,3,2,2,2,3,0,0,Non-Dropout
1010,10,0,88.71387864420146,43.96632577111845,52.99541945222782,79.90691001364698,4,0,0,5,5,0,0,Non-Dropout
1011,19,1,67.77601745677941,64.71626787317605,55.03864872136232,70.12677457884105,6,1,0,4,2,1,0,Non-Dropout
1012,18,1,74.0661974384552,66.90899750114947,85.66720563336638,40.096321509188996,11,4,0,1,2,0,0,Non-Dropout
1013,15,0,78.55419137441459,82.34430851604267,48.25198180887415,43.265652180235264,6,2,1,2,3,1,0,Non-Dropout
1014,12,1,44.27501559659454,76.12493080320861,50.12833835024108,76.50942498199369,3,3,2,4,4,0,0,Non-Dropout
1015,17,0,49.92654211059613,61.23403744327344,76.93217265882757,59.51394322637874,4,3,3,3,4,1,0,Non-Dropout
1016,18,0,49.42864224399131,49.96703116167062,79.72494863711032,70.34139939381782,7,10,0,5,3,0,0,Non-Dropout
1017,15,0,81.08325777273228,57.62846200713816,64.40185437707629,72.24036827021959,1,3,2,2,2,0,0,Non-Dropout
1018,16,1,60.418150823911574,56.89306232868933,100.0,63.28374590408725,5,3,1,4,1,1,0,Non-Dropout
1019,10,1,95.41372959987078,100.0,88.74432564334288,61.158736243339234,4,2,0,1,1,0,0,Non-Dropout
1020,14,0,65.05063962338389,59.60682787386745,61.22655283735034,63.045995583246054,3,1,1,3,5,0,0,Non-Dropout
1021,14,0,42.929392278777485,76.20272111432514,37.73224266964072,73.87235363613553,9,3,1,5,2,0,0,Non-Dropout
1022,19,1,54.91373733942224,94.36882816695189,94.78556530591324,72.19996925500212,4,1,0,3,1,0,0,Non-Dropout
1023,13,1,66.7606454482899,78.89796572865303,95.66189801020485,53.015381040842335,1,0,2,1,1,0,0,Non-Dropout
1024,15,1,72.72784796290219,53.27994718109533,67.52434318279867,64.77745963205523,5,4,1,3,1,1,0,Non-Dropout
1025,16,0,50.2274340787644,94.70170055598574,76.92205103476044,49.08939671002071,8,4,1,2,2,0,0,Non-Dropout
1026,18,0,73.52721157709406,82.08374239406744,87.53108856987527,72.71533626370419,7,2,1,3,4,0,0,Non-Dropout
1027,10,0,77.53314135568935,31.29024528291417,100.0,58.01686675508624,3,4,3,2,5,1,0,Non-Dropout
1028,15,0,55.385786006670045,99.9144287198856,92.1814873640374,75.79658192973908,3,2,2,2,3,1,0,Non-Dropout
1029,16,0,94.53735818088721,92.46759406206705,81.12543994753547,61.393562209595295,4,2,0,2,2,0,0,Non-Dropout
1030,12,1,57.01011464974165,81.77000972860498,93.24374268319049,82.16009038446452,9,4,0,1,1,0,0,Non-Dropout
1031,17,0,50.00182888676685,100.0,98.77809249016858,84.99589674320931,3,2,1,2,2,1,0,Non-Dropout
1032,14,1,42.06166227910189,92.00935407025118,76.76798593639845,71.66302010275143,7,2,1,4,3,0,0,Non-Dropout
1033,18,1,83.30961048038245,97.55883617545754,92.93823171727794,59.49135080887425,8,5,2,4,5,0,0,Non-Dropout
1034,14,0,65.34324316018855,95.72803181437064,53.0922786377459,50.94054211409907,8,1,1,3,2,0,0,Non-Dropout
1035,18,1,57.810710158034155,90.14087981488032,95.88164431329244,79.42448137940568,3,5,1,1,1,0,0,Non-Dropout
1036,19,0,42.88792346852259,39.18234307725703,53.300058262200494,64.00709881291493,1,2,1,4,5,1,0,Non-Dropout
1037,13,1,59.16123614649555,41.57065484132761,44.79172059688286,65.72225013537634,2,5,2,4,5,1,0,Non-Dropout
1038,18,0,100.0,92.01680965685736,66.77893300631663,59.17395058975162,2,2,1,1,4,0,0,Non-Dropout
1039,14,0,32.83268744358324,99.6330147815026,36.4560497535278,44.25809671115309,3,1,0,2,4,1,0,Non-Dropout
1040,19,1,55.52512398451175,60.89653204863163,55.08746088697118,81.11724527911355,2,5,1,3,4,1,0,Non-Dropout
1041,18,0,91.89175955063315,52.724743124679755,79.46184541641477,63.72928264048699,8,4,1,4,1,0,0,Non-Dropout
1042,12,1,83.73459570604284,80.2530027358703,76.94810487441933,37.06625490130263,8,3,2,3,2,0,0,Non-Dropout
1043,13,0,56.440614975780775,45.95890486154755,85.9889641375336,62.92957103255666,3,5,0,2,4,1,0,Non-Dropout
1044,18,0,68.0539264540296,71.62204311752353,86.37507836548626,44.67959197334004,6,2,0,2,4,1,0,Non-Dropout
1045,19,0,71.94406107041614,67.89787052969464,79.35525634475063,73.8556792383988,4,4,1,2,2,1,0,Non-Dropout
1046,15,1,67.007578727109,70.51086593996855,48.708788142918436,71.79504865179403,10,3,0,1,3,1,0,Non-Dropout
1047,11,1,91.76675314413764,100.0,93.08174726363637,87.62381957950248,6,6,1,4,1,1,0,Non-Dropout
1048,16,0,70.0963130818693,62.320170830785344,67.25955850890047,42.851234741774476,4,5,3,1,4,1,0,Non-Dropout
1049,11,1,82.03274436444556,76.06817387890217,76.00678306908867,86.55812208830028,7,3,1,3,2,1,0,Non-Dropout
1050,11,0,67.72398153643424,48.75687596461521,72.60267867319193,72.79002121252832,2,3,0,1,1,0,0,Non-Dropout
1051,10,1,34.51416780910302,93.80748073831573,100.0,44.49630243613018,2,4,1,2,4,0,0,Non-Dropout
1052,12,1,47.11380869965275,71.4082895178617,40.128124104063545,92.40526267148825,8,2,3,1,1,1,1,Dropout
1053,15,0,50.22683226040963,98.5661649055553,61.42190717861767,63.13311244838085,2,3,1,3,2,1,0,Non-Dropout
1054,17,0,61.26071214085991,25.85785773515206,83.2838635676197,47.131479123183794,5,4,1,5,1,0,0,Non-Dropout
1055,18,0,96.17621358521586,73.83738037396556,70.54771477306119,80.59374612866904,9,3,1,3,2,1,0,Non-Dropout
1056,16,0,70.43617194313177,77.6425507131315,57.88254271529351,48.66640349554629,5,4,0,2,5,0,0,Non-Dropout
1057,13,0,63.41317846902852,93.23046555810984,22.049081013612266,82.34331647736568,5,5,2,5,3,0,0,Non-Dropout
1058,15,1,83.57836994233472,62.16002429537407,62.82674122380037,62.12065299359984,5,5,1,2,5,1,0,Non-Dropout
1059,14,1,43.221744867473774,90.7364962878232,79.06061311533921,59.76165423930175,4,3,0,2,2,1,0,Non-Dropout
1060,17,0,57.65457244777642,64.45128970942808,83.58787103243918,45.47538289193984,5,0,1,3,4,1,0,Non-Dropout
1061,10,0,55.44007019089939,76.87514357808375,65.79814466786095,49.346139925612476,5,2,2,5,5,1,0,Non-Dropout
1062,10,0,70.97062339202208,93.43903114509952,74.44941779636132,67.4069790881243,10,2,1,4,1,0,0,Non-Dropout
1063,15,1,78.43754438530951,56.40460961346881,41.41291240954344,40.41199002253727,8,4,0,2,5,1,0,Non-Dropout
1064,19,0,72.07228328040844,89.81169341461784,79.73507401472315,75.33837956630876,2,7,0,2,4,1,0,Non-Dropout
1065,11,0,72.30974724828367,81.69805143972047,70.2359573109028,57.127792114810056,6,3,0,2,3,0,0,Non-Dropout
1066,14,1,59.58336321173081,68.32651738052127,74.13023361596835,59.054165317677615,6,3,0,3,3,1,0,Non-Dropout
1067,10,1,69.8113978717421,61.63586809261378,64.51389739633568,73.74747306445211,3,4,0,2,2,1,0,Non-Dropout
1068,16,1,52.40243193829415,32.98342264398399,75.32057485377256,61.938909928478544,9,4,4,4,3,0,1,Dropout
1069,10,1,75.11208402511699,73.39468087282101,85.8652979912786,83.45864393618614,2,4,0,3,3,1,0,Non-Dropout
1070,13,0,57.49095493005019,68.35996655331469,76.38645894595571,34.24467139374276,5,3,1,2,3,0,0,Non-Dropout
1071,18,1,48.17735659549439,87.78263517371164,24.427885225762132,77.00678404370613,2,1,0,1,2,0,0,Non-Dropout
1072,10,1,65.56729153748128,85.75995932098002,76.90413620552583,65.3613341188499,5,5,1,2,3,0,0,Non-Dropout
1073,13,0,36.30325753482968,96.40234608722807,60.30332012917472,55.131778029358216,3,0,1,2,1,1,0,Non-Dropout
1074,15,0,87.1155510799401,97.13458568038807,52.29513937789398,79.23486689844127,1,3,2,3,1,0,0,Non-Dropout
1075,15,0,76.95648495367548,100.0,100.0,73.80235655186165,7,4,0,3,1,1,0,Non-Dropout
1076,17,1,70.05454775371703,85.27319937741568,46.687121749984215,68.4250888592649,6,4,0,2,3,1,0,Non-Dropout
1077,10,0,40.64472881907875,57.7905882118291,49.50800958652654,61.20380418680477,8,2,0,4,4,1,0,Non-Dropout
1078,16,1,54.49714725389878,91.52385978380559,13.965260318649804,54.41800990038429,4,5,1,4,1,1,0,Non-Dropout
1079,10,1,65.60837652307778,100.0,100.0,48.81586908393543,1,1,2,2,5,0,0,Non-Dropout
1080,16,1,61.053428434621885,84.49794648764784,92.27863651548451,85.48902759519619,5,2,1,1,2,1,0,Non-Dropout
1081,12,0,39.67152551828791,32.51417889582062,61.69428333117192,77.40103773164337,4,2,1,1,3,1,0,Non-Dropout
1082,17,1,45.253564916957885,86.10720408005886,85.31999516197439,73.5298054496806,5,5,0,2,1,0,0,Non-Dropout
1083,12,0,60.753584046296325,62.402563054569654,14.360545092365719,58.59504006868563,3,5,1,3,2,1,0,Non-Dropout
1084,10,0,45.75065902124251,48.561482398410554,81.88214436405819,95.50839375167402,4,4,1,3,2,0,0,Non-Dropout
1085,17,0,85.57080985824892,78.73373546608191,48.57330175633915,54.5832798220125,5,2,2,3,2,0,0,Non-Dropout
1086,12,1,72.41807539108748,44.48370034768421,100.0,59.328922572408445,8,2,2,2,4,1,0,Non-Dropout
1087,11,1,52.94803836141453,95.46294208591311,79.18855996848201,92.1943144169758,5,3,1,1,3,1,0,Non-Dropout
1088,10,1,82.5373224202357,89.61758334864952,73.27516930037949,64.21386607221159,12,2,1,1,2,1,0,Non-Dropout
1089,12,0,79.51559883010535,73.26662119501773,49.48237785216272,91.07164566512304,5,1,0,2,4,0,0,Non-Dropout
1090,11,1,69.33437534580379,63.99843535584813,49.63873526962371,70.67892819472824,6,1,1,2,3,1,0,Non-Dropout
1091,11,1,64.40620649804069,71.31801424552503,84.8138384660401,57.27833021576319,1,2,2,3,1,0,0,Non-Dropout
1092,15,1,60.522892876552405,54.781695047957044,49.24830180797211,62.06286307997151,7,2,1,3,3,1,0,Non-Dropout
1093,10,1,56.90091938327515,73.45911415838462,48.26544087025305,54.24791717190283,3,1,2,2,4,1,0,Non-Dropout
1094,11,1,44.948121211882196,18.110818450129067,100.0,75.39999328609747,8,2,1,3,3,1,0,Non-Dropout
1095,15,0,87.92493132646999,76.7741992685374,77.18875141160294,83.3433360366544,5,4,0,3,3,1,0,Non-Dropout
1096,12,0,57.19230171843175,77.28439883177845,42.59527931711146,72.00988102451556,4,5,3,4,3,0,0,Non-Dropout
1097,13,0,65.423009145685,91.90299336181482,83.79366387173252,69.25444498554356,6,4,1,1,5,0,0,Non-Dropout
1098,10,0,51.34628215549071,80.99623151986842,63.02349634456976,49.41148115692928,4,4,0,2,3,1,0,Non-Dropout
1099,17,1,61.10824225086005,94.54669523742999,25.854436592065156,81.40088752662818,6,5,0,2,3,1,0,Non-Dropout
1100,16,0,100.0,85.94062218104784,57.52478737260669,77.59845328515249,5,3,0,2,4,1,0,Non-Dropout
1101,16,1,54.11003144382159,95.73048540812246,43.78546719645367,69.17138240845345,5,3,1,2,3,1,0,Non-Dropout
1102,12,0,86.72893661812327,100.0,76.3944391071318,60.47940867889415,5,2,1,5,2,0,0,Non-Dropout
1103,19,0,64.58291724269151,83.40034283896739,53.61044947095972,65.65857310503314,4,2,0,4,2,1,0,Non-Dropout
1104,19,0,75.19907695241969,78.68048289534725,72.27255626109542,51.351608569418495,4,2,1,3,5,0,0,Non-Dropout
1105,12,1,83.66870383094377,98.74097842536311,86.65649210241408,42.88523173575118,4,4,1,2,4,1,0,Non-Dropout
1106,11,1,69.08401076608996,65.63536994459275,100.0,60.50229143752232,5,6,1,2,1,0,0,Non-Dropout
1107,10,0,59.72439265429565,72.61624468069165,100.0,52.099634241173185,6,3,1,2,1,1,0,Non-Dropout
1108,16,1,62.20863532576341,83.4198923655714,75.58123547020105,57.38546378408964,6,3,0,3,2,0,0,Non-Dropout
1109,16,0,62.71357277530493,76.44830075457008,68.68489630809883,57.68073211787285,11,9,0,2,2,0,0,Non-Dropout
1110,11,0,92.96555835373118,76.35826881601776,55.122707277818,63.82961751094639,8,3,0,1,3,0,0,Non-Dropout
1111,16,0,42.73811334259414,92.99558406652626,28.92255083543545,62.84457323506739,6,3,0,2,3,1,0,Non-Dropout
1112,17,1,38.43909563310811,41.0789032096088,12.84215453514905,19.202699526505086,5,6,1,2,2,1,1,Dropout
1113,10,0,39.43920624203349,100.0,48.93240015848133,70.21846320457212,8,4,0,3,1,0,0,Non-Dropout
1114,18,0,51.59102849641366,84.71800035969123,100.0,66.97244809513383,3,1,1,2,3,0,0,Non-Dropout
1115,16,0,75.50124615797543,66.99477340371486,100.0,79.41721486659243,7,3,2,1,1,0,0,Non-Dropout
1116,12,1,76.42128938606297,100.0,71.79108223927284,61.792848488213,6,2,1,3,2,0,0,Non-Dropout
1117,17,0,55.88746037889939,77.07068101407468,81.63040394202748,81.26650363404586,5,5,2,4,2,0,0,Non-Dropout
1118,16,1,64.57262708510241,77.59797075192515,54.88207299844133,62.70453857116313,4,0,1,1,1,0,0,Non-Dropout
1119,17,0,48.25552047368248,70.70593434626738,69.24623914275841,70.10117888535325,7,1,1,3,3,0,0,Non-Dropout
1120,15,1,49.64671568890448,100.0,50.59566489359497,51.24297593943287,3,0,3,3,3,1,0,Non-Dropout
1121,18,0,73.69800258517317,74.81298041664216,50.55074917275975,82.04120366742458,4,3,0,2,2,1,0,Non-Dropout
1122,14,0,80.71526091662597,63.83168068278404,85.31344646563863,84.49996411217404,5,2,2,4,1,1,0,Non-Dropout
1123,12,1,57.84771763354786,94.97545937719701,54.86766072123333,93.249735307769,1,6,0,3,2,0,0,Non-Dropout
1124,12,1,89.52522681246205,98.65910751510731,82.30414573460781,56.86337853296264,4,1,1,3,2,0,0,Non-Dropout
1125,10,0,79.48408023179165,100.0,66.32021361550505,72.94528453963673,5,4,0,4,4,0,0,Non-Dropout
1126,17,1,88.87588778383326,87.67198084099267,100.0,43.403023978095504,7,1,1,2,3,1,0,Non-Dropout
1127,11,0,60.48592896357623,97.92532990486299,83.80853249775849,36.691492602149935,4,2,2,3,1,0,0,Non-Dropout
1128,12,0,87.81029368448968,69.81493614803415,76.1081575398351,73.45153430179779,6,2,1,1,5,1,0,Non-Dropout
1129,17,0,97.69313959963662,95.51598839896613,34.241908356736324,63.30739779383506,3,5,0,2,1,0,0,Non-Dropout
1130,17,1,58.81223699965971,89.85045211867734,57.737263244273215,45.723649293812116,4,3,2,3,3,1,0,Non-Dropout
1131,13,0,62.687464424478705,85.60920537885319,68.74289186294541,67.68695902676413,5,3,1,1,2,0,0,Non-Dropout
1132,13,1,50.784222463904015,43.85750478465941,71.36402979315395,79.00461276301498,7,1,0,2,3,1,0,Non-Dropout
1133,14,0,47.836773557587584,67.23652052911851,86.5807195493125,65.94648178721187,3,3,0,3,1,0,0,Non-Dropout
1134,15,1,48.01172988100558,74.08569986640286,75.15050350360868,83.42716105494566,8,8,1,2,3,0,0,Non-Dropout
1135,14,1,52.82800802319061,85.63192054470457,44.16929959510321,55.088658703777355,5,8,1,2,3,0,0,Non-Dropout
1136,16,0,69.12106968478356,100.0,84.80285645054038,81.2411550953303,6,2,1,4,3,0,0,Non-Dropout
1137,11,1,53.462006908679726,92.18487832704182,58.4683230745326,59.243438259943886,2,1,0,5,3,0,0,Non-Dropout
1138,16,0,68.66243831880303,58.79973278457276,53.81171308393231,83.4524839586295,3,1,3,1,1,1,0,Non-Dropout
1139,19,0,68.97267726792428,65.39512960301765,42.43217464606645,45.93213717667326,3,4,0,5,3,0,0,Non-Dropout
1140,16,0,57.94813409188432,100.0,61.216790978242884,68.46103195659576,7,3,1,2,2,0,0,Non-Dropout
1141,10,0,64.06044343146043,64.51559571764265,56.06974903795236,68.42929829335738,9,4,1,2,1,0,0,Non-Dropout
1142,16,0,57.0813141097053,95.37408995042694,99.01853340022356,72.15673857834553,8,2,0,1,2,1,0,Non-Dropout
1143,14,1,60.33890340085322,77.34444180471351,63.31224358083657,59.72870146848855,2,4,0,3,2,0,0,Non-Dropout
1144,12,0,52.86705538303678,71.67222121067147,83.30403913112042,71.47514789302835,4,5,0,3,2,1,0,Non-Dropout
1145,12,1,66.26157034674225,64.81869220084164,24.931541156982014,62.02568759421809,5,4,1,1,4,0,0,Non-Dropout
1146,13,1,55.99181201810251,14.07150958135059,88.6107985357937,57.10125949738197,4,2,2,5,4,0,0,Non-Dropout
1147,11,0,47.50901186093307,85.79502248401604,86.0345874900693,86.2113910510879,6,1,3,1,1,1,0,Non-Dropout
1148,11,1,73.90143333272806,53.95740473979862,33.606802708197954,66.17048810854384,6,4,1,2,3,0,0,Non-Dropout
1149,10,0,74.40936801928196,46.632648004703086,48.20393668904395,42.292529558627805,5,2,0,3,1,1,0,Non-Dropout
1150,14,1,81.67547803466161,79.95549403771702,53.425144737878966,54.90454926991025,5,1,1,4,1,1,0,Non-Dropout
1151,13,1,49.634039380937324,95.59085755915551,64.93262232952688,86.77230940745359,7,4,1,2,2,1,0,Non-Dropout
1152,19,1,57.786090399335194,41.06383823814548,52.37727372143941,51.37089268165922,3,5,1,2,5,0,0,Non-Dropout
1153,11,0,68.45743107634584,95.06791015294057,63.875960379329555,73.11267309153138,2,3,0,4,5,0,0,Non-Dropout
1154,12,1,57.469401847816094,56.93588153743268,86.33908809271657,54.581869714784176,6,3,1,2,3,0,0,Non-Dropout
1155,16,0,73.56367975711733,87.97862112065845,56.04581006448517,43.42693004412318,6,3,1,2,2,1,0,Non-Dropout
1156,16,1,72.46899331225904,86.57898407803667,77.43117527326446,72.20682329917705,8,7,5,1,2,1,0,Non-Dropout
1157,13,1,72.18943034286599,70.86713103102807,74.38846157294833,60.07121138201061,7,1,4,3,1,1,0,Non-Dropout
1158,14,1,86.89500849956397,75.59745869122995,0.0,88.82792652045129,5,2,1,1,1,1,1,Dropout
1159,14,1,74.66115611687674,67.07599353044543,49.80433325891079,81.88315832916842,3,1,0,3,2,0,0,Non-Dropout
1160,15,0,67.3083666722214,80.27074513854988,94.64159696869991,83.97886878231772,3,3,0,2,3,1,0,Non-Dropout
1161,18,0,62.096967701051945,80.09412186030562,47.63164758118437,80.99130095322161,6,5,2,3,3,1,0,Non-Dropout
1162,11,1,63.14203837734776,56.52229592038597,43.229199904318506,75.34268449878907,7,2,1,4,3,1,0,Non-Dropout
1163,14,1,49.0368476923989,47.843361537196785,95.89733242427232,44.51293640348734,10,3,1,3,3,1,0,Non-Dropout
1164,12,0,38.51434719574968,95.16708366380965,73.83610125692881,61.49068438709134,6,3,1,2,3,0,0,Non-Dropout
1165,13,0,71.95634191596595,79.08021361308997,100.0,75.06311166602472,6,4,0,5,5,1,0,Non-Dropout
1166,19,0,83.35449406344598,92.39672565965172,58.380008562012264,60.64391840547703,5,1,1,1,3,1,0,Non-Dropout
1167,15,0,60.048276150458946,61.591924407120686,100.0,64.5500252757148,2,3,0,1,4,1,0,Non-Dropout
1168,17,1,88.80641238548895,58.51123124410451,47.77891528357215,75.86917565142699,5,2,0,2,1,0,0,Non-Dropout
1169,10,1,62.35231350377794,54.76326144260284,5.788662662621306,80.84085535077271,7,5,0,2,4,1,0,Non-Dropout
1170,19,0,35.69342028330486,71.38484844059548,86.83182455393677,51.16111053110757,8,3,2,2,3,1,0,Non-Dropout
1171,17,0,78.77373880594405,79.64892575175821,84.33080932818025,75.05061513694821,3,2,0,2,1,1,0,Non-Dropout
1172,16,0,57.81067644142782,64.12350265585135,86.82204053262706,73.47441833653717,5,3,0,2,2,0,0,Non-Dropout
1173,10,0,80.13168016280021,100.0,64.83655189349153,50.16697139995618,6,3,1,5,2,1,0,Non-Dropout
1174,11,0,45.8370877410254,62.15704414238618,100.0,58.90275099628269,7,1,1,2,2,0,0,Non-Dropout
1175,12,0,71.18066243221475,79.97592270958368,91.63771567963975,67.24527739815119,6,2,0,1,2,1,0,Non-Dropout
1176,10,1,52.99308374683531,57.33913822006235,90.62297453339981,85.84922441053558,5,5,1,2,2,1,0,Non-Dropout
1177,18,1,68.02107299843533,61.5376000501804,73.04135195700538,58.77871683896364,4,4,1,2,2,1,0,Non-Dropout
1178,17,1,76.49910041863035,73.27324819304172,36.32503687735478,71.26482433771062,4,2,0,2,4,1,0,Non-Dropout
1179,11,0,73.01601501940829,58.34727878526763,71.69117995967106,82.53149697314936,5,3,0,1,1,0,0,Non-Dropout
1180,18,0,66.0405174954514,76.78830896119048,78.98641144956072,92.82021164833694,5,4,1,2,4,1,0,Non-Dropout
1181,16,0,44.32311340681666,83.80501827244804,100.0,68.40241763317752,11,1,2,5,5,1,0,Non-Dropout
1182,18,1,75.95516270827649,96.86748858060389,76.65110061403169,33.205015652894524,6,3,3,4,1,0,0,Non-Dropout
1183,15,0,80.47145656993399,53.401941142165256,43.84789449521077,78.85122894921275,4,2,1,2,2,1,0,Non-Dropout
1184,15,0,49.355044637651865,78.35684611164625,81.6822144542919,68.16605753797255,3,2,2,3,3,1,0,Non-Dropout
1185,13,1,51.559561785410004,73.76103749016764,100.0,52.32626376998582,5,10,0,4,5,1,0,Non-Dropout
1186,19,0,81.10336037049368,38.036374810814955,100.0,75.66595356685329,3,2,0,5,4,0,0,Non-Dropout
1187,19,1,61.87337656146101,52.42425806810844,67.32747982343531,92.97997063248594,7,5,1,1,3,1,0,Non-Dropout
1188,11,1,51.94829993891628,84.49894571770706,65.01029672358001,68.1348388833107,5,1,1,2,5,0,0,Non-Dropout
1189,16,0,69.08831620278909,47.94686372030701,34.7161427918554,40.67282319543345,3,1,1,5,5,0,0,Non-Dropout
1190,14,1,55.42213418068373,73.53159038623791,54.91639675222144,86.66138146610761,7,2,1,4,4,1,0,Non-Dropout
1191,15,0,67.41563197108972,32.55115006349413,80.82036566685846,65.33966654892296,3,4,1,2,1,1,0,Non-Dropout
1192,11,1,58.80189993730478,72.9409526414538,31.903459874439534,75.68822946785228,2,3,1,1,3,0,0,Non-Dropout
1193,14,0,60.087337698791835,33.929821775612055,100.0,65.93018446137552,5,7,5,4,2,1,0,Non-Dropout
1194,19,1,81.65596075786178,62.90842914587458,61.083312721201914,71.84252940278876,1,3,2,1,4,0,0,Non-Dropout
1195,13,0,27.972129798124897,66.24522556435048,73.00898860283638,74.98524577859392,5,2,1,3,1,1,0,Non-Dropout
1196,18,1,73.32126131652866,77.4605112505631,78.55354730977922,77.10424039823239,7,3,0,5,4,1,0,Non-Dropout
1197,15,1,79.1817616739974,69.94897760180307,98.22862315686965,67.19992838027902,4,2,0,1,2,1,0,Non-Dropout
1198,11,1,55.67008788233517,50.28198908082112,76.66779412068583,53.59135147430747,5,2,0,1,4,1,0,Non-Dropout
1199,10,0,79.06648031544727,50.65570017729041,43.29739136042657,67.90520526632251,6,2,0,3,1,1,0,Non-Dropout
1200,14,0,50.61464049738764,42.71782795467976,80.5451201376677,76.82805852529002,4,5,1,3,1,1,0,Non-Dropout
1201,18,1,55.10024681504559,79.129710088469,98.17611491990844,53.69590785179585,6,6,1,1,3,1,0,Non-Dropout
1202,15,0,53.372494346134474,78.24706396524475,47.63260365869586,48.40027223385677,8,5,2,2,2,1,0,Non-Dropout
1203,19,1,79.26938245403876,88.38816429567632,90.0008122456657,84.99541698045202,5,4,0,5,4,0,0,Non-Dropout
1204,16,0,38.825784699982506,64.99716693926747,76.35622897877256,90.37372208367458,5,3,0,2,5,1,0,Non-Dropout
1205,14,1,89.60220839038362,40.31313222551225,72.37874012480351,65.57557951420594,3,1,1,3,2,0,0,Non-Dropout
1206,19,0,60.42592150829166,68.6800141147654,54.00029943657572,74.01829780277131,8,6,0,2,3,1,0,Non-Dropout
1207,15,1,74.22368231236034,75.2209398487778,64.44388334327098,70.63671693290648,6,5,0,5,2,0,0,Non-Dropout
1208,14,1,72.93061882045596,51.70502015332559,80.96433088568219,32.300923293245674,2,2,0,3,2,0,0,Non-Dropout
1209,18,1,67.26847682309779,53.60320607769033,59.39559118137496,68.10090270698163,3,3,2,2,4,0,0,Non-Dropout
1210,15,1,55.98970907783661,84.01846171515167,45.51787072213463,86.9895947945798,5,1,2,4,1,1,0,Non-Dropout
1211,17,0,83.63558844391781,77.01243092420366,44.49675276845828,47.38437470471172,5,2,2,3,2,1,0,Non-Dropout
1212,11,1,57.277231014183435,97.6573884744009,77.0230065294146,46.012436156107206,8,3,1,2,2,1,0,Non-Dropout
1213,18,0,54.031270134186435,100.0,82.2317730623021,54.04476778628244,3,2,0,5,3,1,0,Non-Dropout
1214,14,0,78.16565425285299,44.94382727930372,68.30774363917322,57.88796657445267,4,1,0,5,3,0,0,Non-Dropout
1215,16,1,67.18624429305305,66.62264688782982,100.0,75.0071385489206,5,1,1,2,2,1,0,Non-Dropout
1216,19,0,85.36732362674302,77.4726893404072,27.483149881700825,84.80960606732017,5,4,2,1,2,1,0,Non-Dropout
1217,10,0,64.0599936281675,82.27146798458521,79.49266030924875,84.45771086784862,4,3,0,1,3,0,0,Non-Dropout
1218,19,0,55.2368694095638,95.31762368431477,23.98163176105168,74.80920903582467,4,4,1,1,3,1,0,Non-Dropout
1219,14,1,69.12115209535848,89.5724992873244,67.40484923158546,41.13370270042692,5,4,1,3,4,0,0,Non-Dropout
1220,19,0,58.285742658688946,97.76860233123276,76.25113601159094,41.07229337056373,7,2,1,2,3,0,0,Non-Dropout
1221,11,0,55.67116233041442,76.2272041270134,65.58706283200672,76.01270347970035,11,3,1,2,1,0,0,Non-Dropout
1222,15,1,77.47832290483811,62.42992506164984,21.19652080601491,41.19519499602892,4,0,2,3,2,0,0,Non-Dropout
1223,10,1,92.47332600912542,100.0,67.62201553864729,73.33032392078748,5,0,1,1,1,0,0,Non-Dropout
1224,12,0,61.30307312122264,78.06650358524516,70.07304356169084,69.16245044269198,7,1,0,2,4,0,0,Non-Dropout
1225,14,1,50.37888220571104,70.16305019993064,92.4370625162718,58.04808670259345,2,3,0,2,2,0,0,Non-Dropout
1226,13,0,62.69815475150272,53.55561369649929,34.3243884540482,26.804267057451817,4,3,1,2,2,1,1,Dropout
1227,12,0,72.72201844843886,78.1893682887531,100.0,68.02672664490468,3,5,0,3,3,0,0,Non-Dropout
1228,19,0,68.86219292716206,95.08980052739639,7.054579423230457,72.67785182406008,4,3,2,2,1,1,0,Non-Dropout
1229,14,1,82.91347541707569,64.99069209761205,37.60004991704457,56.65839858834495,5,3,1,2,3,1,0,Non-Dropout
1230,17,0,74.9763475741355,72.33240903201578,74.40344166626129,48.62096809147799,10,3,2,1,3,0,0,Non-Dropout
1231,13,1,48.44885797835137,79.98312883086908,77.76643437437002,69.40002885954932,6,3,1,3,2,0,0,Non-Dropout
1232,10,1,57.60022474038837,84.4434953912481,100.0,43.21600471031279,3,2,1,2,3,1,0,Non-Dropout
1233,16,0,44.28748820037012,69.80329767799272,74.83138195948827,74.25290652620133,3,3,0,1,1,1,0,Non-Dropout
1234,17,1,82.17019018445282,67.1278160297848,67.46153363969009,80.8376436582518,6,0,3,3,1,0,0,Non-Dropout
1235,12,1,35.12169102092899,64.78475961076754,81.1109187903147,35.59791583402541,5,2,2,2,2,0,0,Non-Dropout
1236,15,1,45.75001504066532,52.86807218466812,11.468348594433266,57.07794834650808,14,3,1,1,1,1,1,Dropout
1237,11,1,57.322963009922404,59.596439253190034,44.80834189536064,64.26847069706749,4,3,0,1,2,0,0,Non-Dropout
1238,16,1,73.45876104657225,59.05866482921094,40.616620665235544,64.70900125160911,6,2,1,5,3,1,0,Non-Dropout
1239,17,0,57.17519879441523,44.156458311143446,93.79842301623603,51.81510485120761,5,2,2,5,3,0,0,Non-Dropout
1240,15,1,59.52155879428262,94.85889339516179,100.0,44.956069018861704,5,7,0,4,2,1,0,Non-Dropout
1241,15,0,59.8170819009095,82.19135476576308,100.0,58.0979016731937,4,4,1,2,4,1,0,Non-Dropout
1242,14,0,67.59173933537369,77.8445423331839,84.23881717162023,74.66177175987102,4,3,1,4,1,1,0,Non-Dropout
1243,17,0,46.69232697094998,100.0,92.30026767254878,73.55717059122654,4,4,0,4,5,1,0,Non-Dropout
1244,10,0,50.79234427927929,89.35694765277489,72.34845866109328,73.74052766509341,2,5,1,1,1,1,0,Non-Dropout
1245,19,0,90.21385548193837,59.20768686825182,57.51728132200057,83.7648474118594,6,2,0,3,2,0,0,Non-Dropout
1246,13,0,71.03598645795518,98.46782122633408,43.00979262237831,49.28989089260124,2,5,0,1,1,1,0,Non-Dropout
1247,13,1,76.41173257779268,94.44523034959776,40.76971668005774,59.33035250118283,2,1,2,3,2,1,0,Non-Dropout
1248,12,1,65.87042797182825,52.64156672846184,35.7200809424823,62.22744683327049,5,1,0,4,5,1,0,Non-Dropout
1249,12,1,62.8957962763589,93.05562137202307,88.2777286055227,21.76278147107501,4,3,3,3,2,1,0,Non-Dropout
1250,13,0,71.8569641914292,65.65500855801554,59.75171605188096,68.36362965243711,2,7,2,1,5,1,0,Non-Dropout
1251,10,1,75.914205255142,94.9429647788695,51.91145340646736,64.55500139545572,4,4,1,1,3,0,0,Non-Dropout
1252,11,1,77.69113512037579,68.24106465862086,19.320930726121695,47.9546742666402,5,2,1,1,1,0,1,Dropout
1253,18,1,63.1016066027099,64.33334554569082,47.17068181590225,78.06939361386978,5,4,2,5,4,0,0,Non-Dropout
1254,19,0,79.33064834417482,66.3945175662106,62.82236169499942,77.12155544361026,7,2,0,5,2,0,0,Non-Dropout
1255,11,1,28.006748167555678,55.55663587701926,31.589762218994508,70.99743242107249,10,3,2,2,2,0,1,Dropout
1256,14,0,78.38430514587682,45.392874439942105,100.0,39.36755910654312,5,2,1,2,3,1,0,Non-Dropout
1257,18,1,58.59641064884297,25.020050803047795,36.49130480197754,50.40486933135763,5,3,0,2,4,0,1,Dropout
1258,18,0,73.30073669452545,53.90654000001482,98.81468108967752,69.56053227947123,6,3,0,2,2,0,0,Non-Dropout
1259,17,0,55.26008411456205,100.0,66.98692023482884,56.94566130398556,7,1,2,2,4,1,0,Non-Dropout
1260,10,0,45.09958204883334,84.56521777455059,55.838331324699986,61.53758628098498,6,5,2,4,1,0,0,Non-Dropout
1261,10,1,70.09556046975001,100.0,63.7642315395278,48.482715869268375,5,1,1,3,1,1,0,Non-Dropout
1262,18,1,42.477042150182015,68.63598817827213,70.35151842969896,67.87860133362368,9,3,3,1,1,0,1,Dropout
1263,17,0,59.004838576659395,65.63356965047069,75.66290691579256,87.5718587535239,4,0,1,1,1,1,0,Non-Dropout
1264,19,1,52.81355463343771,100.0,45.45178801216242,69.85607997091172,8,3,0,1,3,1,0,Non-Dropout
1265,18,0,62.37451192559785,82.5152485670166,83.98302076166574,79.56868156416238,6,4,2,2,2,1,0,Non-Dropout
1266,16,0,76.95813679395908,55.89449002614377,63.017319310308,78.16419505775812,6,3,0,2,4,0,0,Non-Dropout
1267,12,1,57.65232071818264,87.6583496899741,36.718434063452264,59.62714249179446,5,5,2,2,1,0,0,Non-Dropout
1268,12,1,69.71866321118918,100.0,59.304190172395586,62.21658006297491,2,4,2,1,3,0,0,Non-Dropout
1269,11,1,76.09019057340632,46.44255133682803,100.0,87.06054448011507,4,3,1,5,2,0,0,Non-Dropout
1270,14,0,55.89117423809319,84.29316663621373,75.4857622313073,75.98808552982447,3,3,3,4,2,1,0,Non-Dropout
1271,12,0,56.10869706921346,47.76550446848727,70.11420495180695,79.41305980472553,9,5,1,3,1,1,0,Non-Dropout
1272,15,1,85.53993353300316,98.93510648617905,60.057342221513935,67.49905021457819,5,5,0,3,4,1,0,Non-Dropout
1273,11,0,63.80917040333139,79.61396863843072,62.02235650540313,59.12065575032295,8,0,0,3,4,1,0,Non-Dropout
1274,12,1,72.63708189697812,87.59322317752417,75.50261645387454,60.946265645010754,7,0,0,2,1,1,0,Non-Dropout
1275,14,0,72.52341638538836,70.65112129240046,63.362969626719796,85.6592043581364,7,1,1,3,2,0,0,Non-Dropout
1276,10,1,47.03018590883033,39.36795141553351,81.35279684198825,64.98784662918038,4,1,0,1,2,0,0,Non-Dropout
1277,10,1,53.586861857420075,66.17135679543296,78.08144830601864,83.71473636650917,3,6,0,3,4,1,0,Non-Dropout
1278,19,0,70.6302104531003,93.59679047944886,40.17569976039063,86.07703352094725,4,6,1,2,4,1,0,Non-Dropout
1279,18,1,33.99027669914535,100.0,83.1968215804491,78.80913639962141,3,5,4,1,3,0,0,Non-Dropout
1280,16,1,61.83053574442363,80.64580179777354,46.13511572420628,77.05470018321155,4,5,1,2,1,0,0,Non-Dropout
1281,10,0,52.020741914108264,61.27294844375628,45.10688083775739,90.4535680177858,4,4,0,3,3,1,0,Non-Dropout
1282,17,1,81.6575921296498,85.71405556534864,69.36830196563353,52.315813489223714,10,2,2,1,2,1,0,Non-Dropout
1283,12,0,70.19173179732424,91.79789468571676,76.45521356817164,58.815736212993905,5,1,2,2,5,1,0,Non-Dropout
1284,17,1,82.86869446086016,77.65507476150135,85.37314518092325,46.10962210182372,9,0,1,2,2,1,0,Non-Dropout
1285,14,0,64.41313049669971,76.42428414664238,16.09163556361562,42.53832649702895,9,2,2,1,4,1,1,Dropout
1286,10,1,63.29166210849466,79.27216516640647,89.73118715186422,64.33526893361265,5,2,0,1,3,1,0,Non-Dropout
1287,16,1,60.42605721380652,75.87100754863995,80.3165509805625,69.028572625888,5,3,1,1,1,0,0,Non-Dropout
1288,14,1,57.453959006673614,80.95561926341294,51.84745577343908,72.58040271283612,3,3,1,3,2,1,0,Non-Dropout
1289,15,1,100.0,100.0,64.09185284662868,54.54077106265027,5,2,1,5,1,0,0,Non-Dropout
1290,15,0,77.10754273689834,34.33393868789922,74.952480208951,58.80422707609984,4,1,0,3,2,1,0,Non-Dropout
1291,17,0,49.007171810948265,70.23088611162234,0.0,77.70108597559874,5,4,1,5,4,0,0,Non-Dropout
1292,18,0,100.0,56.35291746351355,38.724380447708214,43.092393983751805,2,1,2,5,3,1,0,Non-Dropout
1293,11,0,58.92530097496591,98.61606121132462,99.03188111133122,65.19014009901214,7,1,1,3,2,0,0,Non-Dropout
1294,18,0,69.81728000265284,72.1823566069124,54.940495958041964,84.58912099813567,1,4,2,2,3,1,0,Non-Dropout
1295,19,0,79.09396057807798,86.19409551067959,67.8519618288047,61.015942246707255,3,3,0,5,3,0,0,Non-Dropout
1296,18,0,41.930691093912486,100.0,67.08379195072386,58.68257640440483,4,2,2,3,1,1,0,Non-Dropout
1297,19,1,52.59009797526352,53.37980788774,87.8663192884448,83.64251003815241,5,2,2,1,1,1,0,Non-Dropout
1298,19,1,89.72247236856035,64.44964724233705,59.83395452839751,43.793995291091385,5,3,2,2,1,0,0,Non-Dropout
1299,16,1,61.627570049954066,100.0,61.94600667647988,52.93957192270908,6,2,1,2,2,0,0,Non-Dropout
1300,10,1,79.98005175141309,52.57874437319124,74.76443224319378,53.515913517292454,7,6,0,2,3,0,0,Non-Dropout
1301,16,0,58.19797339030482,65.12439299035266,91.16626721456883,75.4132223169838,5,4,0,1,5,0,0,Non-Dropout
1302,19,0,63.57410591769737,42.99289000715179,99.07714279870584,40.93914985125706,6,3,2,2,3,0,0,Non-Dropout
1303,14,0,91.7788529911475,100.0,62.02568786741986,83.5042551736931,5,4,0,3,3,1,0,Non-Dropout
1304,15,1,71.56268363447035,63.375068728384534,57.72763159834627,64.60082917159752,8,2,0,4,1,1,0,Non-Dropout
1305,19,0,59.82728349603502,82.02320934094232,66.34352454729502,80.68693530829111,2,3,0,1,1,0,0,Non-Dropout
1306,16,1,54.74954808795728,88.5196064848792,100.0,83.61237603444928,7,6,2,4,1,1,0,Non-Dropout
1307,14,0,56.12186911380195,58.93526259167809,89.45729063146192,53.216009244779556,10,2,0,3,3,1,0,Non-Dropout
1308,16,0,83.62340046105636,36.919998366063076,58.005929604883036,65.27506533199909,2,3,1,5,3,0,0,Non-Dropout
1309,18,0,76.4824746295838,70.61071805310472,29.648846873609642,61.57891851412745,2,1,2,4,4,0,0,Non-Dropout
1310,12,0,47.769850518896135,70.28344473508542,97.67422169187287,64.01832050565913,6,4,0,2,2,1,0,Non-Dropout
1311,17,1,66.30767835306055,73.78993042805246,100.0,56.45600514279042,6,2,2,4,3,1,0,Non-Dropout
1312,11,1,63.99775292290992,73.90034015411268,42.22707524258151,81.71248473313615,4,5,2,5,2,0,0,Non-Dropout
1313,16,0,69.74139154352441,65.02454315333642,58.86994123656802,62.20908651946973,2,4,3,2,3,0,0,Non-Dropout
1314,11,1,55.94643321287945,64.24925396305362,91.91304513152838,59.98804385693823,10,3,1,2,3,0,0,Non-Dropout
1315,13,0,81.46708417474136,80.95407057629572,79.64498544443984,81.85320115928104,4,0,2,2,1,1,0,Non-Dropout
1316,16,0,64.97991084070962,58.52285219940647,20.142176581541406,77.54258568336863,2,1,1,2,4,1,0,Non-Dropout
1317,12,0,70.60154776378114,73.09353103819363,41.799114442283425,69.31318012856745,2,3,3,3,3,0,0,Non-Dropout
1318,11,0,53.22964663828526,63.740825371810544,84.54055032699769,59.1141863014889,2,5,4,2,3,1,0,Non-Dropout
1319,19,1,53.985302934941565,80.91210487286494,76.2302047845221,86.9691602672512,5,1,1,3,2,1,0,Non-Dropout
1320,16,0,100.0,97.17152560636544,86.65026234762357,49.14726118671312,4,3,3,1,5,0,0,Non-Dropout
1321,10,0,92.00119928640025,97.9875554623804,89.51418202051576,81.08574741375796,4,3,2,2,1,1,0,Non-Dropout
1322,17,1,63.95478255675632,100.0,76.0426935649672,74.39679624207407,7,4,0,3,2,0,0,Non-Dropout
1323,12,0,87.9950592609041,68.31814449315763,80.50946072716337,46.003952627415,6,2,0,1,1,1,0,Non-Dropout
1324,11,1,83.19106271393645,69.99906016337681,55.76032228018771,66.10857769520156,7,7,1,2,2,1,0,Non-Dropout
1325,12,0,55.62183456426291,49.62095373083631,72.85612287095064,45.18883576068644,4,1,0,3,2,1,0,Non-Dropout
1326,14,0,54.12600197896798,68.14901944335482,77.83662503524654,59.78147835609805,6,3,2,3,3,0,0,Non-Dropout
1327,17,0,75.03014938026976,68.8632435210427,100.0,69.2023893216379,4,4,1,2,1,0,0,Non-Dropout
1328,19,0,68.90090957169232,62.65704728761108,49.38535070309614,49.78544735272247,5,3,2,5,3,0,0,Non-Dropout
1329,16,0,58.9699307549192,62.56413713154531,88.09615933138153,29.78330438494291,4,4,2,2,4,0,0,Non-Dropout
1330,16,0,75.81839815623107,41.046036196423266,67.11111115333063,63.08369455307285,6,3,2,2,5,0,0,Non-Dropout
1331,16,1,43.3627561161058,48.16174808555205,88.61727904930683,68.21834214273876,4,3,0,2,2,1,0,Non-Dropout
1332,17,0,66.72502291778686,75.89087175157493,66.99081464185737,59.345367752359735,7,1,0,4,4,1,0,Non-Dropout
1333,10,1,46.41614519655866,76.6414661255946,99.43512861324513,64.76915814145734,5,5,0,1,4,0,0,Non-Dropout
1334,13,1,46.910129847124054,84.66111738991601,51.43638306187077,62.3057786988436,9,3,1,2,2,1,0,Non-Dropout
1335,15,0,54.3985281552139,69.82211059564693,73.55539837559976,49.73498930355169,5,4,1,3,3,0,0,Non-Dropout
1336,18,1,70.44930914515983,75.23308475664994,80.98427437198825,94.20677024592763,1,2,0,4,3,0,0,Non-Dropout
1337,11,0,54.87144486673054,100.0,52.966951782209996,69.7548132676384,4,4,1,2,5,1,0,Non-Dropout
1338,10,1,46.72837088074427,73.94198352407005,77.6161478085266,58.61255270580348,6,0,3,2,2,1,0,Non-Dropout
1339,19,0,72.1587380401542,62.35861705718456,95.17303764613551,52.62824014939631,8,3,1,2,1,0,0,Non-Dropout
1340,11,1,87.39120566661555,51.18104191884434,68.32203446842871,59.03653320565326,2,2,2,1,3,0,0,Non-Dropout
1341,16,1,74.58275651303019,90.9495972723686,88.76212663433618,59.525597260932855,7,4,1,5,2,1,0,Non-Dropout
1342,12,0,92.0269808689047,40.93315193230633,53.14248972717646,65.57229416907006,5,6,0,1,2,1,0,Non-Dropout
1343,19,1,86.13767590403882,58.23162760623798,42.588839486460515,82.19309340266221,5,5,0,3,5,1,0,Non-Dropout
1344,11,0,57.688576812350966,83.37158665872954,87.38688755996164,52.93145228059848,6,1,2,4,3,0,0,Non-Dropout
1345,16,0,74.48239729046165,36.868936462983946,56.020361449808036,67.66586086930958,6,2,1,4,3,1,0,Non-Dropout
1346,11,0,63.62553809667265,62.71290424238579,28.08202413701887,76.9945650951612,9,2,1,1,5,0,0,Non-Dropout
1347,12,0,80.93149671797089,77.58335012591465,50.99376151372621,54.89228829147381,8,1,0,1,1,1,0,Non-Dropout
1348,16,0,63.62282664104644,67.33324691598825,100.0,54.80606349641971,8,3,0,4,3,1,0,Non-Dropout
1349,13,1,53.169552361861,55.346221449435156,96.50666810945494,42.363426353048396,6,8,0,1,2,0,0,Non-Dropout
1350,10,1,85.60108913525382,63.13111350238844,41.989493248516716,90.2181640938924,2,3,1,2,2,0,0,Non-Dropout
1351,14,1,69.76693326085054,91.33968653308057,33.45787615546566,72.61888329919694,4,2,0,2,3,1,0,Non-Dropout
1352,18,0,55.047054930361526,100.0,59.76910743236291,56.44429028600144,4,2,0,1,4,1,0,Non-Dropout
1353,17,1,57.51910549889265,77.78977363187197,96.01148139534816,55.7947194968529,6,4,1,3,3,0,0,Non-Dropout
1354,18,1,54.95119033342274,35.23430040301596,65.10665997409123,49.529267524109194,10,2,2,1,1,1,1,Dropout
1355,19,1,49.97378850935426,86.36204554221189,65.31486038090834,67.3565054733517,6,2,0,3,3,1,0,Non-Dropout
1356,18,1,57.83726986634674,67.07232970888668,54.64667860440821,59.86774056225234,7,3,0,4,1,1,0,Non-Dropout
1357,16,1,70.5953182059681,53.091542955230935,63.21198108189958,51.23922232587684,4,6,1,2,1,0,0,Non-Dropout
1358,13,0,65.9609100527927,58.99453897149671,91.18520588554185,53.423930997380104,7,4,2,3,3,0,0,Non-Dropout
1359,14,0,58.426745954267616,59.844203043562366,72.13143890003685,75.88576445093253,4,4,1,3,1,0,0,Non-Dropout
1360,10,1,87.43261203195836,46.78304794444307,64.95342631417638,59.278479859473144,6,1,1,2,2,1,0,Non-Dropout
1361,10,0,34.84049789180541,73.73862445787266,86.26724293714508,46.57918231441627,9,6,3,1,3,0,0,Non-Dropout
1362,12,0,69.59203872733566,100.0,71.78983869589088,65.97018996406098,4,2,1,4,3,0,0,Non-Dropout
1363,17,1,62.858611177736094,53.016178179943225,93.75579230896373,54.70636875197533,4,3,0,2,2,1,0,Non-Dropout
1364,11,1,50.4472815530528,100.0,52.99968690896194,74.69108726468076,2,4,0,1,2,1,0,Non-Dropout
1365,13,0,70.46681518681577,79.16233354952284,76.80174746590038,87.60412823763606,6,4,1,2,2,0,0,Non-Dropout
1366,11,1,61.703776814582675,73.14205423087833,92.18929007000114,35.93828040509586,3,3,1,5,2,1,0,Non-Dropout
1367,14,0,83.7061019932084,68.56080169867714,100.0,54.39588816932441,1,1,1,3,3,0,0,Non-Dropout
1368,18,0,78.020978636172,58.87711665069223,42.65872490137802,67.07774673102098,4,5,0,3,4,1,0,Non-Dropout
1369,10,1,93.59196104560979,80.83705203669028,65.6569502833106,63.85320889024277,4,1,0,2,4,1,0,Non-Dropout
1370,14,0,57.75023104229011,85.43958094391616,37.10175169001066,83.7777669784854,9,5,0,2,4,0,0,Non-Dropout
1371,18,0,85.94831734621273,26.49714171382888,45.754978952779055,64.7104778704726,3,2,2,4,2,1,0,Non-Dropout
1372,10,0,47.51217847976868,100.0,70.46290432982018,68.06524145054725,6,3,0,2,2,1,0,Non-Dropout
1373,18,1,63.340452510866314,38.7802726850109,19.325780860259172,71.46244655771893,6,2,0,3,2,1,1,Dropout
1374,17,1,58.021294210485934,64.55342394590429,80.48345283071708,54.78735066462591,2,4,1,3,3,1,0,Non-Dropout
1375,13,1,74.03668119364113,23.834242813471405,83.92928958791293,72.72795494624773,1,3,0,2,2,1,0,Non-Dropout
1376,19,1,73.67413697365328,69.64181503268887,68.08967872617411,71.08362922949476,7,3,1,2,2,1,0,Non-Dropout
1377,14,0,51.49070610158043,65.77072248284978,48.99009152474291,66.54791654129521,5,3,1,3,1,1,0,Non-Dropout
1378,14,1,74.87288260976625,64.76613264401301,63.902082106706686,36.23354600337059,5,2,1,3,2,1,0,Non-Dropout
1379,15,1,59.29266375734162,81.08667343787502,100.0,53.58496004160585,10,1,0,4,2,1,0,Non-Dropout
1380,16,1,52.74803960072459,70.12376554612543,56.99063049577174,67.78586609379258,8,4,1,3,2,1,0,Non-Dropout
1381,17,1,64.82327956786509,85.76837598992539,50.30340552530432,63.57317487965932,5,4,1,2,4,0,0,Non-Dropout
1382,17,0,42.84733757956223,50.2533850757165,12.196655126539582,76.23475625434166,4,5,0,4,5,1,0,Non-Dropout
1383,11,0,78.96959524983157,76.5476655366811,96.09706139808456,76.35462119978811,3,2,3,2,3,1,0,Non-Dropout
1384,18,0,64.1656878433742,62.36638099688704,38.994789422008125,70.16886542420818,4,3,1,3,5,0,0,Non-Dropout
1385,16,1,64.49381567302939,67.59321106933545,72.20545895756416,76.35692209112261,6,3,2,4,1,0,0,Non-Dropout
1386,13,1,63.6925005937024,80.40697298361032,100.0,72.50141094703051,4,2,1,5,2,1,0,Non-Dropout
1387,13,0,89.70275130037676,64.91388537178219,79.23290750530707,57.10550376520582,3,2,1,4,5,1,0,Non-Dropout
1388,17,1,87.78316533244731,72.89668531845639,78.95471247301234,64.91260839788501,6,2,0,3,3,0,0,Non-Dropout
1389,13,1,85.2614164009878,51.915091787132305,61.85524389628516,48.51714481711181,5,3,1,1,5,1,0,Non-Dropout
1390,15,0,63.724375336117426,96.91024460691824,77.84527331593844,87.40091142978869,3,4,1,3,2,1,0,Non-Dropout
1391,14,0,48.26562631265094,89.56888065989241,71.89193845957107,46.182987705754385,5,2,2,2,2,0,0,Non-Dropout
1392,12,1,64.76030835674129,76.99967113629496,83.50820505774944,33.73831686564171,1,2,0,4,2,0,0,Non-Dropout
1393,19,1,69.71600631090773,70.1467996234772,9.587318140809721,96.80997022746679,3,4,2,1,5,1,0,Non-Dropout
1394,11,1,77.18915455839917,72.91256790307595,79.48760836960908,63.60718594760105,4,2,1,1,3,1,0,Non-Dropout
1395,18,0,69.66774111650365,96.48046745028569,80.83672247309896,78.42131864787211,7,5,1,3,3,0,0,Non-Dropout
1396,19,0,49.60258585715621,88.15211137275689,100.0,75.99408855693147,3,4,0,2,3,1,0,Non-Dropout
1397,18,0,56.968767944896705,96.81688659838878,69.89295363463378,80.6809731537137,4,4,1,2,4,0,0,Non-Dropout
1398,10,0,55.607952031266166,68.16217854169054,75.54103948759692,73.86700019518953,7,3,0,2,3,0,0,Non-Dropout
1399,19,1,73.08579575608732,84.66798558915912,79.90824341419642,73.96075134844418,6,2,1,1,4,0,0,Non-Dropout
1400,12,0,73.45396179859951,98.7734796431069,80.61267558248117,29.899904352467857,4,4,0,4,1,1,0,Non-Dropout
1401,17,0,75.41947832121306,56.47708393412874,39.15946203282245,50.54570513891154,2,5,1,1,4,1,0,Non-Dropout
1402,15,1,69.5155378200853,55.21914278386862,90.45991585804079,25.58229508597414,6,2,3,1,1,0,1,Dropout
1403,14,1,34.11200735347033,80.50408989460767,47.06531330549023,52.701187997382306,7,5,1,2,2,1,0,Non-Dropout
1404,14,1,39.112104825877864,50.301162134393,80.16628147319418,57.004266492555516,3,8,1,2,2,0,0,Non-Dropout
1405,15,0,62.89718552990537,38.683500005979525,48.5220319967015,63.25131732080395,4,2,0,1,3,1,0,Non-Dropout
1406,16,1,66.47116880699589,98.49291460017098,64.43874222397866,50.78400755171242,3,0,0,2,5,1,0,Non-Dropout
1407,10,1,83.80498380729468,100.0,58.239313680045896,59.713585519973485,8,4,1,4,4,1,0,Non-Dropout
1408,18,0,66.16692721992547,51.399608915736394,63.77525821155719,57.231622962883684,3,5,1,4,4,1,0,Non-Dropout
1409,12,0,50.360760037105294,46.36026477839457,67.92430006437971,70.18121434722879,7,2,2,1,5,1,0,Non-Dropout
1410,13,1,74.93247211666052,61.936205967268535,79.30784746500049,76.38688311844768,7,2,0,3,2,1,0,Non-Dropout
1411,19,0,64.74122460703636,100.0,67.5956933203605,68.21311408666763,4,2,1,5,3,0,0,Non-Dropout
1412,10,1,58.96917821698948,66.78523094843712,91.86294186353425,74.45466263687048,4,5,0,2,1,1,0,Non-Dropout
1413,19,1,40.781008880448354,76.89390035429622,56.66091627960094,67.86259823785123,5,1,0,4,2,1,0,Non-Dropout
1414,12,0,66.2778051216685,81.49843482056062,80.74279196051907,82.8050400256229,2,1,2,1,2,1,0,Non-Dropout
1415,11,1,68.4322686646919,78.47695604717238,49.187790908763645,92.96220348408865,8,3,0,4,2,0,0,Non-Dropout
1416,11,0,50.057805438409254,100.0,100.0,28.30612730126625,6,5,1,2,5,1,0,Non-Dropout
1417,10,0,76.16536682309413,60.60217942554523,80.84912231061749,81.99807076642331,6,0,0,4,5,0,0,Non-Dropout
1418,17,0,74.82195197976475,72.95586458097166,52.570698887421216,45.65598838088968,7,2,0,2,2,1,0,Non-Dropout
1419,12,1,65.73368873589463,79.64851399194738,100.0,67.78697938709934,6,5,0,1,2,0,0,Non-Dropout
1420,12,0,65.17584286913062,74.02008597668619,82.96244604333214,68.92032850244402,7,2,1,3,2,1,0,Non-Dropout
1421,15,0,79.19056619996373,50.61797584977914,52.66037471158103,74.12654188202539,1,3,0,2,2,0,0,Non-Dropout
1422,17,1,70.51295553171548,45.54928966279935,66.7187751384794,64.23596847025976,8,3,1,4,2,1,0,Non-Dropout
1423,18,1,54.46616826577459,45.130454449897,41.550710514585695,64.92678883620829,3,3,4,4,2,1,1,Dropout
1424,18,1,62.03527574599778,89.52509499684922,41.543243251006665,70.15094642599344,2,1,0,3,5,0,0,Non-Dropout
1425,13,1,73.35274102904118,58.59194018621298,100.0,59.80787257103881,10,5,3,2,2,1,0,Non-Dropout
1426,14,0,34.5151861350191,84.38549807882607,47.538115352927754,36.50817122557879,5,1,1,5,2,1,0,Non-Dropout
1427,11,0,51.02710926815557,76.73486075636413,36.56074106807922,64.97369517677387,2,0,0,3,3,1,0,Non-Dropout
1428,18,0,75.23206499508463,55.50285728956709,85.89352830927481,53.767570614486665,6,1,1,1,5,0,0,Non-Dropout
1429,17,1,83.1331640632417,56.00201861640859,100.0,52.48574479356254,5,1,1,3,3,0,0,Non-Dropout
1430,12,1,80.31573110402019,77.68026320828196,98.93214735404784,51.0264855533702,7,7,3,3,3,1,0,Non-Dropout
1431,18,0,78.39939968371671,76.55369419124591,100.0,35.431194363402795,2,1,2,3,2,0,0,Non-Dropout
1432,12,1,66.94615794007161,84.84064472554148,100.0,59.00492811112511,4,3,1,1,3,1,0,Non-Dropout
1433,18,1,49.56644885468466,65.84990884442817,47.490416118256135,65.01197402978661,4,1,1,3,3,0,0,Non-Dropout
1434,11,0,62.05064923140148,58.06584441984609,62.214877062670965,76.52015614071168,0,4,0,2,5,0,0,Non-Dropout
1435,19,0,35.10096424071223,77.19741049990569,30.734616631704036,56.13906762733647,2,3,0,3,2,1,0,Non-Dropout
1436,18,1,84.5098412931613,100.0,40.927471557497135,88.6627422748627,0,5,0,5,2,0,0,Non-Dropout
1437,17,1,52.74330796288537,37.46641866200762,96.81063092305415,73.75636382339083,3,2,2,2,2,1,0,Non-Dropout
1438,18,1,56.99981359965196,59.018946560525066,76.9214676767633,48.18371061858494,4,1,2,3,2,0,0,Non-Dropout
1439,14,0,80.87928578960864,86.8088028456684,100.0,57.67573485484447,8,6,1,4,1,0,0,Non-Dropout
1440,11,0,40.78059564335683,79.32971268974482,48.36409310180507,95.3231546704269,3,5,0,1,5,1,0,Non-Dropout
1441,17,0,47.15896063961853,87.10038587647017,56.28275480901445,76.39928627569064,6,2,0,2,1,1,0,Non-Dropout
1442,15,0,69.01957015737702,66.40689950740426,84.83946646686567,57.09673497229363,6,7,2,1,2,1,0,Non-Dropout
1443,17,0,72.80570622601218,42.76167965382599,96.41610495880994,78.38984236289485,3,1,1,4,2,1,0,Non-Dropout
1444,14,1,63.92448807238761,100.0,29.126375607520174,46.08175397370916,3,5,0,4,1,0,0,Non-Dropout
1445,19,1,64.41375330596138,96.67671779821794,63.98802991168519,56.70984222451405,10,1,1,2,3,0,0,Non-Dropout
1446,11,1,84.02566930841668,74.51643685157754,79.98350651753374,30.050829378070944,4,0,0,1,4,1,0,Non-Dropout
1447,15,0,74.54477667590976,58.166787660580766,89.57462179811716,74.05557341413112,5,4,2,2,4,0,0,Non-Dropout
1448,14,0,72.51754901791318,65.18864850717324,94.51749878068453,47.51662202896581,5,5,1,1,2,1,0,Non-Dropout
1449,14,0,76.63469739190614,79.5816702361952,68.13602625310548,63.79133547229859,4,1,1,2,1,1,0,Non-Dropout
1450,10,1,60.49114587967073,69.96735466628087,39.113156308432146,41.80346699904504,5,2,1,2,3,0,0,Non-Dropout
1451,11,0,97.5974849621453,74.71001670969896,21.863341338444627,68.00623868307225,7,5,1,2,1,1,0,Non-Dropout
1452,17,0,30.38702722501275,100.0,65.44351663269134,63.88764963076818,4,5,0,3,4,0,0,Non-Dropout
1453,12,1,86.86881536178171,93.47350426599043,62.779278055537034,42.892445122235884,5,4,1,3,2,0,0,Non-Dropout
1454,19,0,78.53161278114663,51.58443062666727,50.09966367041673,57.8399266219698,2,3,1,3,4,0,0,Non-Dropout
1455,12,1,68.72432377326281,76.53838004550724,92.32736195546984,66.99795883741335,8,4,1,4,1,1,0,Non-Dropout
1456,17,0,66.20043436403168,64.5927298032577,41.31032428289707,71.67770814347213,6,2,1,4,4,1,0,Non-Dropout
1457,17,0,62.6667005429434,80.9588625149644,53.4502742313192,88.74952481542716,9,3,0,3,2,0,0,Non-Dropout
1458,11,1,81.55165381945113,73.73337186982316,99.17000323045403,83.26812205343677,4,2,1,2,5,1,0,Non-Dropout
1459,17,1,64.40203289000173,100.0,50.625955712421835,54.574238248736506,5,2,1,2,1,0,0,Non-Dropout
1460,10,1,54.08172890715369,83.58523315071886,78.07902094102857,54.39128329605079,5,3,0,2,4,1,0,Non-Dropout
1461,15,1,78.52974327982523,72.31631987666401,69.76019643534059,43.54040504711692,10,2,0,3,3,0,0,Non-Dropout
1462,17,1,88.77149351089787,100.0,76.08000212539409,49.85391480150181,3,2,1,3,1,1,0,Non-Dropout
1463,12,1,36.0924631538187,79.11098917705161,92.03862549063912,77.9023311508856,4,4,0,3,2,0,0,Non-Dropout
1464,17,0,100.0,44.62551407839314,78.13227844651712,41.16325372574551,7,4,1,1,2,1,1,Dropout
1465,10,0,49.44903053705538,72.51106040795968,35.33648358785117,62.67607694528967,8,2,4,2,2,0,1,Dropout
1466,18,1,50.59552585226971,87.27406494744108,39.5651389666119,60.47674936947521,5,1,0,1,3,1,0,Non-Dropout
1467,18,0,46.32665420761081,84.69058965796604,77.37058651143714,53.632490753406856,7,4,1,3,3,1,0,Non-Dropout
1468,14,1,65.01273578696937,95.10349408736647,47.013633081491115,45.46523131546085,5,1,2,5,1,0,0,Non-Dropout
1469,19,0,45.80422572547049,78.07432937422304,93.88212799132555,36.58473206867925,6,3,0,3,3,1,0,Non-Dropout
1470,13,1,47.62609904223672,76.66221943129328,77.72862568687984,45.600101617708624,5,1,0,2,2,1,0,Non-Dropout
1471,15,0,54.67174928624574,46.95049396619616,27.105689388387468,63.75343869541328,4,2,1,3,3,0,0,Non-Dropout
1472,16,0,67.07683512791509,100.0,100.0,73.96486007825774,10,3,1,3,3,0,0,Non-Dropout
1473,14,0,68.52280398451266,68.88792839602135,60.843973098316944,89.17897258629009,8,2,2,3,2,0,0,Non-Dropout
1474,19,0,83.61795919115127,55.40930372755354,64.76781926348919,70.01725014237469,3,3,1,2,3,0,0,Non-Dropout
1475,18,0,83.2722315979237,100.0,80.56364123262614,73.89164545281757,2,0,0,4,3,1,0,Non-Dropout
1476,12,1,80.36916971146405,100.0,67.83408748361978,89.12324069613432,6,0,0,2,1,0,0,Non-Dropout
1477,16,1,61.07574243401412,66.04502155485304,94.04099252092249,70.07493815272676,4,4,0,5,2,1,0,Non-Dropout
1478,19,1,37.382273330051184,37.386573114891476,44.549818935888545,79.74618216219801,6,5,1,2,4,0,0,Non-Dropout
1479,19,0,37.050284025440085,60.63057157450935,98.67674700882606,59.306121731611306,2,1,1,2,1,1,0,Non-Dropout
1480,14,1,80.26594814164719,100.0,87.02493342016948,75.8187663315794,3,2,2,1,1,1,0,Non-Dropout
1481,16,0,77.65631707561054,78.53426607410718,50.64004445391189,68.14996228516024,6,2,1,2,5,0,0,Non-Dropout
1482,11,0,55.7494330633393,48.01127306728024,76.29148836749818,61.37234012471999,8,5,1,2,4,1,0,Non-Dropout
1483,13,0,43.388956230538376,90.67963084454993,100.0,88.2080332449708,3,0,0,4,1,0,0,Non-Dropout
1484,11,1,49.29273465246363,70.8028394277391,83.03893306994402,46.95362856849914,6,4,2,3,5,0,0,Non-Dropout
1485,16,0,67.62041453299291,62.0259606441567,73.68488269220802,52.10133206388186,7,5,2,1,2,1,0,Non-Dropout
1486,11,1,67.64841499782406,63.54319040800489,85.56124348446272,82.6640701642591,3,10,2,2,2,1,0,Non-Dropout
1487,10,1,80.637969096905,100.0,87.66603642741804,79.56723586350012,4,4,1,3,2,1,0,Non-Dropout
1488,18,0,58.244683141887556,85.93272696708158,57.35571945668486,65.1904564425817,5,1,0,2,1,0,0,Non-Dropout
1489,10,0,61.33945957247536,45.278846263806074,73.91891863644324,70.09540534589398,9,1,0,2,1,1,0,Non-Dropout
1490,17,1,81.87981958949659,82.34377560233904,91.21666367420019,72.7607601936601,4,2,0,1,3,1,0,Non-Dropout
1491,11,1,33.12357647918548,77.152301594926,73.32311754272247,70.47523416781618,5,0,0,3,1,0,0,Non-Dropout
1492,17,1,69.76179420375539,66.59184536818513,52.06267521737739,68.61734150243046,11,3,0,1,2,1,0,Non-Dropout
1493,12,1,59.986568320520966,67.6463775308144,77.0030260032362,52.392933798231155,6,2,1,4,2,0,0,Non-Dropout
1494,15,1,75.69139668430614,57.698951398318265,60.23838766687559,83.57347957299616,5,0,2,5,2,1,0,Non-Dropout
1495,12,1,72.68909904292013,61.74947256884546,84.5555561445072,61.93922903762586,9,4,1,3,2,1,0,Non-Dropout
1496,16,0,54.55535533415502,80.79446897072103,100.0,50.14134302732487,5,2,1,1,3,1,0,Non-Dropout
1497,19,1,57.38997715281527,69.44860185992616,86.92892011881912,67.01145438369491,3,3,2,3,4,0,0,Non-Dropout
1498,18,1,30.470368616784775,85.91363276380672,49.408216172007464,70.14819646920668,2,2,1,1,3,1,0,Non-Dropout
1499,11,1,76.2498724739273,59.30040735112266,77.54217558103903,70.93032403523966,4,2,2,5,3,0,0,Non-Dropout
1500,14,1,68.59660730096945,89.14989232741645,5.506468937533171,79.59177955894882,1,3,1,3,3,0,0,Non-Dropout
1501,15,0,85.97768533177569,100.0,67.50891883735135,59.302874298470485,7,5,1,4,5,1,0,Non-Dropout
1502,13,0,59.0089994575918,74.86432720001356,93.50491305950817,64.02264655908841,2,0,0,3,3,1,0,Non-Dropout
1503,13,1,78.71503396472039,85.41253220549835,80.05504535373271,52.34070767344756,4,3,0,3,2,1,0,Non-Dropout
1504,13,1,48.95110931653791,86.19285743803134,72.7517342783151,68.50577605817573,4,4,1,3,1,0,0,Non-Dropout
1505,11,1,24.428153032115524,64.95803952782677,100.0,52.12025556489904,2,3,0,3,5,1,0,Non-Dropout
1506,13,0,63.582290894483485,86.26729935664096,27.3793707280417,56.151250124888094,6,3,2,5,4,1,0,Non-Dropout
1507,10,0,56.49977367420462,29.63131133942688,32.97998519765415,79.7517708543252,5,1,2,2,3,0,1,Dropout
1508,15,0,49.2376786132292,21.668669156560128,82.05233310491504,67.04719735682214,6,4,0,1,5,0,0,Non-Dropout
1509,10,0,78.47158090229925,68.41043472024768,92.45230975286601,86.36848911005475,5,0,0,1,3,1,0,Non-Dropout
1510,19,0,83.12370010315337,87.66931618100787,93.47121990691267,82.65076292393846,3,3,0,4,3,0,0,Non-Dropout
1511,15,0,66.58131919048792,73.298933394969,55.68059969090888,68.23615783445769,4,5,1,1,4,0,0,Non-Dropout
1512,10,1,62.26221395572752,89.91747257957869,48.89694340783221,70.30566565375852,9,0,0,3,4,0,0,Non-Dropout
1513,15,0,65.94062560853783,50.965287017027265,45.21485383519255,61.422563627106626,5,6,0,2,2,1,0,Non-Dropout
1514,19,0,55.20610634148009,92.65678799958785,78.05634246540566,80.65861111796437,3,2,2,3,2,0,0,Non-Dropout
1515,17,1,73.43893922642604,100.0,45.419814780737866,70.44686681157522,4,3,1,1,3,0,0,Non-Dropout
1516,11,0,41.909420207578414,61.071789701882395,97.86547579339278,78.64341399856673,8,3,2,3,2,1,0,Non-Dropout
1517,11,1,48.90382807354711,90.41997523008662,69.45292587287342,55.29703214420637,11,1,0,4,3,1,0,Non-Dropout
1518,13,0,53.13108273039797,75.45636627660225,52.40684859351974,44.58389900035789,5,2,0,2,3,1,0,Non-Dropout
1519,12,1,73.12033146472294,83.83681089871669,52.50858624603872,72.53381893818049,5,3,3,2,2,1,0,Non-Dropout
1520,13,1,60.462652144351345,100.0,31.702326045250906,75.54189662871632,3,3,0,2,2,0,0,Non-Dropout
1521,16,1,85.40585592054609,81.5460654635117,50.14563928876976,66.1278436727118,3,3,2,1,5,1,0,Non-Dropout
1522,10,1,77.04964634567763,90.28884241994034,56.18033062231053,73.67924596606912,1,4,1,1,2,0,0,Non-Dropout
1523,15,1,52.98360236656481,49.73910717640634,80.20200944773833,52.220001187166844,4,3,0,3,1,0,0,Non-Dropout
1524,12,0,74.5019868559793,89.67281571905563,67.52001325858639,79.08947005034742,4,2,1,2,1,1,0,Non-Dropout
1525,19,0,58.876894577719725,100.0,48.50687275142295,82.57578067279655,4,3,1,2,4,1,0,Non-Dropout
1526,16,1,72.09770742535945,56.529987541735586,39.3690702580929,80.3102267674394,6,1,2,2,3,0,0,Non-Dropout
1527,19,1,77.7765824538946,68.5395370870365,64.07537903568146,66.85952849233227,6,5,1,3,4,1,0,Non-Dropout
1528,11,1,81.72071902719075,88.72253268448475,18.67500488281997,82.79741060099029,2,2,0,3,3,1,0,Non-Dropout
1529,11,0,68.03032354756876,83.955682555999,62.05343908126404,47.856978147027064,5,2,0,3,3,1,0,Non-Dropout
1530,13,1,89.00185529720328,47.8054449646784,97.8888431269062,73.60208205372716,5,1,1,4,3,1,0,Non-Dropout
1531,10,1,71.61971534091909,78.29822744823682,64.99123771582258,75.74675138051907,6,3,1,3,5,1,0,Non-Dropout
1532,12,1,67.02578239186445,68.34636389538083,73.98304054022628,72.51862571076643,7,3,1,1,3,1,0,Non-Dropout
1533,18,1,60.462284185100955,55.62689735405795,70.9523184209426,50.89445078400218,10,4,2,2,1,1,1,Dropout
1534,16,0,55.53036469717449,100.0,35.36920848040621,68.44037089077486,4,1,1,2,4,0,0,Non-Dropout
1535,16,1,71.29825589092559,75.10920755146479,100.0,61.158469896286576,6,4,4,2,5,1,0,Non-Dropout
1536,13,1,66.51136455469977,94.6609730581221,59.810864599340405,35.63900948490988,7,3,0,1,1,1,0,Non-Dropout
1537,11,0,68.91238400951585,51.531739475093595,69.91627667740654,47.33429119507821,3,3,1,1,2,1,0,Non-Dropout
1538,13,1,72.21118741334438,86.77891315042181,53.609421402001246,82.41887259964864,3,0,1,2,1,0,0,Non-Dropout
1539,15,1,68.84902217214572,96.23379045633175,98.45163417579832,59.03128372079776,5,0,2,5,5,1,0,Non-Dropout
1540,12,0,95.19943110391776,70.15702799291476,33.53300341885891,80.8419579799868,5,3,0,1,5,1,0,Non-Dropout
1541,10,0,57.08052673732793,65.05639781643696,100.0,82.1547621622562,4,4,0,2,3,1,0,Non-Dropout
1542,17,0,71.48440016179559,48.91456517974369,62.39254189475612,73.19361137919961,6,3,0,5,3,0,0,Non-Dropout
1543,14,1,61.58460176226888,57.638946417974466,56.66174553254765,55.78353304248944,5,3,1,2,1,1,0,Non-Dropout
1544,14,1,28.077918296371386,65.94733430729018,54.30620262158638,79.16351870728421,4,5,2,3,5,0,0,Non-Dropout
1545,13,0,62.09790765697333,55.48177659686682,100.0,68.2033448390197,7,1,0,2,5,0,0,Non-Dropout
1546,15,0,50.952544161221894,59.641066777899326,29.8805675210888,65.67001900437626,5,3,1,3,3,0,0,Non-Dropout
1547,12,0,63.99766311739379,78.16193832809418,56.629139420893665,51.32589574362287,4,8,2,1,1,0,0,Non-Dropout
1548,18,1,64.60396218002442,80.5557639678542,37.73080429171221,57.488264769693544,7,4,0,3,4,0,0,Non-Dropout
1549,14,1,70.78036831909006,96.81690041063541,24.686614143723475,51.544173570886265,6,6,0,2,3,1,0,Non-Dropout
1550,12,0,57.047309370257466,59.764532922430966,100.0,79.38695253440278,5,4,4,4,5,0,0,Non-Dropout
1551,10,1,58.923606263945885,75.46370422269032,69.32179739415284,88.01553906875284,4,5,0,4,3,0,0,Non-Dropout
1552,19,0,75.51040479214923,66.64606454920197,40.97888577503075,78.85528148731247,7,0,0,1,5,1,0,Non-Dropout
1553,15,1,52.86412205778316,65.23269500725775,90.7272213103614,67.98384315357279,4,2,1,5,1,1,0,Non-Dropout
1554,11,1,37.42320513936062,68.67721540720687,59.982899984004064,60.397433609565084,8,2,2,2,4,1,0,Non-Dropout
1555,12,1,67.35547035389722,71.0764907050708,53.835830502221654,72.14624279472002,1,3,1,1,4,1,0,Non-Dropout
1556,10,1,81.06273121352366,80.00792532592125,84.38453162959638,58.74385979509098,8,3,0,1,3,1,0,Non-Dropout
1557,18,0,75.3377071347033,68.39284066846251,59.44528219027178,64.52957192377663,1,2,0,2,3,0,0,Non-Dropout
1558,17,1,67.63226293295455,99.54661260103538,45.93059920971716,52.67798102839889,6,2,2,4,4,1,0,Non-Dropout
1559,11,1,83.75968015023167,40.91199236624196,87.38505799625608,74.75961263595804,2,3,1,1,4,1,0,Non-Dropout
1560,17,0,81.23025858747374,96.07907250978569,66.46577024910547,75.51362380930416,6,2,3,2,3,1,0,Non-Dropout
1561,18,1,60.03628208406409,67.62992668115923,88.66012632459218,78.63283453989786,6,3,2,3,3,1,0,Non-Dropout
1562,10,0,68.71282592505605,71.2233416679469,59.92943503641332,73.36678413110852,6,4,2,4,2,1,0,Non-Dropout
1563,14,0,69.3569033395466,74.80769043272713,95.47557793615184,72.31955210884543,3,4,2,1,2,0,0,Non-Dropout
1564,17,1,63.69874056886145,89.11284086511942,70.35074854319423,49.34266950979191,6,1,0,4,2,0,0,Non-Dropout
1565,11,1,82.01371356310817,57.39416882061447,96.48410766503395,48.7148490409904,5,1,0,2,3,1,0,Non-Dropout
1566,13,0,62.71789349904843,61.862815455610026,95.66626069823181,69.96584289626314,1,4,2,4,4,0,0,Non-Dropout
1567,16,0,57.49581663492506,85.01119343795295,100.0,81.51346845848678,8,3,0,2,3,1,0,Non-Dropout
1568,12,0,26.126881139372685,41.03642341249485,71.70718121813987,60.99152697628353,4,4,0,2,2,1,0,Non-Dropout
1569,14,1,53.02544176439433,74.31666738219495,79.56800526161783,65.08413175182734,4,2,0,5,5,0,0,Non-Dropout
1570,17,0,45.26873136794852,59.045406590200216,64.23184627159566,65.23994118165842,3,4,1,4,1,1,0,Non-Dropout
1571,19,0,64.39405773100347,54.835416510902434,47.557389781112505,37.35067492592728,5,2,2,2,2,1,1,Dropout
1572,12,0,46.19466124305868,42.2307230347034,100.0,68.60636628042214,5,4,0,2,5,1,0,Non-Dropout
1573,13,1,74.13027112503352,90.44604110138071,51.19738014758664,56.75221957840882,3,6,1,2,2,0,0,Non-Dropout
1574,18,0,81.62656412321058,78.17651798419301,92.6216877306188,74.16620646340935,6,2,2,3,3,0,0,Non-Dropout
1575,16,1,64.5326486211782,61.554375945034074,88.14530836050177,64.5299406510929,1,2,2,2,2,0,0,Non-Dropout
1576,10,1,50.239734256043874,71.70884180658862,74.52632421360141,62.311061964942866,3,1,0,3,3,1,0,Non-Dropout
1577,13,0,69.296005642723,53.14235371491443,66.1252849428109,62.63781441682483,7,4,0,2,3,1,0,Non-Dropout
1578,13,1,93.40212587132041,64.27628313119001,66.3739392467534,60.09470531962899,3,5,1,2,3,0,0,Non-Dropout
1579,18,0,88.73720943986841,71.03307328163883,53.57301405773785,44.57677487374967,5,2,4,2,2,1,1,Dropout
1580,15,1,43.90881960143865,76.27900950171623,72.36104548793097,79.3002284200209,5,4,1,5,5,0,0,Non-Dropout
1581,18,1,43.352281647976426,82.84127223949885,40.46534016498632,55.491440798391935,4,3,1,4,3,1,0,Non-Dropout
1582,15,0,39.50695340300078,38.882951720022795,88.68131390939152,57.983716347352384,6,2,0,3,1,1,0,Non-Dropout
1583,15,0,47.94530819374518,82.90351918449625,64.2865504667074,66.18598181639763,2,2,3,3,3,0,0,Non-Dropout
1584,14,0,68.77388703152945,40.49007557613241,45.94947396961375,48.266705166927885,3,1,1,1,2,0,1,Dropout
1585,14,1,56.64958587245113,83.63066957183166,38.08896661760321,57.51380361941025,7,0,2,5,2,1,0,Non-Dropout
1586,11,1,52.41994946173086,70.73378091103088,66.70248043055335,93.74739527735366,0,4,1,1,2,0,0,Non-Dropout
1587,17,0,80.58664651274678,96.82919692825303,67.57207501333932,70.05101547034664,5,3,0,2,3,1,0,Non-Dropout
1588,17,0,72.9513967863144,61.510538212581835,57.04839573402326,52.13295760751737,5,3,2,1,5,0,0,Non-Dropout
1589,10,1,39.42946059269282,90.61680020947428,82.56010225709564,33.779904270025085,4,2,1,2,4,1,0,Non-Dropout
1590,17,1,79.72587011314454,51.65213550082353,78.71106177641025,80.02091364398738,2,2,0,2,5,1,0,Non-Dropout
1591,14,1,72.59052083693058,77.11775735186143,71.41933326951987,49.818750812106494,5,2,3,4,5,0,0,Non-Dropout
1592,11,0,72.92394887045559,34.23998060895223,46.85096748713288,56.856953601450456,6,1,0,3,1,1,1,Dropout
1593,11,1,56.44288964104147,92.66125922407562,51.499648770767614,58.756485770562506,4,4,2,4,3,0,0,Non-Dropout
1594,15,0,62.19043730307665,100.0,35.085244371803704,51.3030604057498,6,2,2,1,5,1,0,Non-Dropout
1595,18,1,35.409177077043246,61.03555555052497,65.21574445364563,63.85645530082547,8,8,2,3,3,0,0,Non-Dropout
1596,10,1,78.00480008801938,77.4526113396263,84.01854517545456,56.72883226852235,4,1,1,2,3,1,0,Non-Dropout
1597,15,0,50.01609483048027,83.87675849590401,39.723286580639495,74.16700652489114,4,4,0,2,2,1,0,Non-Dropout
1598,18,0,51.940564533590845,43.9949000569478,55.97101127954258,67.10827546477694,6,3,1,5,4,1,0,Non-Dropout
1599,17,0,51.73788058460425,60.01786606419512,68.6775436406542,86.48192810236252,11,3,1,2,1,1,0,Non-Dropout
1600,15,1,92.00601675355728,58.779803627250274,83.98109229046084,86.78527762320942,6,8,1,1,1,0,0,Non-Dropout
1601,12,1,54.969439028565695,100.0,33.07752723930555,50.67774665858391,10,5,0,1,2,1,0,Non-Dropout
1602,17,1,79.13390410315584,95.9160472872072,100.0,60.09477195105761,4,1,0,4,1,1,0,Non-Dropout
1603,18,0,64.64011842675828,70.65834270167797,88.81508809765563,97.3145862106448,3,1,2,1,1,1,0,Non-Dropout
1604,10,1,52.563354298467814,90.58081488068015,55.023645492696154,47.62310760467229,9,3,0,5,1,0,0,Non-Dropout
1605,18,0,49.84399920080454,79.22499035417438,43.24134073799267,76.96437927767704,12,7,2,2,1,1,1,Dropout
1606,15,0,55.567158687740125,86.86074547859496,77.09158504136519,73.2199682290448,5,3,1,4,4,0,0,Non-Dropout
1607,15,0,63.88307889836189,53.92971677505351,81.79873326168699,52.26575418037467,4,5,2,4,4,0,0,Non-Dropout
1608,13,1,74.02605659582261,100.0,45.24331787158832,52.989517826753605,6,4,0,2,1,0,0,Non-Dropout
1609,10,1,57.93512480764376,59.64519217459318,42.14691885865811,92.67415793302166,4,2,0,4,2,0,0,Non-Dropout
1610,19,0,57.37382387329521,60.68055949163135,47.66383269572053,92.374289349152,5,5,0,2,2,1,0,Non-Dropout
1611,17,1,51.78267282646889,86.804543635549,71.61284818904025,71.44873460634656,5,4,3,2,4,1,0,Non-Dropout
1612,11,0,47.08936787809665,81.91521503486932,71.9296627703947,44.20693511237545,3,4,2,2,2,1,0,Non-Dropout
1613,10,0,45.83463470371606,75.46313472141217,100.0,83.85286804558835,6,0,0,4,2,1,0,Non-Dropout
1614,11,1,79.82043376909401,91.79200167080081,15.876635619527896,44.14347057834951,2,1,1,1,5,1,0,Non-Dropout
1615,10,0,57.067413730686916,51.77889522492825,53.20750061428802,75.7279853795978,6,2,5,3,4,0,1,Dropout
1616,10,0,58.39586150666351,100.0,56.77093213422516,40.711065887898485,7,6,0,4,1,1,0,Non-Dropout
1617,18,1,55.00081125528722,64.98689563908482,82.16165657677988,65.1142775507986,3,3,0,2,2,0,0,Non-Dropout
1618,10,0,60.24715565108565,73.2317772569428,83.1667714084006,78.27471174353585,5,5,1,3,3,0,0,Non-Dropout
1619,13,0,70.5661126148515,100.0,65.01015161472279,22.619623834528483,4,2,1,5,3,1,0,Non-Dropout
1620,19,0,57.69678768245567,60.81119919686401,100.0,57.074313343229555,6,6,0,3,3,1,0,Non-Dropout
1621,15,0,67.71109831145856,95.46085005045362,42.096507679396765,67.29967926017095,5,2,1,3,1,1,0,Non-Dropout
1622,16,0,86.2731273424646,70.71356143604704,52.60190182272223,59.83729330236514,3,4,1,3,5,1,0,Non-Dropout
1623,11,0,52.705039757191905,58.1633086201187,37.112335792662456,54.93388136860197,6,4,2,5,1,0,0,Non-Dropout
1624,15,0,58.40797595014687,67.32521615269061,66.3348860497563,62.99786795986168,4,6,0,2,1,1,0,Non-Dropout
1625,16,1,74.61590404117713,86.32560393544391,61.70722736519882,80.56285734705303,11,2,2,3,2,1,0,Non-Dropout
1626,19,1,87.45944250772888,95.2853265951547,89.65593757836095,85.53432360468389,5,2,0,2,2,0,0,Non-Dropout
1627,19,0,46.365345831856985,79.51211839835668,100.0,75.57531747010526,10,6,0,2,2,0,0,Non-Dropout
1628,11,0,39.487939627282515,43.04112696229625,100.0,88.30041891821551,4,3,1,5,3,1,0,Non-Dropout
1629,11,1,64.99090473691562,87.71063299323652,39.42906336609833,56.97829143573851,9,4,2,2,5,0,0,Non-Dropout
1630,19,1,63.44184654542293,72.15736330768138,71.33399661314188,73.9517698579163,4,3,1,5,1,0,0,Non-Dropout
1631,16,1,75.50253944249148,52.95034466342421,89.35951194773995,49.71730188820804,6,4,1,5,2,1,0,Non-Dropout
1632,10,1,73.2134051993152,81.92787240698935,86.71132524247166,100.0,5,3,1,4,5,1,0,Non-Dropout
1633,17,1,64.4905516118859,97.67679037294235,100.0,66.5022059404241,5,3,0,1,2,1,0,Non-Dropout
1634,12,0,80.73822280050186,75.13437895994389,64.50444420047675,77.06160396558225,4,3,0,1,4,1,0,Non-Dropout
1635,15,1,54.7847351772101,93.46665383578522,71.9523081844311,38.56302638398049,3,4,2,3,2,0,0,Non-Dropout
1636,18,1,68.17371188115132,84.2479206888119,100.0,76.72001818868166,8,0,0,3,5,1,0,Non-Dropout
1637,15,1,46.764391567785204,84.50608589653352,80.49792203914717,66.7054885854465,12,4,3,3,3,1,0,Non-Dropout
1638,18,0,64.36807585737023,68.89026097894727,55.07259365266533,71.96157350291084,9,1,2,1,4,1,0,Non-Dropout
1639,16,0,43.08302542189953,91.37393077654681,45.63019182376086,65.20358273036976,5,4,1,2,3,1,0,Non-Dropout
1640,18,0,48.2623467953555,93.28357690860598,75.22686543942248,63.20304248823937,5,3,2,2,4,1,0,Non-Dropout
1641,11,0,90.6417775623488,90.85335680427548,96.665117224249,60.37777138661123,0,5,0,3,5,1,0,Non-Dropout
1642,17,0,37.631936482166445,68.72426526552502,96.34406625224543,63.65513633133924,3,5,0,5,2,1,0,Non-Dropout
1643,17,0,61.7502245687786,94.70159538977217,48.19626901151895,87.02412887685932,4,4,1,5,4,1,0,Non-Dropout
1644,11,1,77.40822684087001,82.72629009619024,72.58195715102363,59.489250658676795,5,1,1,4,4,1,0,Non-Dropout
1645,13,0,98.32033372534143,55.55349077145872,58.72886504119459,98.88175630279278,6,0,0,2,3,1,0,Non-Dropout
1646,16,0,67.65612562649072,67.37015431440106,66.30158500990555,65.92065346583631,9,3,1,3,2,0,0,Non-Dropout
1647,13,1,68.51330189094038,64.39182051540736,92.63925989004527,85.99950544640711,6,3,1,2,1,0,0,Non-Dropout
1648,13,0,65.59528072621625,35.2420624097694,68.7520897244436,82.15889158632888,4,6,2,5,3,0,0,Non-Dropout
1649,15,1,80.85851607026244,95.0682610035668,86.31181363598415,41.54844678160242,6,2,1,3,3,1,0,Non-Dropout
1650,19,1,71.47555347856849,100.0,87.0606875615342,44.72198498851689,5,5,1,4,5,1,0,Non-Dropout
1651,15,0,56.373683198106725,99.16695803761871,54.725730227511946,54.82653840189159,6,4,2,2,2,0,0,Non-Dropout
1652,19,1,81.7326753714309,78.25718649238448,100.0,41.84474442033162,9,1,2,2,3,1,0,Non-Dropout
1653,12,1,58.067139262282595,64.68362538741852,42.61908948499507,58.804067210002984,8,0,2,1,4,1,1,Dropout
1654,18,1,41.022558198740015,56.49832513541735,38.41489722199775,65.42176933397731,8,4,2,2,4,1,0,Non-Dropout
1655,19,1,41.07013187846633,78.01290757637518,58.06222655487464,74.72914200183394,3,4,0,3,2,0,0,Non-Dropout
1656,11,0,61.983977803629756,94.36613026519936,45.62289817003733,67.70864621866518,8,1,2,1,2,1,0,Non-Dropout
1657,15,1,66.54562348657083,61.508350955835,85.13260231952344,65.0785967691089,4,4,2,1,1,0,0,Non-Dropout
1658,16,0,79.33443909573108,100.0,100.0,80.3561193507959,5,4,3,5,4,0,0,Non-Dropout
1659,18,1,74.61224617671652,47.3201373456953,98.20163143473175,78.34824763127575,9,3,1,3,2,0,0,Non-Dropout
1660,12,1,66.19776417809516,79.489964097064,49.57528631645306,93.61761869666589,3,6,1,5,3,1,0,Non-Dropout
1661,19,1,80.17265737148527,76.40588697077796,45.0498204742136,67.79935766131243,1,2,0,2,5,1,0,Non-Dropout
1662,12,0,65.19106859946426,75.13252840822179,94.43674146737943,28.835327021784757,4,1,2,1,1,0,0,Non-Dropout
1663,16,0,45.64270950830078,63.622901955258264,40.406629953256044,71.40797926486522,4,3,2,1,2,0,0,Non-Dropout
1664,13,0,42.37321517033665,76.649327873943,45.379929985797936,99.03546820500483,5,3,1,3,5,1,0,Non-Dropout
1665,17,1,84.18031561408486,66.00457716494921,79.22671740963936,80.38979140821789,1,2,1,3,2,0,0,Non-Dropout
1666,16,1,31.32155312896907,100.0,56.4527923649558,83.82950104180739,5,0,0,5,5,1,0,Non-Dropout
1667,14,1,61.988890164362466,100.0,72.98331936125709,66.42244809109594,0,0,1,2,4,1,0,Non-Dropout
1668,16,1,100.0,67.22913501233914,61.73667849780815,78.69704973389737,2,2,0,2,3,0,0,Non-Dropout
1669,12,0,71.88850166465748,42.10058646850012,69.30311633223403,84.61892798537203,3,2,1,5,3,1,0,Non-Dropout
1670,11,1,61.871857692817,81.35294247445768,91.86040369956831,59.98624527570629,4,3,2,2,1,1,0,Non-Dropout
1671,15,0,39.73307650020231,80.63188820027436,85.53799657232206,57.48825575500287,3,5,2,3,2,1,0,Non-Dropout
1672,11,1,89.26055852199823,77.10424617768908,92.92503873187206,71.82054593039011,6,1,1,2,2,1,0,Non-Dropout
1673,12,0,83.20741806041686,85.65905442035667,85.98178675965235,79.53892295407206,6,4,0,4,3,0,0,Non-Dropout
1674,15,0,75.27195368507596,100.0,87.71071751249349,23.669464531078738,3,3,1,1,2,0,0,Non-Dropout
1675,14,1,64.99160400534778,91.6594436066811,69.94557525867826,62.07830949536404,3,6,1,4,2,1,0,Non-Dropout
1676,17,1,73.58018370412066,85.6287063987397,33.637991017814976,35.698186256514845,2,4,1,2,4,1,0,Non-Dropout
1677,18,0,62.770684120942214,90.07831089414859,67.31588665002248,63.161341567662554,6,5,0,5,5,1,0,Non-Dropout
1678,12,1,50.40108634273503,80.02951637995564,77.89817295966574,90.3442168238937,3,2,2,2,4,0,0,Non-Dropout
1679,19,1,79.34502397257219,56.09118113295426,71.85552370322013,55.639724612023514,3,2,0,2,3,0,0,Non-Dropout
1680,12,0,64.24012015126685,100.0,80.49761884027322,60.70873586192906,4,5,0,2,3,1,0,Non-Dropout
1681,12,0,72.82915946988182,77.05167137686394,100.0,74.92903652041521,7,4,1,4,3,0,0,Non-Dropout
1682,15,0,63.18315139160351,56.08121469559184,57.4620884186747,79.90678000463248,3,4,1,3,4,0,0,Non-Dropout
1683,10,0,71.92729073070265,52.44042368976529,59.878621497104156,79.3424994959128,7,3,1,3,1,1,0,Non-Dropout
1684,16,1,64.78260904013375,56.64401626999988,100.0,65.55976927263225,4,3,2,3,1,0,0,Non-Dropout
1685,10,0,63.611752218656875,50.34588958942932,73.11426202560675,73.55700260926146,3,3,1,5,1,0,0,Non-Dropout
1686,14,0,65.4498439321628,88.37768853341112,81.3661970391432,72.89874990275301,7,2,0,2,5,0,0,Non-Dropout
1687,19,0,100.0,71.49776741181643,55.20457843927959,54.443814467057685,9,2,0,3,3,1,0,Non-Dropout
1688,17,1,77.03610478972905,90.52009488085416,51.68857042424257,38.73431942229362,4,3,1,3,2,1,0,Non-Dropout
1689,13,0,100.0,98.38947239833756,39.82321326102378,51.54463592109761,6,3,2,4,4,1,0,Non-Dropout
1690,14,1,64.87846378987726,93.21563833892259,74.3097608674406,86.58096371616833,5,4,1,2,2,1,0,Non-Dropout
1691,13,0,60.36413045953219,87.6804681208533,45.535186536690986,98.19819777781095,6,5,0,4,4,0,0,Non-Dropout
1692,13,0,48.88704412436786,80.75058240306444,42.46568755738509,63.634723906193365,4,2,1,2,2,0,0,Non-Dropout
1693,17,1,89.0484679493384,71.19273873363883,86.52616422961937,86.00270071352286,6,2,0,1,3,0,0,Non-Dropout
1694,11,0,51.42222639276341,72.52707745532172,54.131531790741136,60.539027382295195,5,3,1,1,5,0,0,Non-Dropout
1695,10,0,92.14341136080034,86.68726978092354,39.99400148296994,70.23549673572893,6,3,2,4,1,1,0,Non-Dropout
1696,12,1,49.75717503844553,55.77369216464764,37.4159078914015,55.78692542378796,3,0,1,2,5,1,0,Non-Dropout
1697,18,0,78.2998980294864,73.92230497425231,92.79307214128656,80.21822806996445,6,4,0,2,4,1,0,Non-Dropout
1698,13,0,41.13488774789531,60.14315616944721,67.33748041398259,55.420761701100275,5,3,3,3,2,0,0,Non-Dropout
1699,19,0,58.370664476140036,98.45964157150922,60.01674082833409,51.61079751438716,4,3,0,3,1,1,0,Non-Dropout
1700,14,0,65.33122294169486,89.34114653825506,74.2865462173236,65.70126482460263,7,0,2,2,1,1,0,Non-Dropout
1701,11,1,56.03763476444769,100.0,71.90683888267677,77.25149628185478,3,2,0,3,3,1,0,Non-Dropout
1702,13,0,62.460100972490594,59.84597485519917,56.766629326855586,67.45479667862533,6,1,1,3,3,0,0,Non-Dropout
1703,11,1,62.53182341631708,61.990523732360614,61.657933827317166,57.96459897551796,7,4,0,1,3,1,0,Non-Dropout
1704,11,0,77.10400325045096,76.15002200488577,88.26824205205217,51.5048281757512,6,4,1,2,2,1,0,Non-Dropout
1705,13,1,33.698723165198885,60.490830148700425,90.61933018683335,39.696624167627185,6,3,0,1,1,1,0,Non-Dropout
1706,15,0,56.55620407957903,85.75239607039178,49.04527161434532,58.15620369070096,7,2,2,3,4,1,0,Non-Dropout
1707,16,1,83.81954521656434,73.98093746455538,100.0,62.70629246301591,1,6,1,1,2,0,0,Non-Dropout
1708,19,0,73.43719884974892,65.2293859660063,100.0,73.30940837847602,3,3,1,3,3,1,0,Non-Dropout
1709,12,1,84.06929393190521,96.75209129228824,62.716248649970446,47.49338933923751,4,0,1,3,2,0,0,Non-Dropout
1710,12,1,76.38184032159027,38.008229791172226,62.11698167133472,75.02281399605353,9,4,0,2,3,1,0,Non-Dropout
1711,19,0,48.74727339485284,85.84226353677835,47.54434174378335,56.08762357387421,6,6,1,3,4,1,0,Non-Dropout
1712,15,1,74.91345756679365,63.977350642606005,53.28530043420754,57.293441076772496,7,3,0,3,1,1,0,Non-Dropout
1713,12,0,66.50289200139144,91.33512947847356,78.08679404352795,83.73079649948755,3,4,1,3,1,1,0,Non-Dropout
1714,11,0,99.02091997689487,96.12511416130594,100.0,27.839773905927757,4,4,1,3,2,0,0,Non-Dropout
1715,17,0,77.03246873741614,29.472989258948758,88.20849296093637,46.59756591181616,5,1,0,3,5,1,0,Non-Dropout
1716,14,0,72.85051111516401,70.76755242491556,61.69653675018748,65.68468337534884,4,1,0,2,1,0,0,Non-Dropout
1717,10,0,75.04136395011966,76.16383255973211,59.38181984039864,64.92543506422008,7,2,0,4,2,1,0,Non-Dropout
1718,12,1,72.03268312499935,27.84328513600454,53.40357661769962,39.47023234046647,4,3,2,5,2,1,0,Non-Dropout
1719,19,0,71.6270169161911,79.5550165441895,96.49744146335983,57.58689426709917,6,3,3,3,2,1,0,Non-Dropout
1720,17,0,61.00559945904622,64.43894185091204,63.91916203984104,79.3702277559905,3,2,0,3,3,1,0,Non-Dropout
1721,13,0,73.03209330530001,50.88545367538167,81.35673016669413,47.55754349443458,1,2,3,3,3,1,0,Non-Dropout
1722,16,0,79.22700020409043,61.99021831821984,64.08132567990106,81.21128415347539,5,3,3,2,4,1,0,Non-Dropout
1723,19,0,80.90492103548128,58.53372727093681,100.0,54.25759614397562,5,2,0,4,2,1,0,Non-Dropout
1724,11,0,79.0867522940527,63.58285371255375,56.64529086223849,36.90613910473804,6,2,0,1,2,1,0,Non-Dropout
1725,16,1,87.62095469228109,78.70246781905085,52.41610921770197,77.28628278859479,7,3,0,3,3,0,0,Non-Dropout
1726,14,1,81.84338184955888,94.62493060128861,57.956990082265754,68.7603766366243,6,4,2,1,1,1,0,Non-Dropout
1727,14,0,74.42776871151155,73.44328100352234,80.6002472982496,43.010950615642,6,3,2,4,5,1,0,Non-Dropout
1728,15,1,47.845088005044474,97.05516141323977,100.0,56.85831530768872,3,5,0,2,2,0,0,Non-Dropout
1729,18,0,47.85097515756374,54.08085032218827,80.65418949708297,90.87444622555705,2,1,1,3,1,1,0,Non-Dropout
1730,15,0,61.27798395107974,78.05778533201286,87.6643944995265,74.87528513666675,6,4,1,1,3,1,0,Non-Dropout
1731,17,0,65.70130529071578,100.0,84.1895112663802,81.73079088897842,4,3,0,1,4,0,0,Non-Dropout
1732,16,0,85.97002296804892,43.18870473650087,28.37458419846225,47.925234973631675,4,4,0,3,3,0,0,Non-Dropout
1733,18,0,23.304396713066943,42.424845421221235,69.5965492866092,83.3791767750048,5,1,1,4,3,1,0,Non-Dropout
1734,13,1,49.501906058853564,100.0,62.07273385455793,43.64070485270409,2,3,0,4,2,1,0,Non-Dropout
1735,11,1,62.086686283027454,79.4105026387056,66.46921771671613,44.11521197971994,8,3,0,1,4,1,0,Non-Dropout
1736,16,1,50.047135570509674,62.969999166804,49.42867249315415,77.5267897022728,6,2,0,2,5,1,0,Non-Dropout
1737,15,1,53.02838992444603,52.40652728989001,91.70769543444081,45.033793565759694,1,5,3,4,3,1,0,Non-Dropout
1738,10,0,57.51256856171846,74.2802279428487,71.21183542716894,87.76341431783193,6,2,0,1,1,1,0,Non-Dropout
1739,18,1,50.812612038885966,77.67158180560762,71.06079862426,46.21385183174926,1,4,1,3,1,0,0,Non-Dropout
1740,18,0,53.413635088767855,77.7705457220944,66.31920692852681,50.419065077364635,9,3,0,4,2,0,0,Non-Dropout
1741,11,1,85.44848845541678,52.21105164948905,54.26749963111556,82.29757345326112,6,2,1,1,2,0,0,Non-Dropout
1742,12,1,74.21477510242968,68.26102154742676,25.448971118245993,55.68871835346667,5,3,1,1,3,1,0,Non-Dropout
1743,14,1,76.45915017113006,63.6383410730958,76.79210045667705,76.92732236757607,5,4,1,1,5,1,0,Non-Dropout
1744,14,1,64.48815863813067,87.92887782793018,72.83963864408545,48.29920454105655,3,3,2,4,3,0,0,Non-Dropout
1745,10,0,80.16657819007642,53.391011458118626,83.35604447681595,60.8509889071168,3,4,2,5,4,0,0,Non-Dropout
1746,17,1,77.71697476959176,76.52055546360788,71.80784600146218,76.1129737438524,5,1,1,2,5,1,0,Non-Dropout
1747,17,1,73.97806871660542,100.0,43.01775465358205,52.31413823069836,5,3,0,1,1,1,0,Non-Dropout
1748,13,0,55.18753917286834,52.02539042682183,50.13008475115645,80.34090268036994,7,6,1,2,2,1,0,Non-Dropout
1749,16,0,58.36944277415187,60.054740441900556,100.0,59.595717386280825,4,5,0,1,3,0,0,Non-Dropout
1750,19,1,80.87195148098553,73.12275093802407,77.97340405177515,66.80136752186986,6,2,0,1,3,1,0,Non-Dropout
1751,12,0,57.24899387823567,16.15491175754358,90.08040675509847,49.96006217702343,2,4,0,2,2,1,0,Non-Dropout
1752,15,0,45.67213795603317,46.46345085760452,92.97290983193227,53.44457386641135,6,3,1,4,4,0,0,Non-Dropout
1753,19,0,56.959728878540325,81.2138510008652,45.406807770398956,52.33786467150196,4,2,0,2,5,1,0,Non-Dropout
1754,19,1,88.39108523328679,71.48659758467026,61.487378334733606,55.865400949704075,5,5,3,2,2,1,0,Non-Dropout
1755,18,0,56.97445003412605,96.0941431508729,87.02533219328897,88.19304577771791,6,3,0,2,2,0,0,Non-Dropout
1756,10,1,69.91482187980039,70.23750323310051,49.611623074637464,81.81184871899364,11,2,0,1,2,1,0,Non-Dropout
1757,14,1,55.764681119428275,68.47711673607762,59.79387770669985,71.77699366533093,7,1,1,1,3,1,0,Non-Dropout
1758,13,1,76.45138331728049,60.942584496767616,57.01582798759427,55.120726463904944,8,1,1,3,3,1,0,Non-Dropout
1759,17,1,73.05198786054534,68.14309843781976,51.54705769505871,52.3688156808681,3,2,2,4,1,0,0,Non-Dropout
1760,10,0,42.63222888251956,50.768243636063744,66.74628186599776,50.45578561973349,8,6,2,3,2,0,0,Non-Dropout
1761,18,1,69.0204798062897,72.05068194070425,57.85419759044631,60.44249393848252,6,1,3,4,1,1,0,Non-Dropout
1762,15,0,39.76119669052149,55.57486372221537,60.03635667396262,69.20193821851228,5,2,1,2,5,0,0,Non-Dropout
1763,13,1,56.688983038566356,50.78469157506618,76.71158377789901,74.21407336412797,4,2,3,1,3,1,0,Non-Dropout
1764,18,0,64.82849125051433,62.21085124997191,94.95220478744471,65.21612249873137,9,4,1,3,3,1,0,Non-Dropout
1765,14,1,92.70298873193744,84.02305639477245,89.11447599247352,73.48172181001803,2,4,0,3,5,1,0,Non-Dropout
1766,14,0,69.76868697648764,77.84511015115827,74.41023539180341,79.03926957230964,4,1,1,1,5,1,0,Non-Dropout
1767,14,1,53.49370869105436,88.35213053108502,100.0,59.42365898733908,8,4,1,3,1,0,0,Non-Dropout
1768,10,1,60.24184846225099,56.53527728660461,86.47520392834812,81.47570210763516,8,2,0,2,4,1,0,Non-Dropout
1769,10,0,78.86295161663756,74.73607735236496,90.11250919193286,50.24399715069159,6,2,2,5,3,0,0,Non-Dropout
1770,17,1,53.697247373900495,100.0,65.92377720633134,73.7957287543784,3,3,0,2,1,1,0,Non-Dropout
1771,17,1,81.45467747002236,100.0,60.33462578471759,65.4794613687408,8,0,1,3,2,1,0,Non-Dropout
1772,15,1,57.15423082928906,49.507262282890366,79.4007665898924,67.62950081068287,8,3,0,2,4,1,0,Non-Dropout
1773,13,0,51.27021266731823,54.831921476569946,92.65539708047663,59.48297797231381,6,4,3,2,3,0,0,Non-Dropout
1774,11,1,57.63495558645844,100.0,74.36108340242927,83.70981632611327,7,3,0,4,5,0,0,Non-Dropout
1775,11,1,40.75573393867896,84.03100852505145,54.17103616967117,55.936455713547105,4,3,0,5,3,0,0,Non-Dropout
1776,18,0,32.41134528273558,71.18539827191962,37.910033908658704,85.81187340275471,5,4,1,1,2,0,0,Non-Dropout
1777,14,0,63.761969160187114,68.95176660887867,30.46182746075862,85.91048099403845,6,2,1,2,3,1,0,Non-Dropout
1778,13,0,63.990531824846606,79.54919557211495,71.063678698685,71.76668131464228,6,2,3,3,5,0,0,Non-Dropout
1779,19,0,68.84692676805,79.79987010253363,90.39905923654666,60.30745074021782,3,1,0,2,4,0,0,Non-Dropout
1780,10,0,63.68788722911641,64.33677741869619,12.423470370738933,52.43339906370484,2,0,1,1,1,1,1,Dropout
1781,16,1,99.93879686158733,71.73598984503886,54.813161384021406,35.0844155489725,9,6,1,1,2,1,1,Dropout
1782,12,1,67.52614014909045,63.63558326573834,50.73429087642771,73.09817178056558,10,4,0,1,2,1,0,Non-Dropout
1783,15,1,44.35305715825092,78.37481019350568,79.48165118226193,48.32757425484577,4,1,0,2,2,1,0,Non-Dropout
1784,14,0,48.201277164461246,60.248648580753056,53.32979167619631,50.42775165936787,9,3,1,2,2,1,0,Non-Dropout
1785,14,1,65.00457004023093,49.64506852769645,39.23864563513441,73.2651174775041,8,2,2,5,3,1,0,Non-Dropout
1786,14,0,58.46860073662294,100.0,54.77534879162095,58.55172499148882,4,2,2,5,4,0,0,Non-Dropout
1787,10,0,46.572801542548035,73.60848802467272,50.857525744292616,68.2639937209397,6,4,0,3,3,1,0,Non-Dropout
1788,10,1,64.11727876050705,100.0,70.32472984754284,71.90873992375654,4,3,1,2,2,0,0,Non-Dropout
1789,12,0,64.33663655926487,36.354345576332456,64.63020262285063,89.07050227308845,2,2,2,3,2,0,0,Non-Dropout
1790,19,0,88.93540600245072,46.010539283930314,81.0620360192118,67.97860507690105,4,4,1,2,2,0,0,Non-Dropout
1791,13,1,51.25865439316856,84.3358954851227,69.84374002907957,56.75578019739795,8,3,1,2,3,0,0,Non-Dropout
1792,14,0,58.734082911377406,73.62534812826286,95.37418712975112,63.87382634895111,5,2,1,3,4,1,0,Non-Dropout
1793,11,0,88.88924583643447,51.84619873891584,58.801469751617816,56.33197085720286,2,2,1,5,1,0,0,Non-Dropout
1794,17,1,69.92879311895913,97.7299071458063,85.50264799595702,93.1963187577733,4,4,0,3,3,1,0,Non-Dropout
1795,11,0,51.17067908720927,57.60213341538257,77.94627295536169,70.58350391721368,4,1,0,1,3,0,0,Non-Dropout
1796,18,0,54.279017232336365,98.97101406224161,62.615050758674265,73.7700151872537,3,3,1,2,4,0,0,Non-Dropout
1797,11,1,46.78761867448008,73.59130340845145,87.19960026789067,85.28752863844826,9,2,0,1,3,1,0,Non-Dropout
1798,18,1,66.1590894151049,53.60138868808221,49.94440397143213,52.28525461558795,4,3,0,1,4,1,0,Non-Dropout
1799,16,1,80.46739977253506,61.62522962661723,100.0,43.60266941205701,7,2,3,2,3,0,0,Non-Dropout
1800,17,1,89.46351913448488,100.0,50.59069454398884,64.65888830942382,4,4,0,1,2,1,0,Non-Dropout
1801,11,0,42.705774035978344,69.04505929909884,36.48380152639333,43.644817666797856,7,2,1,5,2,0,0,Non-Dropout
1802,16,0,78.03675855474995,94.44681742679309,34.53154944412081,58.83341615601101,8,4,0,1,5,1,0,Non-Dropout
1803,15,1,67.46469196700822,100.0,72.2772696621148,32.31630788504373,5,3,1,5,2,1,0,Non-Dropout
1804,13,0,61.07104452744879,73.39153500288026,55.89586867690055,44.724769466361124,6,2,1,4,4,1,0,Non-Dropout
1805,16,0,58.73992940181026,70.53614094147592,74.5309944507892,83.3439503692705,2,4,2,2,3,0,0,Non-Dropout
1806,13,1,36.186022461579284,66.90063724839835,42.432963060256384,71.06955316964363,2,3,1,1,2,0,0,Non-Dropout
1807,11,1,74.56997943602369,82.04195248643717,82.17461585754043,91.96477223009546,5,2,1,3,3,1,0,Non-Dropout
1808,19,0,45.21714836234976,100.0,74.60166859520828,64.53292895496034,8,4,4,2,1,1,0,Non-Dropout
1809,16,1,53.77706277413438,50.459272013873466,58.56283072160426,63.95701689434945,5,3,1,2,2,0,0,Non-Dropout
1810,17,1,71.26976951829944,79.3830471930816,85.62134367022824,68.23211923292995,5,3,1,3,3,0,0,Non-Dropout
1811,11,1,37.750466443263406,78.51758853716544,84.37649495977413,100.0,5,1,0,2,1,1,0,Non-Dropout
1812,14,0,45.1880908577795,38.916257806060834,72.30189112826496,80.78907105128431,4,3,2,3,5,0,0,Non-Dropout
1813,10,1,83.27993988715309,57.25068536039575,92.18205091238636,52.39093078942784,9,4,1,2,3,1,0,Non-Dropout
1814,16,0,66.83088319359094,61.349177866247345,97.76247468089447,71.11013225040551,7,4,1,2,1,1,0,Non-Dropout
1815,17,0,55.066979493134404,90.28059065600476,50.28607955791928,67.2884857479403,5,1,1,5,4,1,0,Non-Dropout
1816,15,0,66.88994231455264,93.77901822401643,98.311407416929,75.81357535028998,5,6,0,2,2,1,0,Non-Dropout
1817,14,1,75.04214506264604,37.492432001635514,47.52330004550292,93.0983001991596,9,3,0,2,2,1,0,Non-Dropout
1818,15,1,81.87151836856515,87.78404165910332,89.28851252707254,73.8166337736576,4,3,1,3,3,1,0,Non-Dropout
1819,11,1,48.31347236960317,85.19855969640746,93.68024769814085,59.438609852772004,5,3,0,4,4,1,0,Non-Dropout
1820,10,1,49.62742755631733,86.5677335294115,65.63370513113088,92.9652337834662,4,5,0,2,5,0,0,Non-Dropout
1821,16,1,74.12514948018091,78.05491928595308,68.66841866965217,45.41190050734847,2,1,2,1,2,1,0,Non-Dropout
1822,16,0,74.60618852750152,94.00879690258799,62.524288627828504,60.93261001612284,8,5,0,2,3,1,0,Non-Dropout
1823,19,0,44.84046527344826,98.43041390905432,49.38976213861275,78.52187838468572,5,1,0,3,2,0,0,Non-Dropout
1824,19,0,50.190339867668044,42.32268672212514,54.05543035479357,53.14245926237125,5,3,0,2,1,1,0,Non-Dropout
1825,11,1,62.093790487078195,74.02551393455498,82.41547678198046,64.22337135847721,8,4,1,1,5,0,0,Non-Dropout
1826,11,0,65.35364366645767,69.91022508133565,91.39239600257818,54.480149873277064,6,3,0,1,2,0,0,Non-Dropout
1827,10,0,65.77894815956797,63.54505793849253,69.63906028570607,64.4249072707822,5,6,1,3,2,1,0,Non-Dropout
1828,19,1,44.61014289976342,65.9098390529145,44.747249363442535,54.50601537967774,8,2,1,4,3,0,0,Non-Dropout
1829,17,1,65.62741655755232,78.73567252674796,41.34393024767925,66.18567159343067,6,1,2,3,3,0,0,Non-Dropout
1830,17,0,54.23943957694336,49.06782483583255,67.34706504426937,60.055662152210424,8,2,4,4,4,0,0,Non-Dropout
1831,10,0,47.50523560114506,88.41244120169601,56.81014101767131,84.90861907710617,2,6,1,4,2,1,0,Non-Dropout
1832,17,1,64.83505927382947,67.61755858322317,99.65533285106272,70.78249423630596,7,5,1,2,3,0,0,Non-Dropout
1833,18,1,63.30509555468477,92.49293359178301,52.442831568855944,76.0719468658887,5,3,0,2,3,0,0,Non-Dropout
1834,13,1,77.02539857383965,62.60137659929695,84.934482989774,67.16465309543267,2,5,2,4,5,1,0,Non-Dropout
1835,10,1,52.08547449104817,61.51772778037656,54.48459939909921,58.483672161686286,7,1,1,3,3,1,0,Non-Dropout
1836,10,0,68.52755655467871,56.09073307655306,62.912540963853786,70.02200959022419,1,2,0,3,5,0,0,Non-Dropout
1837,12,0,41.46987217357114,62.71290781428986,74.30363521655671,68.04189209928333,1,2,0,5,2,1,0,Non-Dropout
1838,14,1,60.877164841812146,58.9714024910339,82.98957069212531,28.678810425296597,3,5,0,1,2,1,0,Non-Dropout
1839,14,0,71.95516752493484,83.69494378189309,80.56399944831719,65.50329588720295,7,5,1,4,3,0,0,Non-Dropout
1840,18,0,73.22031840678696,95.94214639369763,56.00302186055668,75.07942496849338,9,0,0,2,4,1,0,Non-Dropout
1841,19,1,73.32250693952963,82.75736179367033,72.50868979378382,54.25851374232237,1,1,0,3,2,0,0,Non-Dropout
1842,11,0,77.065636958755,73.45155270065506,60.6303452610107,78.01280742154884,2,1,2,5,3,1,0,Non-Dropout
1843,11,0,58.3131524922131,84.73774888222057,34.218203325271936,70.33387535940345,3,0,2,2,1,1,0,Non-Dropout
1844,15,0,72.43588157634446,74.271607531821,75.72318583315214,59.04828219890914,9,3,0,2,1,1,0,Non-Dropout
1845,18,1,93.03117143812433,75.57146689916958,100.0,73.12855030324404,2,2,1,2,2,1,0,Non-Dropout
1846,10,1,57.993010255912566,68.86722123468451,100.0,59.47111971516899,5,2,0,3,1,1,0,Non-Dropout
1847,18,0,85.70297023847047,91.73182526239093,77.93460920344818,69.15197208957761,5,1,0,1,1,1,0,Non-Dropout
1848,18,1,78.14709433312552,23.68136865306559,76.29813155023149,61.10117583699358,2,1,1,4,3,0,0,Non-Dropout
1849,18,1,61.00514851485728,32.343039336043525,4.516713226804001,73.23507876671698,2,3,1,4,1,1,1,Dropout
1850,14,1,62.25686748233585,95.54448871509027,100.0,85.2023711039825,5,5,2,1,1,1,0,Non-Dropout
1851,18,0,66.7760353950083,71.06945731890592,100.0,58.458215761696486,3,7,0,2,1,1,0,Non-Dropout
1852,13,0,77.302474910474,93.34467690395364,88.97839785990145,78.53340247775273,6,3,2,3,3,1,0,Non-Dropout
1853,11,1,71.0395194730027,62.838427088957076,71.79993889225315,60.515566006742155,1,5,2,1,3,0,0,Non-Dropout
1854,15,0,57.87503604172726,100.0,14.22886571590243,60.63316194938955,9,6,1,4,4,1,0,Non-Dropout
1855,13,0,33.76920497356808,72.26962689280768,74.55763622851204,59.07103300327049,4,3,2,3,2,1,0,Non-Dropout
1856,15,0,75.08260938378228,83.98783094120186,70.7942082852269,39.67989943108926,6,3,1,2,3,0,0,Non-Dropout
1857,12,0,36.01253412434461,66.05707504235438,34.76856230974698,72.50534478303365,4,3,0,1,4,1,0,Non-Dropout
1858,15,0,44.51030439574857,57.0573662568854,81.20404676576918,69.26069766827604,3,2,1,1,3,0,0,Non-Dropout
1859,11,1,58.96284207947481,40.18142839859179,100.0,67.44425591606844,3,2,0,2,2,1,0,Non-Dropout
1860,11,0,46.788821004964404,90.71408112526717,78.5140548618291,88.31780610449269,1,4,3,4,3,1,0,Non-Dropout
1861,18,0,69.76292641705237,82.90835150868485,78.43225337777886,89.96931695164254,7,1,0,4,3,1,0,Non-Dropout
1862,16,0,60.55717700574106,76.87385159889037,80.03734829341073,84.61922092171773,6,5,0,2,4,0,0,Non-Dropout
1863,12,1,76.77846470633683,52.22768332437346,61.93071766002693,61.47007402827558,8,2,1,2,5,1,0,Non-Dropout
1864,10,1,40.88423700168989,100.0,88.95843386043036,60.70921371270239,6,2,2,1,2,0,0,Non-Dropout
1865,17,1,55.071534257198024,77.117451870825,100.0,49.727639746888315,6,3,0,3,1,1,0,Non-Dropout
1866,15,0,65.06299065993844,89.05777660271647,71.03151308897131,65.927551536265,3,3,1,1,3,1,0,Non-Dropout
1867,16,1,65.64092195758934,74.94025659590322,51.115712790210026,65.12380056818797,3,5,3,5,2,0,0,Non-Dropout
1868,18,1,75.41054608215083,53.21156905603445,35.36174593663072,73.0766734356839,3,0,1,2,2,0,0,Non-Dropout
1869,14,1,51.281171294096836,94.84872722370248,82.52368816969812,48.96730388961778,10,5,2,4,3,1,0,Non-Dropout
1870,10,1,57.97984572495501,84.01536889043776,85.35546282862278,59.38608126300136,11,4,0,5,1,1,0,Non-Dropout
1871,19,0,72.61024491320555,71.37180052152894,79.09864976341697,39.575816188649355,6,0,2,1,3,0,0,Non-Dropout
1872,16,1,32.02158890964484,83.67341064756238,64.10944026018673,54.259419047969324,5,5,2,1,3,0,0,Non-Dropout
1873,14,1,70.77402877838439,91.35087084504315,76.92820678054063,78.38951841702338,7,3,1,2,3,0,0,Non-Dropout
1874,12,0,76.45922923542383,88.20412113959142,56.60973472418287,48.478625972709565,4,1,2,3,5,0,0,Non-Dropout
1875,18,0,44.995089159826406,40.77347563181633,52.230334546236776,91.15967252781736,6,3,1,1,1,0,1,Dropout
1876,10,1,60.27465577572481,45.19596430436936,45.09254816314315,80.13353720580665,9,5,0,3,3,0,0,Non-Dropout
1877,10,0,87.38989724760721,89.65698259344012,45.35279696958335,72.51861727734446,8,3,0,3,4,0,0,Non-Dropout
1878,10,1,74.89742446596722,61.07759772923944,83.26103804111865,85.00304195164955,1,4,1,1,2,0,0,Non-Dropout
1879,12,0,71.70458409456299,54.027748031176436,63.26826439118428,63.18449350311524,7,3,2,3,5,0,0,Non-Dropout
1880,15,0,79.8643897268673,82.442084594921,52.96526951441032,53.937132784206014,7,4,2,4,1,1,0,Non-Dropout
1881,19,1,92.06817676418754,53.42112185718111,35.952161787691665,63.56086514104341,4,1,2,2,3,1,0,Non-Dropout
1882,12,0,65.27801104727558,65.41717574341814,86.77654146109421,39.21732129141651,6,4,1,4,1,1,0,Non-Dropout
1883,17,1,58.89216493666963,92.04539699037392,96.74360820494357,82.86107146244973,6,5,0,2,3,0,0,Non-Dropout
1884,19,0,79.82807616460897,44.71716362870349,44.396531405395116,59.76667133031768,2,3,2,4,2,0,0,Non-Dropout
1885,11,1,62.18820296075735,47.63472480608689,66.88357150654504,53.67189843562623,5,5,2,2,2,0,0,Non-Dropout
1886,18,0,51.07972012971585,42.78007135902417,46.685941576290986,55.40682563989715,5,1,1,5,2,1,0,Non-Dropout
1887,12,0,56.899006205191355,57.77670338630794,66.45535657466284,65.24864657282467,6,2,2,5,2,1,0,Non-Dropout
1888,14,0,69.68494373087572,76.65430478119423,85.19767700597757,66.79434531192679,8,4,1,1,4,0,0,Non-Dropout
1889,19,0,58.25606296383678,62.62424137490187,100.0,62.8084391522625,3,5,0,2,1,1,0,Non-Dropout
1890,17,0,59.37537128858129,100.0,58.82419937108942,62.741755828286664,4,3,2,4,2,0,0,Non-Dropout
1891,11,1,49.59026278032194,84.10619504097033,87.49781712441997,73.24639027502023,5,5,1,1,5,0,0,Non-Dropout
1892,15,0,86.53049774304218,74.62363896215652,88.10822285076824,48.51986370316234,6,1,0,1,3,1,0,Non-Dropout
1893,14,1,59.86059920468793,100.0,66.22173878693525,68.37787131828932,5,5,1,2,3,1,0,Non-Dropout
1894,19,1,54.32733544077141,48.383859843097405,99.00249481433934,60.23205661612603,5,3,1,5,3,1,0,Non-Dropout
1895,18,1,55.9231579009158,92.33143047565002,61.80714338122803,35.03018040923632,6,2,2,5,4,0,0,Non-Dropout
1896,14,0,77.03788962443217,70.27482726749973,80.88503853710652,48.75045145131816,9,1,0,3,4,1,0,Non-Dropout
1897,11,1,73.59797867754743,65.89354712065305,55.65943666712472,53.12028712402109,6,3,1,2,2,0,0,Non-Dropout
1898,14,0,57.47217943785691,87.22142508333667,83.287858784134,90.05589657661798,7,4,1,3,4,1,0,Non-Dropout
1899,13,1,65.4846955696313,66.74982838259263,80.78026599791612,71.78756082852841,6,5,2,2,2,0,0,Non-Dropout
1900,16,1,69.15056635778727,78.63807073375163,99.68403048346477,69.06484131302916,6,4,0,3,2,1,0,Non-Dropout
1901,15,1,54.43878961241592,73.0017828605786,100.0,57.695423524398656,7,3,0,1,3,1,0,Non-Dropout
1902,11,1,41.8906581891501,81.1290354685836,92.89564413824041,57.31477129365063,2,1,1,3,2,1,0,Non-Dropout
1903,14,1,72.72556129146867,64.85839140924332,86.7665032802787,47.2568032380391,8,2,0,3,2,0,0,Non-Dropout
1904,16,0,55.26898754002587,93.53524719836327,60.232957672018735,60.1038600054992,3,3,1,3,3,1,0,Non-Dropout
1905,16,1,71.6052252557588,34.116421938093005,13.358344652021877,85.634140534283,3,7,1,5,2,1,0,Non-Dropout
1906,14,1,69.81539963371314,87.81785110308844,100.0,45.22824005647607,4,5,1,1,4,1,0,Non-Dropout
1907,18,0,65.83688451883268,37.17520515046557,100.0,56.203580425794755,8,3,2,1,3,0,1,Dropout
1908,13,0,58.608092768154975,59.93103616021915,77.82453521655596,78.89280597343426,5,4,1,3,5,0,0,Non-Dropout
1909,12,0,55.491076662262714,85.44718110581904,44.84730271254229,78.85211712831733,5,2,1,2,1,1,0,Non-Dropout
1910,13,1,47.92373892445664,34.72660857929415,100.0,54.191892135500346,9,5,0,3,5,1,0,Non-Dropout
1911,14,1,55.778780684163664,78.3296148943144,97.62707611821965,82.45430131447087,3,4,1,3,1,1,0,Non-Dropout
1912,15,1,73.53222517325281,47.57308302264316,19.06699431859839,58.47954564345718,6,1,1,1,4,1,1,Dropout
1913,12,1,85.96738613185991,55.61860304594184,73.51024637638233,47.761106271135176,8,3,1,2,2,0,0,Non-Dropout
1914,11,1,83.76649013363478,54.698523539840025,76.07004823009133,87.47467986509474,11,3,3,2,3,0,0,Non-Dropout
1915,13,1,67.1813452426232,48.13333795442668,29.88953050957101,66.37941022038949,4,2,1,3,3,1,0,Non-Dropout
1916,14,0,85.95941091022456,40.40779194849688,43.028304420092155,62.48207807272533,6,0,1,2,2,1,1,Dropout
1917,13,0,60.397735582088295,100.0,97.28902104967163,67.62244602158906,4,3,1,1,2,0,0,Non-Dropout
1918,12,1,45.63429976227394,71.35057038992989,71.74334255409697,50.45113706133727,4,4,1,2,1,0,0,Non-Dropout
1919,17,1,93.81311628815413,50.25155106541919,46.251431732252826,56.57144618626937,7,2,1,2,3,1,0,Non-Dropout
1920,19,1,72.99212429685156,63.75752127114598,53.26475459286415,86.553527439997,8,3,4,4,3,1,0,Non-Dropout
1921,13,1,41.9805387419012,75.73322056782871,39.972171320377136,92.88698991007101,3,5,0,4,2,1,0,Non-Dropout
1922,11,1,88.38572867956043,67.42610395062296,71.88548827088529,48.302448319923094,5,4,1,1,1,1,0,Non-Dropout
1923,11,0,53.84866272336824,49.66316451466021,88.80759502018503,59.15962141022958,4,3,2,3,1,1,0,Non-Dropout
1924,10,0,57.111766134123,57.01536638838858,99.41681764260457,65.06582392628708,2,2,1,2,2,0,0,Non-Dropout
1925,13,1,80.32074708624808,98.71432819178295,53.30041810667214,68.01040797889209,8,0,1,4,4,0,0,Non-Dropout
1926,19,0,85.42560670485042,46.94574086604541,61.155406515308584,50.74421522184524,2,4,1,4,1,0,0,Non-Dropout
1927,18,1,49.98891457338105,35.060582288587334,82.52897946520865,74.7566075487832,5,1,0,3,2,1,0,Non-Dropout
1928,16,1,87.06486143040168,67.24090373298527,93.81519562762024,75.88983506537207,0,2,1,2,3,0,0,Non-Dropout
1929,19,1,78.11355194614161,36.365672397209984,79.26949643765384,77.75467674996177,3,3,2,5,4,1,0,Non-Dropout
1930,16,0,53.00376782092039,56.804531913123974,100.0,76.2869623860201,11,1,0,3,3,1,0,Non-Dropout
1931,16,0,61.31140603574743,49.961256031737975,100.0,66.21848960823992,4,4,0,3,3,0,0,Non-Dropout
1932,17,1,87.74203844860335,50.136227170687164,29.249644948502677,79.85833793870214,6,1,2,4,3,0,0,Non-Dropout
1933,10,0,41.591575960875595,76.39059568743603,100.0,73.16099394317321,5,4,1,4,4,1,0,Non-Dropout
1934,19,0,85.71071563838328,80.14113939287736,100.0,42.7418732408498,6,3,1,4,4,1,0,Non-Dropout
1935,19,1,77.69610691754788,58.881967158822526,40.61120261014463,42.84735815623435,8,2,1,2,4,1,0,Non-Dropout
1936,17,0,72.6371114340605,73.11235701388998,81.59449206157518,69.62862139128461,6,9,3,2,3,1,0,Non-Dropout
1937,13,0,66.97543532856511,57.88558730492625,85.89934849247513,84.28727715444194,5,2,1,2,4,1,0,Non-Dropout
1938,13,1,94.55206973693717,83.01677275006196,42.75459741281935,71.69068184084506,9,2,1,5,4,1,0,Non-Dropout
1939,13,1,96.76885401057353,45.44672619992745,68.47286375139106,73.82473546357413,3,5,2,1,4,1,0,Non-Dropout
1940,15,0,55.77155374973518,78.3048129423744,73.90996498352283,49.113659051298335,4,4,1,2,2,1,0,Non-Dropout
1941,16,1,74.183071808475,79.82161192350704,43.001725626224705,66.01014529766584,6,1,1,2,4,1,0,Non-Dropout
1942,15,0,93.11564745766748,100.0,61.52708403645744,82.13159895948138,7,3,2,3,1,1,0,Non-Dropout
1943,10,1,53.22433128499985,39.91113813485265,100.0,71.687172580122,5,1,0,1,2,1,0,Non-Dropout
1944,17,1,68.64709361467816,100.0,100.0,66.5696348277299,3,5,0,3,5,1,0,Non-Dropout
1945,19,1,80.05813163423737,90.13369221177315,42.41042675541115,73.91188136112262,4,6,0,2,2,1,0,Non-Dropout
1946,16,1,34.77659892588397,100.0,3.381608408308523,68.39811885664669,3,4,0,2,4,0,0,Non-Dropout
1947,15,0,77.42832843046834,93.10530278504511,100.0,82.61807597389826,3,1,2,1,3,0,0,Non-Dropout
1948,15,1,48.673519648844035,56.12919581943342,100.0,68.38681321936714,2,2,1,4,2,0,0,Non-Dropout
1949,14,1,67.88497047433502,88.15680012978021,91.9191401545398,64.53878673528641,4,8,0,3,1,1,0,Non-Dropout
1950,15,1,82.16517276337727,61.686945210900234,62.82495354071472,49.289570054581844,2,2,1,2,3,0,0,Non-Dropout
1951,18,0,29.162289560901065,73.23710648616111,42.90682873276872,83.21587765735178,3,1,1,2,2,1,0,Non-Dropout
1952,19,0,76.78788331615844,51.50629812090868,85.41939199539397,50.893714594197,3,7,0,3,3,0,0,Non-Dropout
1953,18,1,95.57493476946246,61.42604677724746,96.3669744575449,68.56217543639578,8,1,1,2,2,1,0,Non-Dropout
1954,19,1,57.00048500501204,92.93953076611203,53.50477809177134,77.01434096630084,4,2,0,1,3,0,0,Non-Dropout
1955,17,1,73.65035220176186,83.75913013697914,76.8764517079076,91.84003742949925,6,3,0,2,3,0,0,Non-Dropout
1956,19,1,85.02929496049083,95.48460467854437,59.132236752363866,68.39944130558611,6,8,0,4,3,0,0,Non-Dropout
1957,18,1,41.105824276850385,47.04375995030733,88.8483901245864,85.86938319313464,6,3,2,2,3,1,0,Non-Dropout
1958,19,1,76.36054637800629,37.59118221141288,18.52894381868338,65.41079582108227,1,3,1,2,3,0,0,Non-Dropout
1959,17,0,80.3564934889667,97.03431424338225,79.91681316351922,56.59359766675178,3,1,1,2,3,1,0,Non-Dropout
1960,17,1,74.5793032990515,95.55345739375898,60.851293819374,100.0,4,4,0,3,2,1,0,Non-Dropout
1961,10,1,66.29934038307682,79.23074890583423,100.0,46.72870135832114,3,0,0,4,3,1,0,Non-Dropout
1962,19,1,49.993808272908105,83.38451297502048,77.79974217990615,100.0,5,2,0,3,1,1,0,Non-Dropout
1963,14,1,85.87135030304364,92.30076290261725,87.69352924107008,89.42550380419488,9,4,2,2,3,0,0,Non-Dropout
1964,13,1,65.51755347847487,78.63048185176295,46.421169408178,56.377963386518545,6,5,1,2,4,0,0,Non-Dropout
1965,11,1,51.44179381064607,85.7333449620481,64.4643124226632,74.74772079583069,4,2,1,3,1,1,0,Non-Dropout
1966,17,0,60.22961254378147,91.29645440496212,79.86266862052244,44.03368687026333,7,2,1,3,2,0,0,Non-Dropout
1967,12,0,70.52578237002015,73.12971007297087,61.014460714013424,73.89548453042875,4,5,1,2,1,0,0,Non-Dropout
1968,13,0,41.582225646736845,68.08810219859096,63.9433932166169,69.83149261745977,7,1,1,5,3,1,0,Non-Dropout
1969,16,0,65.26895528876176,82.64106071519078,76.57407909042055,77.99711257782528,4,2,2,5,5,1,0,Non-Dropout
1970,19,0,58.74684174413016,100.0,27.168636959663765,58.94032985424268,2,0,1,5,2,0,0,Non-Dropout
1971,18,0,85.04039722048984,58.046327154971294,56.88961359703603,67.38536812083497,8,3,0,3,2,0,0,Non-Dropout
1972,11,1,36.87664104068406,66.38519682492293,89.71991104381951,72.14412008566897,3,5,0,3,2,1,0,Non-Dropout
1973,12,1,79.08136463753726,39.87178587230893,60.15889102243037,57.67305366399572,4,3,2,3,3,0,0,Non-Dropout
1974,13,1,86.25642238403773,83.69606793845962,100.0,86.09143028002833,10,4,2,2,3,1,0,Non-Dropout
1975,19,1,37.443670442782064,64.40132416511666,72.26861130503342,66.95207791938887,6,1,0,1,2,1,0,Non-Dropout
1976,10,1,39.24226271289387,46.99335310430881,23.699370671660397,70.16560958168641,3,6,0,4,1,1,0,Non-Dropout
1977,16,1,91.78850069849719,73.72819029532891,81.09687002233088,52.50833183345975,2,7,0,4,4,1,0,Non-Dropout
1978,11,0,51.434419270956006,100.0,43.60193046991219,40.22987756867002,2,3,0,3,3,1,0,Non-Dropout
1979,14,1,100.0,67.95948037471439,78.49983872162962,44.80488797306458,3,3,1,3,5,0,0,Non-Dropout
1980,10,0,37.9123994671975,69.78971932115249,55.8567951448653,73.94471732342555,6,5,2,2,3,0,0,Non-Dropout
1981,12,0,67.55071107480681,100.0,57.51439635670165,53.145638038555,7,4,1,5,5,1,0,Non-Dropout
1982,11,1,64.64909394120923,74.89983590875852,95.87894205907132,75.93316564564199,3,7,3,2,3,1,0,Non-Dropout
1983,10,1,61.87706348652564,50.84719393190514,30.412852486398833,89.82112319177823,5,7,0,2,2,0,0,Non-Dropout
1984,16,1,71.94443541058673,88.77998378725141,57.868631067576636,76.564647793977,5,4,1,2,2,0,0,Non-Dropout
1985,14,1,72.80969637093601,97.49186589446317,55.074502572302876,71.39465965090156,6,7,2,3,1,0,0,Non-Dropout
1986,10,1,62.48511526056344,70.99249632471373,100.0,74.83523413211663,5,3,2,2,1,0,0,Non-Dropout
1987,15,1,49.78739084259094,77.60986039430738,61.2771399722744,81.56035426199689,6,1,0,3,4,0,0,Non-Dropout
1988,14,1,80.71640546362069,48.77624332966295,46.460568735010455,69.67578734184103,6,2,2,3,3,1,0,Non-Dropout
1989,12,0,74.42078994624254,57.58825346326165,75.78108793231728,74.95542437629817,7,2,1,5,1,1,0,Non-Dropout
1990,16,1,66.71875535924111,68.33920787505745,47.64284540128433,56.51876581519026,2,2,0,2,3,1,0,Non-Dropout
1991,19,1,73.94551223626038,76.5386121041077,51.265731105835954,50.35681559047766,8,1,2,2,5,0,0,Non-Dropout
1992,18,0,76.53412175136695,62.6050454147815,87.25295541399626,57.41310157696034,4,0,3,1,1,1,0,Non-Dropout
1993,18,1,53.5740193477802,67.58441470583159,0.0,60.10463916026573,4,6,3,1,4,1,1,Dropout
1994,18,1,73.4102056022271,72.52365813633189,45.89929169176162,59.49252363511216,6,2,2,2,4,0,0,Non-Dropout
1995,11,0,56.70446411722486,55.039487873500825,53.08079243489644,82.19963791286591,4,5,1,5,3,1,0,Non-Dropout
1996,12,1,77.030500348802,69.6239820508517,100.0,24.263543883761912,5,0,2,3,5,0,0,Non-Dropout
1997,16,1,62.114006203651535,98.11879932421334,81.13327039637264,61.794016272176556,8,3,1,5,5,1,0,Non-Dropout
1998,14,1,74.1757936052258,63.079552070016256,69.20683368871063,76.1492074519944,6,2,1,2,4,1,0,Non-Dropout
1999,11,1,58.493070504357156,56.98138110301264,67.41995125191511,75.60144694846977,5,1,0,2,1,1,0,Non-Dropout
2000,12,1,74.9555365390651,100.0,73.08671345345726,52.716009115030026,4,2,1,2,1,0,0,Non-Dropout
2001,19,1,50.31846156325987,79.51204983438495,76.14006155817249,91.08076725443095,5,1,1,3,2,1,0,Non-Dropout
2002,15,0,65.54253319795194,59.54323355781639,73.13838844976374,44.24370843191866,6,4,2,1,2,0,0,Non-Dropout
2003,16,1,79.709487726649,87.87001073194376,100.0,59.75049298843163,1,3,3,1,1,1,0,Non-Dropout
2004,18,1,72.00806985868887,80.12214490141434,59.01991404110344,60.35257274470352,5,4,0,4,1,1,0,Non-Dropout
2005,10,0,67.88043100173817,63.59627329703811,74.35969072519211,60.202247519560466,2,1,1,4,2,1,0,Non-Dropout
2006,16,0,92.05342009475959,74.02096367383716,70.94980266170523,85.39550634766803,10,0,1,1,2,1,0,Non-Dropout
2007,17,1,80.35455302733382,69.17121318105916,93.48197603707698,65.23944534548023,3,3,2,3,5,0,0,Non-Dropout
2008,12,0,77.8330992387969,94.80166327987378,52.669392985570326,69.79663212587069,7,3,0,2,5,1,0,Non-Dropout
2009,13,1,74.87041668374758,88.62684851309511,60.8295900810031,78.18975937233145,10,4,1,2,5,1,0,Non-Dropout
2010,19,1,76.74045308369996,32.14110876613695,32.20865710164436,55.40627398821127,4,4,1,3,4,0,0,Non-Dropout
2011,15,0,89.85653015828247,100.0,94.6753709015944,62.679050566930236,6,4,0,4,4,1,0,Non-Dropout
2012,19,1,58.734969684185074,69.23366260519695,31.927568837854857,90.14101889704851,6,6,1,5,5,1,0,Non-Dropout
2013,16,1,80.14105947912863,100.0,83.48891132792014,70.67364396167122,7,3,1,1,2,1,0,Non-Dropout
2014,13,0,70.34731833162164,89.32102270526129,100.0,48.57534499402375,6,4,2,2,3,0,0,Non-Dropout
2015,17,0,59.2532369429901,79.9645987015487,100.0,52.15462023367501,7,1,0,2,3,1,0,Non-Dropout
2016,14,0,63.50412345438081,73.11674812799632,62.35078757136949,78.37899302041374,7,0,0,1,3,1,0,Non-Dropout
2017,10,0,68.28732022319515,100.0,61.35305999989991,48.05788771499057,6,5,1,1,2,0,0,Non-Dropout
2018,13,1,52.10089898495866,69.5670089518635,68.14702698263724,57.90514864206062,8,4,1,5,5,1,0,Non-Dropout
2019,12,0,77.9601916325067,61.573377930707025,92.5184832568298,68.04953295113454,2,2,1,3,2,0,0,Non-Dropout
2020,18,0,63.45722863866442,63.373819457653056,66.69760112815945,65.20432259904057,3,4,1,2,2,1,0,Non-Dropout
2021,17,0,66.2739374336401,75.02118335923643,63.15654133990757,87.2482638965439,9,1,0,2,3,1,0,Non-Dropout
2022,10,0,85.35803824891711,74.98627506451035,96.81764184067731,28.240738914588462,11,3,0,3,5,0,0,Non-Dropout
2023,15,0,66.94622307840204,95.08047944672877,71.09188210862096,72.22920758797704,6,0,0,1,5,1,0,Non-Dropout
2024,18,1,88.29002666631658,90.16498068423925,66.17278043432376,60.761256814448195,3,3,1,2,4,1,0,Non-Dropout
2025,16,0,57.12778236657284,90.18981372908014,48.09670595452134,84.7551231260666,6,2,2,4,2,0,0,Non-Dropout
2026,13,1,48.54395241808024,70.43524013696737,95.67575958660164,61.46559317704913,6,7,2,2,4,0,0,Non-Dropout
2027,10,0,60.650102795826754,88.53044216022491,76.17695337139779,61.90026106859966,6,1,0,1,4,1,0,Non-Dropout
2028,11,0,22.779279507622803,90.62593285363425,69.70693627165969,64.93885120572702,4,3,4,4,2,0,0,Non-Dropout
2029,14,0,78.58642628706416,73.41347763029688,23.450630899958746,55.08289021315789,5,2,0,5,1,1,0,Non-Dropout
2030,14,0,49.416521880687576,80.58400297445516,93.86245988479163,56.13630991986578,8,4,0,4,4,1,0,Non-Dropout
2031,17,0,55.734568678305955,90.60062785650092,41.643803278697355,62.76566450933456,5,2,0,5,2,0,0,Non-Dropout
2032,15,0,75.7441784243139,79.22330602018064,81.29797402548911,89.67458647168128,7,1,3,2,1,1,0,Non-Dropout
2033,17,0,66.78681646876836,81.13156550296935,50.536642132118104,57.62975223933613,8,1,1,2,5,1,0,Non-Dropout
2034,11,0,58.39181812879819,100.0,43.172526417330175,54.687539368939156,3,4,0,3,5,0,0,Non-Dropout
2035,12,1,34.451864412173464,79.38027046950327,93.20378711181675,58.997778404136156,9,4,2,1,4,0,0,Non-Dropout
2036,15,0,84.51212044845792,62.84535833309194,72.54144748107467,65.05094053838705,5,1,1,3,1,0,0,Non-Dropout
2037,19,1,75.84620050214696,48.0863997752891,71.02600296627845,91.8866686139599,7,2,1,3,3,1,0,Non-Dropout
2038,12,0,95.83581994547377,77.26301907933147,100.0,53.543220893516846,8,5,1,5,3,0,0,Non-Dropout
2039,15,1,56.0543024601439,68.37065746703512,100.0,100.0,4,4,2,3,2,0,0,Non-Dropout
2040,15,0,43.18324603432988,91.16627861993841,63.82614746367793,71.78449028701529,4,3,2,5,2,0,0,Non-Dropout
2041,11,0,79.92132927896635,100.0,37.32134333175667,49.995107966523236,2,1,2,5,5,1,0,Non-Dropout
2042,16,0,62.17910123899473,54.40589753377547,100.0,56.79117337491916,5,6,1,2,1,1,0,Non-Dropout
2043,11,1,74.42254788603434,57.283055132906185,36.384786173163285,35.95325367214707,3,4,2,1,2,1,1,Dropout
2044,15,1,89.29872930989833,74.51681780839417,81.87997356913739,66.6002285776743,4,2,2,4,3,0,0,Non-Dropout
2045,10,1,70.82229644696265,59.00136256815581,63.3026889575424,80.77302898533588,3,6,1,4,4,0,0,Non-Dropout
2046,12,1,67.509483508183,70.5594813812028,71.89998551629878,65.46633470446494,7,3,1,3,3,1,0,Non-Dropout
2047,11,0,68.45004179458385,64.2765356219867,100.0,77.0421109785132,5,4,0,3,1,1,0,Non-Dropout
2048,16,0,40.44127721053003,54.84444419460716,50.32889007807053,71.42730921785348,7,5,1,2,2,1,0,Non-Dropout
2049,13,0,81.6205731422457,91.51770763351936,54.79598189632504,83.15201732759662,7,1,2,3,1,0,0,Non-Dropout
2050,17,1,82.58129243373743,76.50564089286013,88.95131000078271,50.30393199325031,2,0,1,3,5,0,0,Non-Dropout
2051,15,0,72.95855037443786,100.0,100.0,78.243233231132,3,5,1,2,3,1,0,Non-Dropout
2052,19,1,42.268930476037525,82.18013281908785,100.0,93.30163913582629,2,1,1,4,2,0,0,Non-Dropout
2053,13,1,63.182767622944795,100.0,33.729733186422514,100.0,7,2,2,1,1,1,0,Non-Dropout
2054,14,1,86.5778866308928,60.4240677112572,59.50973434334219,86.30489263862455,6,2,1,2,1,0,0,Non-Dropout
2055,18,1,56.51369505539798,60.17585729595834,44.211428466336464,67.57207115098683,5,7,2,3,3,1,0,Non-Dropout
2056,16,1,82.7637957787049,100.0,91.16379188496384,50.52090171767246,6,5,1,5,2,1,0,Non-Dropout
2057,19,0,65.8264473898528,62.82168140808592,71.52168533818937,52.75065531719073,11,1,1,3,5,1,0,Non-Dropout
2058,18,1,75.68755759273941,56.0170089834826,91.94468437409373,62.402375115673166,7,4,3,3,2,1,0,Non-Dropout
2059,16,1,58.817878807628254,51.57507713925362,60.12213993461893,92.89883581280475,5,2,1,3,5,0,0,Non-Dropout
2060,10,0,66.265713224685,100.0,87.4882001107572,57.04445438818878,1,0,1,1,4,1,0,Non-Dropout
2061,17,1,71.55072872253317,69.50605920670785,65.52649420625914,67.69395846239554,5,2,3,3,5,1,0,Non-Dropout
2062,13,1,48.75149039158724,83.06784160201116,73.55576210517171,79.11145665519311,2,0,3,5,2,1,0,Non-Dropout
2063,12,0,69.10869693468517,78.02794438980081,55.59397576124155,15.715006938750214,9,4,2,3,1,0,0,Non-Dropout
2064,16,0,24.672120503047083,60.531809033545244,100.0,49.04881218572426,6,1,1,2,4,1,0,Non-Dropout
2065,12,0,55.97747319767341,69.07394004991787,38.432065759926545,94.29756803620243,7,5,0,3,1,1,0,Non-Dropout
2066,17,1,73.15824521545669,91.91367741389652,67.15674755080656,80.64353672668551,2,2,1,3,2,1,0,Non-Dropout
2067,15,0,81.80394380825842,50.48284563083739,100.0,80.74466810298574,3,0,0,3,1,0,0,Non-Dropout
2068,14,0,72.09128212698843,88.48336481182834,100.0,50.9075833358885,6,3,1,5,5,1,0,Non-Dropout
2069,13,0,44.14524839253548,100.0,48.919554457118416,86.7725237895516,6,3,1,3,4,0,0,Non-Dropout
2070,17,1,80.49287193298372,80.84750679976,50.19092574379299,52.74587736050892,2,2,0,1,1,0,0,Non-Dropout
2071,17,0,47.91275402715899,100.0,82.85186746531235,66.37321785412713,3,4,1,2,3,1,0,Non-Dropout
2072,10,1,74.21297827136526,47.571732755581365,86.24834331725955,75.42038650532622,4,3,1,2,2,1,0,Non-Dropout
2073,18,1,48.41249383110713,38.39915094632636,99.74759301136332,77.49329862651369,3,1,2,1,3,1,0,Non-Dropout
2074,14,0,53.40190693456764,79.8528868011504,34.76850633510896,72.40321953027713,4,1,2,2,5,1,0,Non-Dropout
2075,13,1,50.65476296104276,63.27309911481505,100.0,61.98605808182422,1,2,0,2,2,1,0,Non-Dropout
2076,15,1,67.08437883922579,92.57529923319908,47.46424498067516,37.28623753250526,5,6,2,4,1,1,0,Non-Dropout
2077,15,0,62.06698229563152,68.79112038912676,100.0,66.23529207603708,4,5,2,2,2,1,0,Non-Dropout
2078,11,1,72.63364156446038,77.94384749917039,29.61442292752225,32.472564565088994,8,1,1,2,5,0,0,Non-Dropout
2079,17,0,64.72047741990337,76.61967656148994,42.15114569755144,73.51368995277191,5,4,0,2,1,1,0,Non-Dropout
2080,16,1,42.23189819619442,77.25767989801086,100.0,50.32009731087361,6,4,1,4,1,1,0,Non-Dropout
2081,10,1,69.13718702146963,64.1470902437438,100.0,62.6070673024063,3,1,0,4,1,0,0,Non-Dropout
2082,14,0,38.56751524350696,47.707037367262274,72.5083835207028,57.32701017427273,8,3,0,5,4,1,0,Non-Dropout
2083,15,0,51.74219010426496,70.61616910562354,61.76776289989306,73.49018460384843,4,2,4,4,2,1,0,Non-Dropout
2084,13,1,59.54130001881498,100.0,69.59865676142365,53.14844418874245,5,5,1,4,2,0,0,Non-Dropout
2085,11,1,58.50194889215533,62.82343415076019,80.36819877306228,68.84317565191522,2,3,3,2,3,1,0,Non-Dropout
2086,13,0,40.28881009240961,62.71306802548151,82.62026559204307,67.76823056198384,4,0,1,3,1,0,0,Non-Dropout
2087,10,1,85.56739330307288,78.15294853736981,62.63168576763224,65.98655080444348,9,1,1,1,3,0,0,Non-Dropout
2088,16,1,89.72004185085049,51.457949827157705,21.613168845748334,70.89013453735562,6,1,0,1,2,0,1,Dropout
2089,11,1,98.76162656463424,95.06976334048652,56.407410796006616,46.96269642700626,0,0,4,2,4,1,0,Non-Dropout
2090,11,1,82.21477126234485,53.365290924243915,31.124917908272053,47.51166709585691,4,3,1,4,3,1,0,Non-Dropout
2091,18,0,59.0683019181459,69.21405569805302,89.14526554139982,86.50213578898598,3,4,2,2,4,0,0,Non-Dropout
2092,14,0,58.809807185771376,100.0,79.22233753950906,41.901911109276426,4,1,0,5,1,1,0,Non-Dropout
2093,11,0,57.981592457401625,52.14871525888513,67.21878047445841,97.49521722409422,5,3,1,2,1,1,0,Non-Dropout
2094,18,0,94.78456529338663,100.0,63.730814382819624,62.93355795718617,4,3,2,1,3,1,0,Non-Dropout
2095,18,0,63.26687796552259,77.42496334382936,100.0,52.24280922765504,5,4,2,3,5,1,0,Non-Dropout
2096,10,0,84.0384936038034,80.24636274964784,98.65984188847847,77.91722813697193,6,0,1,4,4,1,0,Non-Dropout
2097,12,1,82.87152466579158,58.81277535498667,75.1330266888501,56.56649922393003,4,5,2,3,5,1,0,Non-Dropout
2098,13,0,67.84321784121306,90.97501222469542,56.54877126262536,70.07295231219612,4,3,0,3,1,1,0,Non-Dropout
2099,16,1,43.225387344057424,67.68150374169733,100.0,83.64622247783564,7,7,1,2,1,1,0,Non-Dropout
2100,19,1,63.59122042023626,52.04429705305199,72.7625098186638,75.69882809159586,7,3,0,3,3,0,0,Non-Dropout
2101,13,1,67.20449414319428,100.0,53.79178396631429,71.39740168523339,0,2,2,5,2,1,0,Non-Dropout
2102,11,0,84.16881934854477,67.28302214542191,55.235356482818496,74.81947152613651,8,1,0,2,4,0,0,Non-Dropout
2103,16,1,65.29186868150438,37.81233105688626,86.54654295977642,65.60110965872386,7,0,0,2,1,1,0,Non-Dropout
2104,15,0,46.870916545627914,69.62586197501398,93.80800354412659,77.16641971532778,2,2,1,1,3,0,0,Non-Dropout
2105,12,1,79.81864996597557,91.16139025320217,85.89001020674326,48.90832510857254,12,3,2,1,5,1,0,Non-Dropout
2106,15,1,61.58688016253768,87.96723609333326,86.43891959914413,86.88674067361448,8,6,3,3,2,1,0,Non-Dropout
2107,15,0,26.821256755451955,62.182417272372525,62.39322886655185,62.65690167244138,5,3,0,2,3,1,0,Non-Dropout
2108,14,1,69.87476861865119,55.450377404295466,56.39545802065284,67.65772744151244,6,2,1,4,2,1,0,Non-Dropout
2109,13,1,72.51156941180315,47.67645581582116,73.71453328706012,60.296734390370936,9,2,1,3,2,1,0,Non-Dropout
2110,19,1,52.35592710701317,74.54473656643415,67.94938373489377,74.09166256921938,8,6,0,3,3,1,0,Non-Dropout
2111,10,1,62.11931299065367,78.019914825452,44.980173470048804,80.81185397723722,5,2,0,2,2,1,0,Non-Dropout
2112,19,0,74.86575538960925,89.1792136147406,69.19375268336138,50.11895699954495,5,5,2,1,5,1,0,Non-Dropout
2113,15,1,69.97677201803424,72.01931538904945,87.24917926595269,63.96076040872153,3,2,1,3,1,1,0,Non-Dropout
2114,11,1,41.56014574827501,71.42664468690366,60.24040781585965,67.54783138126511,11,4,3,2,3,1,0,Non-Dropout
2115,12,0,83.80325249746052,69.43013863481879,100.0,71.54485095369873,3,2,1,3,1,0,0,Non-Dropout
2116,17,1,90.59495929307977,78.05403398837429,38.7045893650874,60.626613205805896,4,4,0,1,4,0,0,Non-Dropout
2117,19,1,57.347241709522365,72.32671088720245,49.39616516250959,58.52062418851005,5,9,1,4,2,1,0,Non-Dropout
2118,15,1,36.3519264061612,93.78174511031992,55.680355104500215,78.2915327529608,6,4,0,2,2,0,0,Non-Dropout
2119,12,1,76.56669210204427,81.21689943543048,90.56225793014032,72.62956861503318,4,5,2,3,2,0,0,Non-Dropout
2120,16,0,54.903613412328596,77.16003876458619,75.30953281440127,68.23197091673052,4,2,2,2,5,1,0,Non-Dropout
2121,13,1,73.03173192627875,74.16535089402308,47.84864276609038,83.74107930976233,2,2,0,2,1,1,0,Non-Dropout
2122,18,0,98.03255699850557,56.16350912593196,23.193216324429216,44.9340853276011,4,5,2,2,3,0,1,Dropout
2123,14,1,41.80538631216723,74.9869491580596,40.331429658662735,76.97679029201831,2,4,1,2,2,1,0,Non-Dropout
2124,12,1,53.050686802815136,62.069435603616185,26.167938083616356,70.60441429436678,2,2,1,3,3,0,0,Non-Dropout
2125,11,1,62.08280609677326,81.9310205418463,91.83689140201179,43.17619847640039,5,2,2,2,1,0,0,Non-Dropout
2126,11,0,84.37517542038412,70.82281900894748,43.52291449145311,82.49490772610929,3,4,2,3,3,1,0,Non-Dropout
2127,12,1,100.0,100.0,87.01407107343736,73.8479492658957,3,3,3,2,4,1,0,Non-Dropout
2128,11,1,68.70627780649441,49.76098615544946,83.59508058162312,75.8501271559086,5,1,3,3,1,0,0,Non-Dropout
2129,13,0,40.5166588891322,12.989633692492617,99.789709907878,60.4451633415533,5,4,2,2,4,1,0,Non-Dropout
2130,11,0,59.81717938623166,80.35326075848857,52.13357209200466,76.43883989766647,9,3,0,1,2,0,0,Non-Dropout
2131,19,0,53.37704770643023,62.13506820613942,80.11815037334271,54.03590956894548,6,4,2,2,1,1,0,Non-Dropout
2132,18,0,75.82378216528684,78.22121212825803,73.04208567833012,44.81873143329224,11,2,1,2,3,1,0,Non-Dropout
2133,11,1,70.65327054948399,50.28724353025295,73.11166626490922,64.80417005769216,10,2,2,2,2,0,1,Dropout
2134,18,1,49.37279947993103,100.0,69.52460118874524,75.1251379131291,4,4,0,2,5,1,0,Non-Dropout
2135,15,1,52.49771863629303,67.2697759484069,91.04787169425965,80.22388407481414,4,1,0,3,2,1,0,Non-Dropout
2136,10,1,59.59914166138493,60.84108858412849,88.31411544669099,67.26036162894574,6,5,1,5,3,1,0,Non-Dropout
2137,13,0,61.40962534905876,100.0,69.93700163342413,66.10300581573442,3,5,0,3,3,1,0,Non-Dropout
2138,10,1,64.36716625745633,91.8068630080082,58.515044516758906,80.21480699066055,8,6,2,5,2,1,0,Non-Dropout
2139,15,1,65.73309822791624,100.0,55.64081167635345,59.990953369217976,8,4,1,3,3,0,0,Non-Dropout
2140,13,1,83.52275806601807,71.55646477841479,70.88570369793821,56.56813295601035,8,2,1,3,2,1,0,Non-Dropout
2141,12,1,59.05683481967839,75.93819616329714,75.54556463169543,89.27358219940461,4,2,0,3,2,0,0,Non-Dropout
2142,12,0,56.84649739630125,63.06547409001443,67.71348239107277,60.833579152697126,5,4,1,4,2,0,0,Non-Dropout
2143,18,1,44.918389686651764,60.730551620773134,37.70509439172832,78.74920982232763,3,1,2,4,3,1,0,Non-Dropout
2144,15,1,61.642111510737124,82.96477158117997,62.38353238555929,85.39445563334566,2,6,0,1,3,1,0,Non-Dropout
2145,18,1,68.84294369289573,67.63095289655237,56.82297386498074,68.15009017931075,8,1,1,3,4,0,0,Non-Dropout
2146,14,0,39.138554576102315,100.0,70.37698737481993,68.95777967549627,1,7,1,1,4,1,0,Non-Dropout
2147,11,0,59.86357109908141,91.85050715660381,100.0,91.96705945187622,6,1,1,3,2,1,0,Non-Dropout
2148,17,1,82.40441194880066,100.0,80.75384523738278,45.380415918215974,9,3,0,1,3,0,0,Non-Dropout
2149,14,1,74.72459064051816,30.42639631149293,100.0,45.12602609211834,7,0,1,3,3,1,0,Non-Dropout
2150,11,1,70.60149759141188,100.0,52.89791094599833,77.23308099678918,2,6,1,1,3,1,0,Non-Dropout
2151,13,0,74.31818448461757,27.301072379530112,70.54718228278433,58.86866635726137,3,8,1,5,2,1,0,Non-Dropout
2152,18,1,56.39443595165562,49.78177728646368,100.0,77.9224279146021,1,2,1,3,1,0,0,Non-Dropout
2153,13,1,54.396203211410565,39.94705967734757,30.488941740850656,64.15358858092867,3,2,0,5,3,0,0,Non-Dropout
2154,13,1,84.07863171107236,79.86098280693703,64.16462942690053,77.491580747698,7,6,1,2,2,0,0,Non-Dropout
2155,11,0,77.42959069137314,74.63605904936782,85.51636528968484,51.77808436074932,6,4,0,1,3,1,0,Non-Dropout
2156,15,1,53.80590467553344,90.89838388525469,68.18544707084794,74.19683071409648,4,4,1,5,3,1,0,Non-Dropout
2157,11,1,36.81914060483021,73.23071436731631,55.80267063812974,57.48551962374782,3,2,1,2,5,1,0,Non-Dropout
2158,16,0,54.11726677279524,99.50200584935874,57.20694460417309,75.80346090612903,2,2,1,2,2,1,0,Non-Dropout
2159,12,0,73.1530134119887,56.346134929382586,77.88491101273772,100.0,4,3,1,3,3,1,0,Non-Dropout
2160,12,1,55.12609785915156,99.96325622536784,30.73779672723103,52.93260910933943,2,1,3,2,3,1,0,Non-Dropout
2161,14,0,69.95101716200773,74.38518653278442,73.11568937133501,59.68868098122569,5,0,2,5,5,1,0,Non-Dropout
2162,12,1,86.29655830848348,100.0,88.14634129485194,63.08386228812436,4,1,1,1,2,0,0,Non-Dropout
2163,11,0,63.604593833103884,92.43814019923425,60.946711076141675,69.8412658059089,8,4,1,2,3,1,0,Non-Dropout
2164,19,0,68.50940229477318,68.92676660956849,31.000544927159872,30.629744505709183,7,2,0,5,4,0,0,Non-Dropout
2165,18,1,75.27355784749349,74.31854083061444,57.19906617895811,65.49858677631843,2,2,2,5,5,1,0,Non-Dropout
2166,11,1,48.76873612508696,54.817682311687456,66.90585312069759,61.72275546323877,2,6,3,3,2,1,0,Non-Dropout
2167,11,1,53.404261624819235,82.18720326043538,43.08670755587215,61.82836718537882,3,8,3,4,2,1,0,Non-Dropout
2168,17,0,75.8924173985532,68.91607639237608,70.76580768059301,69.4180170931028,8,2,2,3,3,1,0,Non-Dropout
2169,18,1,65.55451280823662,89.48336576718053,74.30118051516519,70.31108517860406,5,5,0,2,2,1,0,Non-Dropout
2170,16,1,66.82637915464144,48.240016848391456,100.0,70.07874365758107,7,3,0,2,1,1,0,Non-Dropout
2171,12,1,65.49928741786024,68.40654408721922,65.87691052714374,48.844328460787324,9,3,0,2,2,1,0,Non-Dropout
2172,18,1,79.67440953442937,51.80957707970671,72.7930932580742,61.24410743632318,10,6,0,2,3,1,0,Non-Dropout
2173,12,1,71.53568960674512,53.05317152352362,56.22621302382362,60.61443513849858,5,5,0,2,2,0,0,Non-Dropout
2174,14,0,71.73230136606217,87.12100334531448,58.07065078384119,72.90940081069304,7,4,1,5,3,0,0,Non-Dropout
2175,18,1,83.33297236333658,97.49012676334567,87.6047186002993,50.508668479381534,7,8,1,4,3,1,0,Non-Dropout
2176,12,1,89.09860787112034,28.34909317494248,64.13759601801547,67.90053179953532,7,4,1,2,3,0,1,Dropout
2177,16,0,98.6538758565207,100.0,90.66505685478737,89.13286983444486,6,0,1,5,1,0,0,Non-Dropout
2178,10,1,56.314794577770904,100.0,68.83028418174423,25.08705380640172,3,5,1,1,3,1,0,Non-Dropout
2179,13,1,100.0,48.066485545266524,41.40417153052701,62.45135624853009,7,4,1,3,1,0,1,Dropout
2180,13,1,48.54840584817225,91.5368705498569,52.67745510961531,35.22751660280263,4,1,1,3,3,0,0,Non-Dropout
2181,16,1,94.0287110456469,65.79628016350848,100.0,65.00410741801761,7,2,0,5,2,1,0,Non-Dropout
2182,17,1,55.49060211962936,73.03798866139202,67.48845957876438,77.53195388626469,3,2,0,2,3,1,0,Non-Dropout
2183,10,0,63.9659030569287,87.04109115269156,29.616768043582162,57.33629688993399,3,3,3,2,1,1,0,Non-Dropout
2184,14,0,65.2786391774446,84.59991704278043,41.542277012454385,78.89090101289847,5,3,0,1,2,1,0,Non-Dropout
2185,16,0,51.99543875257972,63.54007617465903,52.178597193902036,85.4125865072016,4,1,1,2,5,1,0,Non-Dropout
2186,13,1,66.30078000133942,63.45535386466575,47.66786596592518,71.02662430654647,3,4,0,4,3,1,0,Non-Dropout
2187,13,0,52.769928352435365,64.63546991785674,42.51982196720103,57.27540574416611,8,2,1,2,5,0,0,Non-Dropout
2188,13,1,46.4758485699395,97.85655156832924,100.0,73.04006406518465,3,0,1,5,5,0,0,Non-Dropout
2189,15,1,64.41914550460649,37.76367657073009,86.61656420522833,90.21336135847801,5,1,3,2,2,0,0,Non-Dropout
2190,16,1,88.84815335364401,71.76171892189899,65.0044587241056,45.03289714589094,4,4,1,3,5,0,0,Non-Dropout
2191,11,0,61.189703914745365,100.0,55.318268930726376,81.62231358958127,4,4,0,2,3,1,0,Non-Dropout
2192,14,0,79.11531373061324,89.07407101816281,65.95763482371535,45.666251571149985,0,7,1,2,3,0,0,Non-Dropout
2193,13,0,52.31500560926272,96.01928110332732,100.0,42.23638259198131,6,2,1,1,2,0,0,Non-Dropout
2194,12,1,45.747858940482004,72.03882775522356,48.37403886628325,46.49720124569881,8,7,0,1,2,0,0,Non-Dropout
2195,16,0,71.8079023543304,51.72873640547907,30.570867769100026,64.40920452618239,4,3,1,3,2,1,0,Non-Dropout
2196,15,1,91.33418577652168,76.11375114141129,86.6838327537416,83.94487007094045,3,3,0,1,3,1,0,Non-Dropout
2197,16,0,68.13431678199731,61.22128921664843,95.20334740418909,34.83391234604143,1,3,0,3,2,1,0,Non-Dropout
2198,14,0,77.39971169805608,100.0,100.0,79.84310240222926,4,2,2,2,2,1,0,Non-Dropout
2199,15,1,87.42686615294716,71.83646348785244,61.19154353802573,62.703431543021715,4,5,1,3,3,0,0,Non-Dropout
2200,14,1,64.45204475476784,87.74917986209954,61.45298970970938,48.45667641159132,7,7,0,1,1,1,0,Non-Dropout
2201,16,0,62.71905077508125,100.0,100.0,73.87364054585129,2,4,1,1,3,1,0,Non-Dropout
2202,11,0,72.08132525945949,53.06501634666912,84.88749320207738,57.87752972794207,9,2,1,4,2,1,0,Non-Dropout
2203,14,0,74.75028659177255,29.405403897279015,67.87309751756638,98.88354286407375,6,2,2,5,2,0,0,Non-Dropout
2204,15,1,44.01537366975185,84.80027498826219,82.58417710826285,72.47693165405796,2,2,2,4,4,1,0,Non-Dropout
2205,15,1,69.43588439406125,88.56654791567256,59.100004098822325,65.83931356539048,4,3,0,1,4,1,0,Non-Dropout
2206,14,0,64.98977885835207,66.71806397985654,77.53062025151914,74.72328149562682,4,1,0,2,2,1,0,Non-Dropout
2207,19,0,53.15721741334531,51.87493537713747,77.12475655378557,85.15285038886945,6,0,0,1,1,0,0,Non-Dropout
2208,16,1,63.952844147334694,81.19638211141857,90.85433658836533,86.61244751653709,3,3,1,4,2,0,0,Non-Dropout
2209,19,0,47.52012752205913,74.5250667544579,45.37674112093262,78.92057890369766,4,2,0,4,1,0,0,Non-Dropout
2210,17,1,42.336084051894744,81.44402861664584,78.88569933873123,85.65199314854121,1,1,0,2,2,1,0,Non-Dropout
2211,16,1,66.00272374461542,52.34088273557213,40.83528133672108,83.04897468450062,4,2,1,1,4,0,0,Non-Dropout
2212,14,1,78.53115535093364,81.49591173009198,100.0,78.63936610559205,7,2,1,4,2,1,0,Non-Dropout
2213,10,1,59.790638927699625,91.39070729624913,59.51989847458965,59.08525265760081,8,2,0,3,4,1,0,Non-Dropout
2214,14,1,50.589061042884865,44.88223822030157,28.62764741435305,83.85856173666102,8,5,2,5,5,1,0,Non-Dropout
2215,19,1,52.92051821618001,100.0,100.0,58.57040277969482,6,3,1,2,3,0,0,Non-Dropout
2216,11,0,73.23416776649829,80.08985548435376,56.9731286051466,68.95354768347374,3,4,0,1,4,1,0,Non-Dropout
2217,14,1,90.01077826913897,92.01888971830127,72.37410728078798,59.357627153802724,4,1,2,5,4,1,0,Non-Dropout
2218,14,1,76.55684287140946,49.42138742534917,27.616370210260996,75.10972210985938,3,3,1,2,1,1,0,Non-Dropout
2219,11,0,84.51187848872836,88.65169976754974,68.67482179356728,84.19344021440648,8,0,0,2,3,1,0,Non-Dropout
2220,14,1,49.28564453344747,42.10716462590711,100.0,58.89701863758698,6,2,1,1,4,1,0,Non-Dropout
2221,13,0,63.89105124897794,56.03506746669832,87.62352666226435,43.82404320963616,5,1,0,3,2,0,0,Non-Dropout
2222,10,1,80.28036275636612,80.26734857005422,27.479109322815106,80.15807665498762,6,2,2,2,4,1,0,Non-Dropout
2223,12,0,44.012336281591516,69.4809966921527,50.92052746275614,80.53398600382408,12,2,0,3,3,1,0,Non-Dropout
2224,10,0,55.12440179560382,75.54994337544456,92.95452945771945,88.46697354294153,7,3,1,4,3,1,0,Non-Dropout
2225,14,1,79.13028735562298,100.0,85.91606627998785,78.40838652026821,10,3,0,2,2,1,0,Non-Dropout
2226,13,1,68.87638656182524,75.23628634645189,57.84961848641876,78.75455319172717,7,2,1,2,4,1,0,Non-Dropout
2227,16,1,50.52333601575975,89.19403437755173,79.92672566295684,54.23870975597859,10,3,0,2,2,1,0,Non-Dropout
2228,14,1,40.53767889189635,73.66468142408218,40.04606737861161,76.05543458083525,1,4,1,5,1,0,0,Non-Dropout
2229,19,0,85.0597277204751,73.0723059366462,37.324792972758466,97.20241602259227,5,3,1,4,2,1,0,Non-Dropout
2230,13,0,34.19923424688618,55.434643465413146,7.667712126061957,56.705117619033466,7,1,0,2,2,0,1,Dropout
2231,11,0,74.48592768455457,82.36244450945937,93.13467518356947,46.73026233351577,7,3,1,3,4,1,0,Non-Dropout
2232,13,1,57.004333469199544,100.0,67.37061324745002,67.1084370861594,2,2,1,5,1,1,0,Non-Dropout
2233,11,0,80.70602474545026,76.75725946686455,70.10555299396476,79.06159573511889,7,0,3,2,3,0,0,Non-Dropout
2234,17,1,49.36777550286645,69.65983997571085,0.0,68.24767974773017,4,3,3,4,3,1,0,Non-Dropout
2235,12,1,100.0,97.80281120104613,68.75915653326399,91.75656519939832,5,3,1,5,2,0,0,Non-Dropout
2236,18,0,71.03448283532572,95.45605499923059,83.77638769785364,52.09428297536637,7,1,0,2,2,1,0,Non-Dropout
2237,13,1,73.50603828178384,83.78114794257517,17.763830463766197,42.26658997535781,4,3,3,2,3,1,0,Non-Dropout
2238,15,0,53.40429219834736,68.83262372101508,71.10499795870642,86.43501060787305,4,3,2,1,3,0,0,Non-Dropout
2239,19,1,62.999294987017606,97.88854919288248,68.33733636744019,43.880904385142536,3,0,0,1,1,1,0,Non-Dropout
2240,14,0,63.388263908657294,77.41860002823906,58.36745402821841,69.75681886720749,5,1,0,1,1,1,0,Non-Dropout
2241,19,1,91.94102493877524,93.27520804315789,100.0,86.0273147860809,7,1,1,2,3,1,0,Non-Dropout
2242,10,0,71.00865157141679,58.614051203669185,96.69193199869814,68.2443635883448,6,1,0,4,4,1,0,Non-Dropout
2243,18,0,73.15744559604857,63.265801837024256,100.0,54.531302504507366,6,5,0,2,1,1,0,Non-Dropout
2244,10,1,72.98973314722797,76.93760015697106,39.676813108093796,84.08435548834251,8,3,0,2,3,1,0,Non-Dropout
2245,17,1,74.42916348626895,50.29585468963042,80.71603585253689,67.56175232733383,3,1,1,4,2,0,0,Non-Dropout
2246,18,0,44.15819735385816,67.60197909063952,100.0,61.68689370304403,7,4,1,3,5,0,0,Non-Dropout
2247,18,1,95.73902162055072,49.40922097375643,52.69512192482729,89.65260958106714,8,5,2,2,3,1,0,Non-Dropout
2248,10,1,51.837671417075605,44.10494569767464,100.0,59.35781698630158,6,1,0,3,4,1,0,Non-Dropout
2249,11,1,64.42393496496369,100.0,79.12259820032,56.00993882191498,2,2,3,3,2,0,0,Non-Dropout
2250,10,0,87.97224346282442,62.82050477627966,26.332589263883932,51.45890304753096,5,0,0,2,2,0,0,Non-Dropout
2251,19,0,94.01937945106042,64.57934142824357,37.85318453735816,83.24062178462451,5,0,2,2,1,0,0,Non-Dropout
2252,11,1,77.08931119597212,76.60438197998285,55.49113647677757,71.41469472571417,7,5,1,4,3,0,0,Non-Dropout
2253,19,1,57.4295796538168,53.76524935170007,67.79422501104003,57.687897158974124,4,5,1,1,5,1,0,Non-Dropout
2254,17,0,66.9160182941645,64.9666385422854,100.0,43.4152863501416,5,5,3,1,2,0,0,Non-Dropout
2255,14,1,67.50450918661781,100.0,67.75825343035176,86.13083514926342,7,2,1,4,1,0,0,Non-Dropout
2256,16,0,68.03585685963701,82.16199165782494,99.98233787135695,57.9083551607696,2,3,1,1,1,1,0,Non-Dropout
2257,11,1,46.54920458881304,94.72163484864265,72.69879120423394,37.71218415435875,2,2,3,5,3,0,0,Non-Dropout
2258,17,1,83.90164298593231,100.0,70.3094917063526,66.3101933996281,5,1,1,2,1,1,0,Non-Dropout
2259,15,1,67.01883463906668,79.21298972727875,62.701417451475955,80.49017118435575,3,2,2,4,5,1,0,Non-Dropout
2260,17,0,54.16671846575088,70.5750898689716,94.55061402247118,75.80197779827324,5,5,2,3,3,0,0,Non-Dropout
2261,10,0,57.52410368378838,46.322910847234056,73.23694308042225,66.21795628849517,7,2,2,4,1,1,0,Non-Dropout
2262,10,0,69.04775053263069,67.34213106450707,51.68613294186079,58.373065823679255,6,3,0,2,5,0,0,Non-Dropout
2263,16,0,43.9564002566239,71.75004471328702,78.30199014898119,56.590519369368494,1,3,1,2,2,1,0,Non-Dropout
2264,17,1,78.17652614248935,58.85443980681747,58.56688223805754,84.13963938251453,6,2,1,5,5,0,0,Non-Dropout
2265,12,1,68.52095453614612,100.0,57.185283225149924,35.70791270383981,4,0,0,4,2,1,0,Non-Dropout
2266,14,0,88.48534425539138,97.04589125641021,99.5662132123914,50.762326999792094,7,1,3,1,1,1,0,Non-Dropout
2267,10,1,66.16375581701855,94.7108434815273,66.01584285118899,63.56254711880758,6,1,2,2,3,0,0,Non-Dropout
2268,16,1,48.720980903216756,72.67594719482443,100.0,35.0852180119856,3,1,0,2,3,1,0,Non-Dropout
2269,14,0,47.032952151839964,54.33936298691606,88.38160949638645,61.73072096405443,2,2,0,1,3,0,0,Non-Dropout
2270,17,1,59.139415791313574,100.0,50.855542917249196,46.59555831546986,4,4,1,3,2,1,0,Non-Dropout
2271,17,1,60.72642850067704,81.70722569348766,49.13927541446241,72.12188786345362,3,0,2,3,2,0,0,Non-Dropout
2272,18,0,56.491074280136274,90.4616474470855,38.98100455907688,56.40209130997624,4,3,0,2,5,1,0,Non-Dropout
2273,16,1,66.92720799377652,87.38494669166042,85.14857177945356,59.0040808263374,4,2,3,3,2,1,0,Non-Dropout
2274,10,1,56.11034459171485,81.2125450871433,48.58461931720612,55.35429946776101,1,2,3,2,1,0,0,Non-Dropout
2275,12,1,68.81308841636358,100.0,13.359605841347069,75.14333883182405,8,3,1,3,2,0,0,Non-Dropout
2276,17,0,57.190273764975956,61.852126553399046,28.7141049047135,63.96632872603781,6,2,2,3,1,1,1,Dropout
2277,12,0,74.47555561601857,68.82140896317627,42.39651559494571,79.19080355197181,6,6,1,3,1,0,0,Non-Dropout
2278,17,1,60.34851809934764,100.0,78.42133540284844,83.11937263932228,5,1,0,3,2,0,0,Non-Dropout
2279,10,1,83.69310008401149,76.6412683101481,67.93442005344612,60.694337416100765,3,0,0,3,2,1,0,Non-Dropout
2280,14,1,74.7844204968448,72.48133133040966,93.57105438331223,54.54337537062577,5,1,3,5,1,0,0,Non-Dropout
2281,13,0,67.90378009717558,69.93985730402447,47.320234405050094,58.71570864505579,3,4,1,4,1,0,0,Non-Dropout
2282,14,0,61.884841000401366,88.58605225887518,61.891070435074056,100.0,6,5,1,4,3,1,0,Non-Dropout
2283,17,0,42.214854120070655,70.41430347823824,100.0,55.73781743509676,6,4,1,1,2,0,0,Non-Dropout
2284,19,1,86.20324107010883,68.16893335967407,61.4705225543794,62.37896666585879,7,2,1,2,4,0,0,Non-Dropout
2285,13,1,54.788343823740504,88.25631232800069,75.61136259105007,68.21695603857779,1,3,0,1,2,1,0,Non-Dropout
2286,13,1,66.36098201603329,76.86514332776075,53.59263704784175,73.19852978617875,4,1,0,5,3,1,0,Non-Dropout
2287,12,1,70.15706485303824,54.81106019491039,64.36140769020126,66.55051409803953,5,2,0,3,2,1,0,Non-Dropout
2288,16,1,62.24732660632911,75.64032835270476,81.88170305286697,91.60912367835124,7,2,3,1,1,1,0,Non-Dropout
2289,12,0,85.31901581537042,100.0,86.4273380682055,68.53953110793081,3,0,1,3,5,0,0,Non-Dropout
2290,12,1,46.6794362388688,90.30612291823248,72.95322885208986,62.760740905696494,4,2,0,3,3,1,0,Non-Dropout
2291,19,1,91.00902210481006,100.0,63.504111562719906,79.33818196465307,4,4,0,4,5,1,0,Non-Dropout
2292,14,1,75.07336336262475,60.37400141714911,73.25514703062514,51.7005323013405,5,1,0,2,2,0,0,Non-Dropout
2293,14,0,61.30369119748296,96.40459549494062,51.59678574057152,73.087914469382,4,1,1,3,3,1,0,Non-Dropout
2294,15,1,61.47155009103067,62.029662680717216,64.61255556347248,59.43765174045264,2,5,2,2,2,0,0,Non-Dropout
2295,17,0,31.747677441442377,50.352141578781136,78.30848507085896,84.28459878005235,3,2,0,2,3,1,0,Non-Dropout
2296,19,0,52.27650844747848,58.93872566523112,94.67479206166331,85.43933839623979,6,4,2,2,4,1,0,Non-Dropout
2297,15,0,59.691443674804354,77.62820526788927,47.21207427609468,62.38868694683605,2,2,0,2,2,1,0,Non-Dropout
2298,10,0,67.64157464046362,95.5590309964696,65.56996900184971,51.944171485254195,3,6,4,2,2,1,0,Non-Dropout
2299,17,0,83.8937186667834,81.2083128917313,44.87295574534787,37.066659951517224,8,1,2,2,3,1,0,Non-Dropout
2300,17,1,95.56318437243428,71.93436641266217,58.88893022468357,68.3781572788509,8,2,2,4,5,0,0,Non-Dropout
2301,18,1,69.0840064820386,54.355772000272,95.01260442827942,33.01056263227906,5,2,1,1,1,1,0,Non-Dropout
2302,18,0,68.08413968214448,89.10662663132504,56.586834970650145,63.724354821347724,8,3,0,5,3,1,0,Non-Dropout
2303,11,0,57.644723487321976,94.27245271578633,67.60011834526851,56.5855984470735,4,4,0,2,1,0,0,Non-Dropout
2304,11,0,39.27349785015695,80.96567213052778,39.08016150320445,73.3709210487635,4,4,2,2,2,1,0,Non-Dropout
2305,12,1,55.91320210692176,53.9536275202097,55.97198450458074,64.79538388868897,3,2,0,4,3,1,0,Non-Dropout
2306,10,1,61.91748380380966,91.17418259371075,31.29079241413241,56.504822348044925,3,2,1,1,4,1,0,Non-Dropout
2307,13,0,79.63091630997744,99.54489485189507,76.96831067997951,77.736050341539,5,3,0,4,5,1,0,Non-Dropout
2308,13,1,72.7927179737292,100.0,79.20233764464376,48.63054044965363,5,2,2,2,3,1,0,Non-Dropout
2309,18,1,68.3231783585159,66.24605988548566,78.42222777298198,73.44613957332666,4,2,0,1,2,1,0,Non-Dropout
2310,18,0,56.28799859766121,83.72609711602398,80.02755922006429,95.93263904144452,6,2,1,4,3,1,0,Non-Dropout
2311,18,0,35.26824876433804,64.30936483954831,78.46783268755881,79.4835742267714,8,3,2,3,3,1,0,Non-Dropout
2312,19,1,36.17365926901019,56.55277128443152,31.8427642236202,58.91834134246063,9,4,1,3,1,1,1,Dropout
2313,16,1,40.04395299586982,100.0,50.305371332716255,49.725145374412776,4,1,0,2,1,1,0,Non-Dropout
2314,11,1,60.61989985692924,86.29134389354401,13.906706002517396,79.01989202339942,8,4,0,3,2,1,0,Non-Dropout
2315,19,0,79.91066656576984,100.0,58.410638830834806,46.63534279982871,4,3,1,4,1,1,0,Non-Dropout
2316,14,0,79.50598354941326,50.503498198580154,48.23170893173855,65.09022143419637,6,5,1,2,2,0,0,Non-Dropout
2317,13,0,76.90573643116154,80.76838149818067,69.03279678277572,75.86763377591157,4,2,0,3,2,1,0,Non-Dropout
2318,17,1,57.27356774722941,85.16598132299615,100.0,49.86573763398362,6,3,0,1,1,1,0,Non-Dropout
2319,11,1,82.16394749175666,58.35642754270745,89.55693697988661,49.038001053417815,4,2,1,3,1,1,0,Non-Dropout
2320,15,0,51.033941355652345,100.0,100.0,45.23194158361227,9,2,3,2,2,1,0,Non-Dropout
2321,14,1,77.80090158288314,70.08959764890862,90.53537676366565,88.91736360083505,7,5,0,3,2,0,0,Non-Dropout
2322,11,0,39.88135520317917,84.07270584234983,67.49812431147616,90.47762111134504,5,4,0,2,4,1,0,Non-Dropout
2323,19,1,47.343316341691725,63.99483234696666,69.75749407336636,90.254272703174,5,4,1,2,1,0,0,Non-Dropout
2324,10,0,89.78922591455844,51.111849642859184,91.61463109795771,92.26128935900465,3,3,0,2,1,1,0,Non-Dropout
2325,17,1,61.94248079256194,93.26120188368633,76.2087749467409,55.50447414257457,4,3,0,1,1,1,0,Non-Dropout
2326,11,1,54.78545210875326,82.58142094808714,62.80097996187309,37.81002775404941,4,5,0,4,2,1,0,Non-Dropout
2327,16,0,81.54138062998481,79.74503374239579,100.0,90.5487141183362,7,3,1,3,3,0,0,Non-Dropout
2328,18,0,83.26057435335908,69.43662689804111,81.11825664618821,78.93765752478973,5,2,1,2,3,1,0,Non-Dropout
2329,18,0,58.50078787851166,82.03659286639204,34.37072552165723,77.73164952003015,3,4,1,4,3,1,0,Non-Dropout
2330,17,0,69.17695179413205,100.0,65.4907689185362,49.39968277008938,4,6,3,5,3,0,0,Non-Dropout
2331,19,0,67.05361138110715,61.323809217216976,71.25594221315261,66.4557647873417,4,0,2,4,2,1,0,Non-Dropout
2332,18,1,22.59347838904999,86.20545319977782,59.89077954455789,67.38900533848705,4,2,0,2,5,1,0,Non-Dropout
2333,11,0,44.06209881854409,79.0498050201812,60.37098819090316,64.05292630645232,7,4,1,2,1,1,0,Non-Dropout
2334,15,0,79.13381621273115,71.31170852608125,59.567981760758066,52.24606522962946,3,4,1,1,1,1,0,Non-Dropout
2335,13,0,52.51093626435875,42.08886721002785,25.382365623075046,36.4862400192189,6,2,0,2,3,0,1,Dropout
2336,13,0,72.94756844097596,74.76014972888323,20.936662932176077,53.71003762644172,5,4,0,1,5,0,0,Non-Dropout
2337,14,0,68.945606770183,88.45377049217322,53.665168473665815,21.92801017284028,11,1,2,4,1,1,0,Non-Dropout
2338,12,1,83.23149155191823,81.47944838149816,59.98758154934873,58.80682101805811,5,2,2,4,3,0,0,Non-Dropout
2339,10,0,44.543127673882154,46.226520052179765,36.517611459614926,55.775025247020025,6,3,2,2,2,1,1,Dropout
2340,17,0,70.91308761441879,99.94110294907327,44.39430685909558,47.48411537691227,2,1,1,1,2,1,0,Non-Dropout
2341,14,0,64.01878312796833,100.0,63.67176574487456,71.01298903097377,6,2,0,3,2,0,0,Non-Dropout
2342,12,1,53.15338488987579,72.81005402036912,95.77646366024703,59.84943073891968,5,2,3,3,1,0,0,Non-Dropout
2343,19,1,53.04805384581143,100.0,94.13248411784753,60.93267563064592,4,1,0,3,3,1,0,Non-Dropout
2344,16,0,68.41221321238496,58.40899610195764,94.9704801812013,85.86487063100644,3,5,2,3,5,1,0,Non-Dropout
2345,16,0,74.44505256577688,49.55802034460455,44.74188711553566,60.18388336760843,1,5,1,1,5,1,0,Non-Dropout
2346,10,1,65.95394423816442,54.703563953862364,64.44293880347367,71.80646184124127,4,5,2,3,3,0,0,Non-Dropout
2347,18,1,66.42071377785918,79.90277543289203,100.0,48.753173389859,5,5,1,5,3,1,0,Non-Dropout
2348,11,1,57.52258393945964,39.43303377646035,25.882714120776697,68.83149433371022,4,2,0,3,1,0,0,Non-Dropout
2349,14,0,58.51721274425414,68.78174293581729,58.51378223670409,63.461733177688984,1,3,1,2,3,1,0,Non-Dropout
2350,14,0,53.11294462463154,100.0,75.55418352485013,66.38828807730175,8,5,1,3,4,1,0,Non-Dropout
2351,17,1,57.22097522457457,44.9235118200052,27.371758826703015,46.62729016791441,3,2,0,3,2,1,0,Non-Dropout
2352,17,0,73.92013387752496,64.05780980833391,80.72151225814083,48.053921067701964,8,2,1,1,2,1,0,Non-Dropout
2353,16,1,75.59608436650772,54.27863399852195,100.0,59.807425701528594,2,3,1,3,2,1,0,Non-Dropout
2354,16,1,45.86186576290794,69.30365731432067,100.0,84.95958801592565,5,6,0,3,2,0,0,Non-Dropout
2355,15,1,51.55344987077602,68.03685758881056,65.55609184101462,43.396084399663465,4,1,2,2,2,1,0,Non-Dropout
2356,15,0,54.34402964496213,61.60877540534106,90.35987573697135,90.20770648198112,3,2,2,2,1,1,0,Non-Dropout
2357,18,1,64.03944707350377,71.8739047926104,27.091746738280584,54.40178458985819,6,4,0,2,2,1,0,Non-Dropout
2358,15,1,39.752707909453946,87.66411179103034,76.95882140617333,66.24635120477983,4,2,1,1,1,0,0,Non-Dropout
2359,11,0,51.816394283924886,100.0,62.383141578629974,80.03903313674623,3,3,2,1,4,0,0,Non-Dropout
2360,11,1,44.21627730466891,69.31149027773056,66.26412251434655,59.6650399606993,3,4,2,4,4,0,0,Non-Dropout
2361,14,0,71.00723201315175,75.1157032201744,72.59575068821671,61.34574089079651,3,1,0,1,5,1,0,Non-Dropout
2362,13,1,64.55487586501603,84.26511656759422,79.690796550106,86.6978017313398,3,3,3,2,4,0,0,Non-Dropout
2363,11,0,58.06178711836446,50.28443166739007,33.69776297215651,81.4493791933153,3,5,0,2,2,1,0,Non-Dropout
2364,12,1,49.05084078847968,71.94697997676049,45.4885685544188,75.5094612865325,10,2,1,3,4,0,0,Non-Dropout
2365,16,1,58.29355323066208,64.8893900437478,63.593467325224125,62.81050743858266,10,8,3,3,2,1,0,Non-Dropout
2366,17,1,56.52961826363118,94.03865947517707,25.533471990987692,63.85387177655785,6,3,1,2,2,0,0,Non-Dropout
2367,15,1,89.51999828779807,100.0,73.43123507206833,48.915444415523126,5,4,2,5,2,1,0,Non-Dropout
2368,14,1,79.95529567372655,59.45874933673943,90.81795612357628,60.737994742337406,3,6,0,2,3,1,0,Non-Dropout
2369,10,0,54.6393811110662,100.0,100.0,66.01073174694558,6,2,2,3,4,0,0,Non-Dropout
2370,17,0,67.47793011428685,45.8325511371714,72.41049075860622,64.49613574613483,4,2,1,1,1,1,0,Non-Dropout
2371,12,1,79.16312969878993,79.01347369284944,100.0,69.44150147487692,6,4,0,2,2,1,0,Non-Dropout
2372,15,1,54.63478719055568,80.19993619145285,69.12390663950585,81.67211680015156,5,2,0,2,1,1,0,Non-Dropout
2373,12,1,43.74333888540095,45.32171112306109,38.58029278717177,42.329503849486585,0,3,2,2,2,1,0,Non-Dropout
2374,16,0,38.04712218601064,58.43146436816437,68.60115347359107,55.50128197920957,8,5,3,2,2,0,1,Dropout
2375,16,0,84.08400379871911,56.48558309061377,64.85817820062142,82.16666209320398,6,1,1,2,2,1,0,Non-Dropout
2376,18,1,62.13406427795123,48.77201540979945,82.90394091684384,100.0,3,2,1,4,3,1,0,Non-Dropout
2377,14,0,69.36987849312048,21.675641793525344,76.76565046062792,48.894179905983435,7,3,0,3,3,1,0,Non-Dropout
2378,17,1,56.3864393702141,70.85501103537447,74.98186031293889,55.61941454959857,5,1,0,4,2,1,0,Non-Dropout
2379,19,1,45.98151622265473,73.26452330385533,94.1727539851318,45.3704660960715,4,6,2,2,2,1,0,Non-Dropout
2380,19,1,48.78048762741353,73.1074905478918,59.251043207681704,34.45184084863125,2,4,1,3,2,1,0,Non-Dropout
2381,17,0,44.88447811561087,90.31412208927703,83.46811300967623,69.11723607855298,6,3,0,1,2,1,0,Non-Dropout
2382,10,1,77.74991621703313,36.243373608808646,77.02166298010657,73.91365290191303,4,2,3,1,2,1,1,Dropout
2383,14,1,87.38841737498075,67.378997642418,72.8486362661326,60.50556690237504,6,5,0,4,3,1,0,Non-Dropout
2384,12,1,65.55865943712534,100.0,68.35737969236487,60.641668893162404,3,4,0,5,1,0,0,Non-Dropout
2385,10,0,42.23301360199402,92.73511825925574,38.21798640439373,63.33337572264991,7,2,0,4,1,1,0,Non-Dropout
2386,13,0,72.44876286253412,92.84927338455391,63.652184110016904,56.47077208517182,3,2,1,1,1,1,0,Non-Dropout
2387,17,0,83.97476997488815,54.66811076234519,65.25515337418929,64.34630324349611,5,4,0,1,5,1,0,Non-Dropout
2388,12,1,79.5750015122509,71.08192191360703,51.9318827510953,85.80339541982163,4,2,1,1,2,0,0,Non-Dropout
2389,19,0,64.56303427272509,29.002786808052257,36.0528747126629,52.58929334863734,5,2,1,2,3,1,1,Dropout
2390,11,1,61.48276645059676,86.70964614608364,56.08688230256203,60.754364477010505,2,1,2,4,3,1,0,Non-Dropout
2391,18,0,64.44250518185405,100.0,58.16436650708194,63.085333956150784,6,1,1,2,4,1,0,Non-Dropout
2392,19,1,83.37873507465073,46.004047821159276,36.49219327697736,56.487448654022025,3,7,5,3,2,0,1,Dropout
2393,14,0,76.40548141732073,51.82231355452854,36.46604538689459,66.01888464979169,3,5,0,1,3,0,0,Non-Dropout
2394,16,1,59.21364500565047,74.35943932991552,17.701458185575433,27.500610340942757,3,1,0,3,2,0,0,Non-Dropout
2395,11,0,58.83627086314405,78.06588003762052,77.37682930451447,73.59371072437582,5,4,1,1,2,0,0,Non-Dropout
2396,18,0,57.77457426888972,64.16549041905623,94.4509201271486,50.416921891580536,7,2,1,2,5,0,0,Non-Dropout
2397,18,0,49.03051049671548,58.692608417148826,70.4025561495488,52.390301409081154,4,1,0,2,5,0,0,Non-Dropout
2398,13,1,85.2775735361808,58.90685473571742,59.89213391183958,62.48756189881437,6,2,1,2,2,1,0,Non-Dropout
2399,13,0,53.18264378380342,74.01937612370403,35.24977839609363,44.1545404069538,4,4,1,3,3,1,0,Non-Dropout
2400,15,0,72.3541409850013,86.72274386930724,14.878023319095306,84.9680939927163,8,0,3,3,5,1,0,Non-Dropout
2401,19,0,55.07858542523252,74.01395511257861,69.17566365869656,52.642296032775036,10,3,1,1,2,1,0,Non-Dropout
2402,19,0,57.84164176949957,72.10280414834212,85.39171110363884,100.0,4,8,1,4,4,0,0,Non-Dropout
2403,19,1,63.29178849915543,39.814914474552914,49.18978815230828,74.45300315779367,7,0,1,3,2,0,0,Non-Dropout
2404,15,0,73.17863637251311,92.34117350743165,96.38524287230754,56.475592025291355,5,2,1,2,4,1,0,Non-Dropout
2405,10,1,61.11164177321781,73.97219644006152,52.77779753748934,60.40404287430601,9,2,1,2,2,1,0,Non-Dropout
2406,18,1,47.911922425740016,66.26747536826933,97.12495707134195,67.22886608520561,4,0,0,4,3,0,0,Non-Dropout
2407,11,1,65.28621996618651,80.102766808754,50.480101156337746,90.48080681028848,10,2,1,2,4,1,0,Non-Dropout
2408,14,1,53.49992301212555,58.12380286090183,3.4266989321777714,79.25429355338764,3,1,1,2,4,1,0,Non-Dropout
2409,18,0,88.15757460371796,66.682814438486,85.6588926521655,78.12881673331007,4,3,1,2,2,1,0,Non-Dropout
2410,13,1,61.100832462911164,77.15175288149845,46.92883550261246,60.41644058104376,3,4,1,4,4,0,0,Non-Dropout
2411,12,1,54.980459928932966,61.428906126571356,31.438400231262143,56.496103711969994,4,4,1,2,5,0,0,Non-Dropout
2412,16,1,94.62201199480015,42.08649239652531,82.03982537818354,74.5610751309253,8,4,0,2,1,0,0,Non-Dropout
2413,15,1,76.0833455366371,38.83055633183628,47.76574899232244,85.00355809888508,5,2,0,1,1,1,0,Non-Dropout
2414,17,0,51.54838829293676,83.914656422079,34.67750237294084,62.92955494631841,2,2,0,5,2,1,0,Non-Dropout
2415,12,0,53.136289100050945,74.37782426438814,100.0,54.729943322775554,9,4,1,4,4,0,0,Non-Dropout
2416,14,1,72.11274471636023,73.67060537257315,64.88129930358805,49.50056554009961,1,1,2,3,3,0,0,Non-Dropout
2417,19,1,65.65214451552347,51.76394548605851,34.122689394951585,39.89737980907769,6,4,1,2,5,1,0,Non-Dropout
2418,13,1,78.35263314080711,74.58901329725408,58.42180115731286,58.29790309726068,2,2,0,1,2,1,0,Non-Dropout
2419,13,0,55.05985548512625,66.99090815580395,100.0,61.18415192518113,7,3,3,2,3,1,0,Non-Dropout
2420,13,0,75.51663687197716,62.99876243457262,72.80901354198924,64.69904044922518,6,4,0,2,3,0,0,Non-Dropout
2421,19,0,31.425674883379344,73.49898490959708,53.95386297387057,73.12458893142494,5,3,2,5,5,1,0,Non-Dropout
2422,17,0,62.683371961118425,80.92861866385739,82.53441489342876,57.968483574229005,5,1,1,3,1,1,0,Non-Dropout
2423,15,0,55.74231280983902,100.0,58.64152877027007,91.92926746641108,4,1,3,3,3,0,0,Non-Dropout
2424,12,1,58.174300689988705,86.30586633436423,57.26481249216114,47.91958237219682,3,3,0,3,2,1,0,Non-Dropout
2425,19,0,63.45688030810882,92.15125364003633,53.5907866838506,75.24154819433689,6,8,0,4,2,1,0,Non-Dropout
2426,14,0,82.07755459390543,97.09310140749295,91.34872391332588,46.70662848236502,3,3,0,1,3,0,0,Non-Dropout
2427,15,1,47.68940181018429,59.71954754462033,74.86886018034737,52.24316815501335,4,2,2,2,2,1,0,Non-Dropout
2428,14,0,32.17935493385,68.58230858065689,100.0,69.21501199441987,6,7,2,3,1,1,0,Non-Dropout
2429,15,0,49.4291964333258,56.90178943635917,77.67213297395415,80.6551154847724,8,1,2,2,2,0,0,Non-Dropout
2430,17,0,80.33653897892239,61.363561953291914,100.0,60.80684830628759,8,4,2,3,2,0,0,Non-Dropout
2431,16,1,40.32512996762638,66.43515151744299,86.25216592775483,66.26920960351647,5,1,0,5,1,1,0,Non-Dropout
2432,14,0,56.42078539122685,60.88689435160755,63.50129244823697,83.94098436543987,5,6,1,2,4,0,0,Non-Dropout
2433,19,1,77.59366062217747,79.48204914791319,66.61560971166607,46.66784309950317,3,3,0,4,3,1,0,Non-Dropout
2434,15,1,64.12357185118469,83.65686262079507,100.0,76.54824103440856,5,7,1,2,3,0,0,Non-Dropout
2435,13,0,81.9306008127548,48.87714669327924,100.0,54.66401216401519,8,7,1,3,3,1,0,Non-Dropout
2436,18,0,34.476567748257445,68.75836297631506,100.0,68.64643669146476,5,2,1,1,3,1,0,Non-Dropout
2437,13,0,60.17586368703476,68.9773674844411,44.8137447983289,73.09604756873192,3,3,2,2,3,1,0,Non-Dropout
2438,10,0,85.05765749532499,45.55187342048018,23.1207783318049,47.36385553145904,3,1,2,3,4,1,0,Non-Dropout
2439,16,1,48.09677530801753,59.67709167554129,48.92083360457927,53.80159924161339,5,2,1,4,4,0,0,Non-Dropout
2440,16,0,80.5221476508213,92.46904662308259,74.1370608201968,74.98786785927092,5,5,0,2,2,1,0,Non-Dropout
2441,13,1,61.46464425409757,92.21155018960118,53.860939462071855,61.0983413687892,4,0,0,3,2,1,0,Non-Dropout
2442,12,1,71.51194137583884,42.41620308748608,70.68521318258166,54.29507616359544,3,3,2,5,3,0,0,Non-Dropout
2443,17,1,83.96985360533812,84.44258014324156,58.71974228158837,67.92098379202416,4,4,3,2,5,1,0,Non-Dropout
2444,14,1,71.44754226572132,45.59425245995709,25.882520404429215,48.80873447133524,8,3,0,2,3,1,1,Dropout
2445,19,1,56.131256609459506,66.97035211871913,80.7223963489528,47.26038944042523,6,3,2,1,3,0,0,Non-Dropout
2446,16,0,73.43094128187842,73.05361404615284,70.77168436362041,29.174364910437646,5,0,2,5,2,0,0,Non-Dropout
2447,13,1,55.07300232078492,90.05550740966251,100.0,70.39684943426582,3,1,1,1,1,0,0,Non-Dropout
2448,13,1,69.10050279178083,71.50824020005581,73.99639381096307,65.4798811402182,9,5,0,2,3,0,0,Non-Dropout
2449,17,0,46.22235560862841,54.72275131880274,89.56625115874087,73.10885148232593,5,1,2,4,1,1,0,Non-Dropout
2450,17,0,65.43642010118442,51.321169187456675,49.518225694194314,83.32788875723092,8,1,0,5,5,0,0,Non-Dropout
2451,11,1,82.83939617433147,78.35977334913312,78.67520431697359,61.38032818229613,3,3,0,3,1,1,0,Non-Dropout
2452,11,1,60.518454161524126,62.32401062011885,90.21447660976438,63.95684293362513,3,2,0,2,1,1,0,Non-Dropout
2453,12,0,81.40535658273967,66.82612767779253,83.90913472436688,70.14817556851297,5,2,1,2,4,1,0,Non-Dropout
2454,12,1,100.0,94.40929186951936,64.33629334387578,56.448838321222865,3,4,4,3,4,1,0,Non-Dropout
2455,10,0,64.56579027783181,83.6979586229878,78.76124528125756,43.13436465753291,7,3,1,5,1,0,0,Non-Dropout
2456,12,0,74.21288234362977,100.0,85.5686720619504,47.72593068460144,5,5,2,5,1,1,0,Non-Dropout
2457,15,1,72.15293877323086,54.636051586461406,100.0,64.40274789387949,1,3,1,2,1,1,0,Non-Dropout
2458,17,0,68.37655488761118,60.816170544738206,55.97211274654373,79.99686927590355,7,2,1,2,3,1,0,Non-Dropout
2459,19,1,76.81844036238344,78.67374658757923,42.07949671674005,88.50985539047716,5,1,2,2,4,1,0,Non-Dropout
2460,15,1,61.27857452191005,100.0,49.21720686335865,60.729458142045644,4,5,1,2,3,0,0,Non-Dropout
2461,14,1,55.061838495881865,59.10269227908103,73.6350378642142,67.51769142515903,7,5,2,1,2,1,0,Non-Dropout
2462,13,0,42.10515842854238,75.76821292409679,70.10977743508815,93.06210468377921,4,5,0,3,3,1,0,Non-Dropout
2463,12,1,59.85862260369757,100.0,85.68293572794045,72.75231373626654,5,4,1,2,3,1,0,Non-Dropout
2464,13,0,78.52151247703051,75.99842030282238,90.76941861527571,67.05826586033275,6,3,3,4,3,1,0,Non-Dropout
2465,16,1,50.903043332103024,95.40007709272328,22.86987872025618,68.15238585166883,7,0,0,2,4,1,0,Non-Dropout
2466,10,1,68.70016844799136,100.0,57.973171078591456,73.72941924318482,2,1,0,3,5,1,0,Non-Dropout
2467,16,0,63.15335204703604,80.90247672605682,75.30584448952905,46.69551267320668,7,2,2,3,4,1,0,Non-Dropout
2468,10,1,55.68922815436103,84.16961247602767,97.87947140971507,76.408142945479,7,5,3,3,4,1,0,Non-Dropout
2469,11,1,37.204395053701,89.8589012576024,68.66548628944396,71.58674134421386,1,0,0,1,2,1,0,Non-Dropout
2470,13,0,85.4428204868118,56.91257004200591,100.0,81.32355620583088,9,2,0,2,2,1,0,Non-Dropout
2471,10,0,72.75785795575068,45.368665562522935,83.78449237632461,72.41182260006124,3,1,1,1,2,1,0,Non-Dropout
2472,18,0,100.0,78.1690478319257,79.51940246423658,80.3187282054497,8,2,1,3,4,0,0,Non-Dropout
2473,15,1,81.19119520936312,62.49741244350868,67.24439468215995,51.15686502733777,5,2,0,3,1,1,0,Non-Dropout
2474,10,0,85.10815967972822,96.05516439927248,69.38472965071145,56.05354722588023,3,2,0,2,2,0,0,Non-Dropout
2475,10,0,38.75969403464903,81.28594320738283,78.26956415242636,67.29060462522649,4,3,1,3,2,0,0,Non-Dropout
2476,15,1,38.49746953157661,95.71622806687056,65.11550490180176,53.73184769865186,6,3,1,4,1,1,0,Non-Dropout
2477,13,0,65.6346809157888,50.96702200304391,97.81403981492602,77.83229487527838,3,0,1,2,1,1,0,Non-Dropout
2478,13,1,47.77826864778031,95.03072866987407,91.9894449322227,43.76693766694138,5,4,3,3,3,1,0,Non-Dropout
2479,15,1,54.780697297339614,29.024834304876293,99.94987453242996,62.606077594860075,5,2,4,1,5,1,1,Dropout
2480,16,0,100.0,52.60779711611462,44.00255135786405,56.502587505437035,4,2,1,2,3,0,0,Non-Dropout
2481,18,1,82.84814257522791,87.64476878683493,43.181468311573795,53.863684126609776,1,4,2,2,2,0,0,Non-Dropout
2482,19,0,50.96516686502306,64.94877165783019,82.19760917132932,44.435190160968375,6,2,2,3,2,0,0,Non-Dropout
2483,14,0,29.508192296451867,66.87396510657385,67.98459236847964,65.62700707866833,6,1,1,1,3,1,0,Non-Dropout
2484,18,0,49.70093992843925,77.1446855506114,76.47101770317286,63.753387118001896,4,3,3,3,5,1,0,Non-Dropout
2485,13,0,56.64208335591916,100.0,42.06449806498036,93.56577620495227,3,1,0,1,3,0,0,Non-Dropout
2486,19,1,60.18104496109886,36.56461047009159,33.550822695316086,100.0,7,5,0,3,1,1,0,Non-Dropout
2487,11,1,45.81430623385069,99.97412725395723,75.8145017823445,48.9804908207461,4,4,0,4,1,0,0,Non-Dropout
2488,12,0,81.94775888496193,100.0,51.00287924320465,36.45478393947356,4,2,0,5,3,1,0,Non-Dropout
2489,10,0,54.3280880921262,64.91252756077279,87.85264830864541,46.990132581347524,4,2,0,4,3,0,0,Non-Dropout
2490,15,1,74.72866508904065,61.102303860232475,54.61571643596995,64.07210539912359,5,3,1,3,1,1,0,Non-Dropout
2491,15,0,65.80831132836533,72.64058647006595,47.81318055528169,81.87756274818348,5,1,2,4,3,1,0,Non-Dropout
2492,10,1,79.07715582629064,60.676565947977565,13.333694070337678,57.77806562084767,9,5,1,3,4,1,0,Non-Dropout
2493,12,0,61.43119507335432,81.89553140905657,100.0,73.67416705756237,3,1,0,2,1,1,0,Non-Dropout
2494,14,1,51.12520342013045,84.50024500703665,87.4387612219483,53.014388288818864,4,5,1,4,3,1,0,Non-Dropout
2495,12,1,56.02119193847051,43.9218095084527,32.607563691639925,57.69316333756123,1,3,0,1,2,1,0,Non-Dropout
2496,19,1,56.23272328463293,56.59287649057925,20.063591145930822,67.50194931611483,2,3,1,4,3,1,0,Non-Dropout
2497,12,0,95.96825827364351,51.29721941882251,55.07308345688614,64.83298036464214,10,8,0,5,3,1,0,Non-Dropout
2498,19,0,66.14757907758933,79.2937497939504,93.68302599257748,64.45912440023652,9,0,1,5,5,1,0,Non-Dropout
2499,12,0,65.06949222055816,92.44664218806736,56.82289890846528,48.77301505882282,5,4,1,5,1,1,0,Non-Dropout
2500,14,0,78.23039811062824,53.53129012334536,64.82208458756223,83.38840712716268,7,1,1,2,2,0,0,Non-Dropout
2501,14,0,64.99895217868806,92.3055221235266,94.76465613285184,83.27497121090363,7,1,1,1,1,0,0,Non-Dropout
2502,13,1,81.82514478971555,56.504009888181685,45.29329722943503,83.52626400542569,4,2,2,2,3,1,0,Non-Dropout
2503,10,1,59.418833589483285,89.37243919925264,52.94709160156614,54.841634734554106,6,3,0,2,1,0,0,Non-Dropout
2504,14,1,57.89540374380966,69.32537140948175,75.4896439335335,66.79085323606773,5,1,0,2,2,1,0,Non-Dropout
2505,19,1,50.29589755977758,66.16598588538112,62.99520081404261,57.126877753117014,5,2,4,2,4,1,0,Non-Dropout
2506,14,1,92.75070995076052,97.8490107495343,48.07017631877766,50.379249401062914,6,1,1,4,2,1,0,Non-Dropout
2507,13,1,63.95262764351593,100.0,87.68123693322522,69.27444620368986,4,5,2,3,1,0,0,Non-Dropout
2508,15,1,47.389363105677575,36.1650111686965,82.94593607462645,33.164923653196944,4,2,0,4,3,1,0,Non-Dropout
2509,19,0,67.95240832968827,86.98871359548833,90.80443476796029,77.70260228886141,10,2,0,2,3,1,0,Non-Dropout
2510,13,1,55.24919184404839,78.54668484336588,66.1674449807187,47.55953295446558,5,3,1,2,2,1,0,Non-Dropout
2511,16,0,59.155981528191035,88.15765015000714,25.977816723123247,60.304782569064805,12,3,1,2,3,1,0,Non-Dropout
2512,16,1,69.66130147591578,46.229714712724316,70.26886646558185,30.96314596688275,3,5,0,5,1,0,0,Non-Dropout
2513,11,1,87.8147786038115,53.31358689273052,40.70506160726593,92.11636415179998,7,2,0,2,2,1,0,Non-Dropout
2514,12,0,66.52378037259561,61.571405498707044,19.326891356436462,74.87336572014506,1,3,1,2,3,1,0,Non-Dropout
2515,10,1,54.33444844317273,79.26131537402655,63.13216149193625,66.28807651236244,8,2,3,4,4,1,0,Non-Dropout
2516,17,0,57.426277365586586,60.34692499065149,72.54406869789968,54.678035852103164,3,2,0,4,2,0,0,Non-Dropout
2517,18,1,74.84670780365703,68.53954221612531,100.0,49.014098970382776,7,5,0,5,3,1,0,Non-Dropout
2518,13,0,35.62488626319589,91.61055845099216,39.85988606110733,61.99536041213136,4,2,1,4,1,1,0,Non-Dropout
2519,15,1,49.35976585555862,100.0,86.92632511461176,69.53316446367859,10,1,2,2,2,1,0,Non-Dropout
2520,18,0,68.1896911429601,90.18400518706373,30.02706598470064,61.55235227347341,4,4,3,2,1,1,0,Non-Dropout
2521,15,0,39.399956339378775,92.18790408677756,100.0,72.96379641564448,8,1,0,3,2,0,0,Non-Dropout
2522,18,1,60.312231812977046,71.36297910959934,52.483854245551306,92.83594221033997,8,5,0,1,4,1,0,Non-Dropout
2523,13,1,57.82602446513726,57.18793195457155,61.629219070606055,48.902700795530016,4,1,1,1,1,1,0,Non-Dropout
2524,17,0,78.16172783113501,68.48084014542978,61.949521253423526,68.54729088440024,4,2,1,4,1,1,0,Non-Dropout
2525,18,1,61.24576500321201,73.84195497224304,88.97397236481338,91.11823710797171,3,3,2,3,3,1,0,Non-Dropout
2526,13,0,82.8003707390457,51.79724370461247,33.73816476361971,60.33869077821547,3,5,2,2,3,1,0,Non-Dropout
2527,14,1,66.18309534857092,91.30241370905622,65.56487039081622,62.914380281468084,4,2,3,3,4,0,0,Non-Dropout
2528,17,0,91.646766962139,100.0,53.96714061907009,71.91890080184888,4,2,0,2,2,0,0,Non-Dropout
2529,19,1,44.187665534123425,77.4484384943449,100.0,75.14145934644102,2,4,1,2,3,1,0,Non-Dropout
2530,15,0,89.25690261901966,96.68147954500238,42.875541119331984,80.74654924668131,8,3,1,2,5,1,0,Non-Dropout
2531,16,1,58.83309265655916,99.16864286090909,5.448397797594382,66.63916752817362,7,2,0,3,4,1,0,Non-Dropout
2532,12,0,87.10924551839614,54.30699553311783,100.0,53.07715868158907,7,3,1,5,3,0,0,Non-Dropout
2533,16,0,82.77852049827746,40.24387932999719,82.28347762784117,73.41143901317497,2,3,3,5,2,1,0,Non-Dropout
2534,17,1,22.22138238825987,65.0196832976483,50.31562786043992,50.49628760042387,9,4,1,3,1,0,0,Non-Dropout
2535,19,1,72.18752315479759,76.91765398256344,69.1947407991384,69.97936784192777,2,6,2,4,3,1,0,Non-Dropout
2536,15,0,79.96429644211847,51.07736488453668,49.97515106587322,66.15876790633807,8,2,2,3,2,1,0,Non-Dropout
2537,19,0,84.92889105006675,100.0,21.075056614915617,65.79109337452249,3,2,2,2,5,0,0,Non-Dropout
2538,18,0,47.35044221330866,100.0,65.89313540281023,63.76553853902587,4,1,1,1,2,1,0,Non-Dropout
2539,15,0,73.85514345521345,78.58393896454683,65.714118463048,80.02857738247447,11,5,1,3,3,1,0,Non-Dropout
2540,18,1,67.92610517998592,55.3640535118797,78.48367528466306,74.27061668783546,6,2,2,3,5,0,0,Non-Dropout
2541,13,0,71.47113450449487,84.72590697011431,45.675112655751164,75.4185209088347,5,4,0,2,1,0,0,Non-Dropout
2542,17,0,79.98404729889528,55.301194212962216,50.63182165731081,58.04527554154303,9,3,0,1,2,1,1,Dropout
2543,13,0,82.35064779089652,97.86187098041731,60.58583785999782,40.36881858911872,5,5,3,5,2,0,0,Non-Dropout
2544,11,1,55.16385567853293,70.37136817506011,45.478823834490115,59.04314584979959,4,0,0,4,2,1,0,Non-Dropout
2545,19,0,68.98128997769984,89.54505712358178,98.41907719761824,71.53632500272397,6,5,1,3,4,1,0,Non-Dropout
2546,18,1,65.61702975818191,93.0379452197918,91.22806506001821,65.4859646448131,2,2,0,1,3,1,0,Non-Dropout
2547,14,1,61.409710665955174,85.75916027680387,57.102877556597534,58.50838347670994,7,4,1,4,5,1,0,Non-Dropout
2548,13,1,62.84337183246439,100.0,83.36459072246846,68.32146376844103,8,1,0,3,4,1,0,Non-Dropout
2549,11,1,67.93980863084956,78.56546232192842,39.04282662536568,60.992121789084145,3,3,1,1,4,1,0,Non-Dropout
2550,10,1,55.970275962991,64.93609366101413,58.46620043533767,65.73198901896289,2,2,1,4,1,1,0,Non-Dropout
2551,16,1,78.2455516779632,32.9562089769692,100.0,35.16791759459963,3,2,1,3,1,1,0,Non-Dropout
2552,15,1,84.03962432437774,29.32077551471619,86.14685527088128,76.50715736955851,9,3,2,3,3,1,0,Non-Dropout
2553,11,0,52.69135166621157,88.04076210444137,77.2270546545374,74.19235545520806,6,1,0,1,3,0,0,Non-Dropout
2554,17,0,84.77494831908683,71.32311882658372,61.036309147149275,96.68373775275131,2,1,1,2,1,1,0,Non-Dropout
2555,13,1,52.719598636607884,58.69208386210015,68.95155422963616,54.3209882101291,7,3,3,3,1,0,0,Non-Dropout
2556,17,0,78.46680367534678,52.72189662221119,33.290297528412964,57.45210333963166,6,5,2,2,2,0,1,Dropout
2557,16,0,84.74718215885852,89.81908673342933,61.91531682392238,67.61395677381897,3,0,1,2,4,1,0,Non-Dropout
2558,14,1,63.58233955880241,55.32929908107755,79.40077654250493,64.4883700164786,4,8,2,1,3,1,0,Non-Dropout
2559,19,0,52.84253387024332,100.0,69.33946539295421,88.69799678620072,5,1,2,2,3,1,0,Non-Dropout
2560,19,1,56.169755034325554,100.0,69.33963038357008,58.8750313904887,7,1,1,3,2,1,0,Non-Dropout
2561,17,0,70.42785298473285,56.999263760128585,53.64008168123189,62.694146312712945,6,3,0,5,4,0,0,Non-Dropout
2562,18,1,94.46981618614947,88.3965029085247,47.30631033105302,56.56675877273287,3,6,0,1,2,0,0,Non-Dropout
2563,14,1,39.60900738444935,83.80043187017978,45.01936927984339,87.8543456288075,9,5,1,2,3,1,0,Non-Dropout
2564,19,0,66.50362947217967,55.24702379435489,63.70299660336082,72.30794559915354,4,5,0,5,5,0,0,Non-Dropout
2565,14,0,63.67891776354482,55.360238466210575,88.35608958215207,88.56328808267641,3,2,0,3,1,0,0,Non-Dropout
2566,11,1,58.15217357347836,72.5481755629102,48.536657606445445,100.0,6,0,0,2,2,0,0,Non-Dropout
2567,14,1,63.788270874070776,52.23221136621393,71.01902904337298,53.55778113964459,4,2,2,2,2,1,0,Non-Dropout
2568,12,1,56.86704767226384,96.8251392196232,70.38698401435956,81.17290844146038,9,3,2,4,2,0,0,Non-Dropout
2569,16,0,83.64733117793611,70.07778972284375,93.25324789862758,61.148934654086666,2,4,3,4,1,1,0,Non-Dropout
2570,19,0,85.13740710000087,52.58743267322344,70.33454774467094,54.68537458670727,5,4,1,5,3,1,0,Non-Dropout
2571,14,0,66.32202906720534,73.22021282233268,32.80376554421334,43.00575778513742,7,4,0,2,3,1,0,Non-Dropout
2572,17,0,62.882824797705645,84.32846601484704,100.0,96.9254966292062,7,2,0,1,4,0,0,Non-Dropout
2573,10,1,57.60444991059403,60.51104643910121,94.2922681559536,80.03052372360895,8,4,3,3,1,0,0,Non-Dropout
2574,12,1,66.35422006629015,35.13817616094141,82.07977302370777,61.61857079442424,5,4,2,4,3,1,0,Non-Dropout
2575,12,1,92.71746543301438,77.52735541524669,55.61257989211353,74.32901772568248,6,2,0,4,2,0,0,Non-Dropout
2576,18,1,63.44398645697962,50.660007344104756,62.026750676249385,37.86536187213625,6,5,2,3,3,0,0,Non-Dropout
2577,14,0,52.40851402960611,59.125033339107816,34.44030405313844,63.58428723942281,2,4,1,5,4,1,0,Non-Dropout
2578,18,1,59.03357162979724,84.38210339798158,61.65666846945599,53.57121652409512,2,5,2,1,2,1,0,Non-Dropout
2579,18,1,76.3020494265332,63.24202208692777,74.39241249064357,86.68355779685254,7,3,1,2,2,1,0,Non-Dropout
2580,10,0,54.23394943928592,72.17776426401535,69.36974773878885,87.69183062375026,7,5,2,2,3,1,0,Non-Dropout
2581,11,0,64.49440858006214,100.0,100.0,78.35677492043843,3,7,0,2,1,1,0,Non-Dropout
2582,14,1,72.0932470274411,67.95925329289516,86.77466838771076,79.21044687419857,5,1,1,4,2,1,0,Non-Dropout
2583,13,0,55.3720571592046,100.0,94.34006721370805,55.25198712747545,5,1,0,1,3,0,0,Non-Dropout
2584,19,1,38.53391418852422,89.79829289470047,83.504142402912,75.75432239884157,3,5,2,1,5,1,0,Non-Dropout
2585,18,0,48.929218042203466,56.372513963805446,74.06597399400411,44.30925093318072,4,2,1,1,3,1,0,Non-Dropout
2586,16,0,52.11850236690539,65.47292771042481,81.37033722204869,42.287544101310246,3,2,0,1,3,1,0,Non-Dropout
2587,15,1,61.56759041215038,49.74714229918895,20.39687311672143,63.41778260146362,2,3,2,5,3,1,0,Non-Dropout
2588,16,0,65.66449492092916,87.74912799860293,63.49076944640254,72.95294091657172,6,4,0,2,1,0,0,Non-Dropout
2589,10,1,77.35551946065667,100.0,35.055768682512294,73.97202780746868,7,2,1,2,3,0,0,Non-Dropout
2590,10,0,46.591159870029394,67.83212320778213,40.5012982338108,46.14467496890074,4,6,1,1,2,1,0,Non-Dropout
2591,17,0,75.17430306060763,37.7721049211599,99.84056963562941,41.72641902930607,5,4,5,5,3,0,0,Non-Dropout
2592,11,0,59.43614733275298,82.20939539927892,43.08645028562736,58.22679347567451,6,4,2,1,4,1,0,Non-Dropout
2593,19,0,38.216790516772285,57.760342068565706,36.90858169825032,51.85383220582153,6,4,0,5,3,1,0,Non-Dropout
2594,18,0,65.20360489076307,60.78661961775883,79.73948972820443,74.18026349820461,7,6,0,2,1,0,0,Non-Dropout
2595,16,1,84.74401327249953,81.23054332120883,68.28302032015318,49.80706485023141,5,3,1,5,3,1,0,Non-Dropout
2596,15,0,78.24671827487724,99.63968240638869,81.15661129911491,94.16453132066067,2,5,1,2,2,0,0,Non-Dropout
2597,10,1,63.85594383466899,89.79003456240774,100.0,70.43540309516622,6,4,2,2,3,1,0,Non-Dropout
2598,10,0,81.88655924193125,83.59001976587635,84.31896739042627,62.79610216288984,8,3,0,3,2,1,0,Non-Dropout
2599,11,1,67.88334020820957,71.85495794826912,31.234752271216237,47.79006532168267,7,0,2,3,3,1,0,Non-Dropout
2600,15,0,79.71783241733658,48.591280766887905,93.32242883114245,45.183072436023934,5,3,0,1,2,1,0,Non-Dropout
2601,15,1,40.07596497546797,81.95884233997243,64.50189875829349,60.18624137403107,5,1,0,1,2,1,0,Non-Dropout
2602,11,1,46.25490777109603,89.35459929384976,74.19863065949916,56.317395198768814,8,4,1,2,1,1,0,Non-Dropout
2603,10,0,75.9355397835908,63.09835306880825,28.664735973520337,39.0225704047572,7,4,2,3,1,0,1,Dropout
2604,19,0,88.08923741517235,67.67273075941775,82.58128686318771,85.57449472292602,5,1,3,4,2,0,0,Non-Dropout
2605,14,0,71.25943596368758,97.20103848366475,37.46313141285496,48.42170528911165,6,2,1,1,1,1,0,Non-Dropout
2606,14,1,57.53994689936297,67.15048960099696,83.35623360338215,70.28920356562462,6,3,1,2,1,1,0,Non-Dropout
2607,11,1,52.24226212140066,69.5887870251395,51.928379883741705,71.63307790439977,4,3,1,2,3,1,0,Non-Dropout
2608,15,0,60.27027254607788,73.23200376012818,88.05410896642891,40.71733528285961,4,0,1,2,2,0,0,Non-Dropout
2609,18,0,83.20455487575147,88.31115165878842,37.6236218648706,59.22926425123525,7,3,0,3,1,0,0,Non-Dropout
2610,11,1,59.86209442568909,80.86662408476452,30.980794332582732,43.855503633671674,2,3,1,5,2,1,0,Non-Dropout
2611,19,1,80.71641862081128,79.38526000895996,56.46529463232398,71.1139814717097,3,5,0,1,3,1,0,Non-Dropout
2612,11,0,74.78859688181818,100.0,76.65799254488826,65.93775346304061,2,3,0,2,1,1,0,Non-Dropout
2613,12,1,90.70888700640491,66.80962153244639,41.371054936338,63.840764334097436,2,5,2,5,4,0,0,Non-Dropout
2614,16,0,68.00392807304762,55.989321937586354,75.09576835131914,52.69741559448876,6,3,0,3,2,1,0,Non-Dropout
2615,15,0,64.25605458226939,95.441961094919,91.86015473725976,82.71555090793771,2,3,1,4,5,1,0,Non-Dropout
2616,17,0,81.46508158520402,79.618632002824,36.909849189181735,59.33256231674821,5,6,2,4,3,1,0,Non-Dropout
2617,17,1,50.97105807052972,63.215076068798986,75.13434991293924,42.83979319494925,6,4,0,1,1,1,0,Non-Dropout
2618,15,1,58.33974534333594,67.80269172440467,83.49459917259198,50.835620438187064,3,1,1,2,1,1,0,Non-Dropout
2619,19,1,39.799928817052276,49.521399457389315,65.17802793296906,34.89341668960117,7,4,1,5,1,1,0,Non-Dropout
2620,12,1,46.18513161428007,79.63360365576305,67.93790596785341,55.184812838973066,5,0,0,1,3,0,0,Non-Dropout
2621,12,0,93.85057819594715,45.77157928055472,34.77761162281012,51.36419242499269,5,3,2,1,1,1,1,Dropout
2622,10,1,75.3847186046105,88.64056115261593,80.93639877605857,75.41867396557373,2,5,1,3,5,1,0,Non-Dropout
2623,16,0,44.43947625540598,64.55198569291414,71.53032680166868,73.58341316805684,10,4,3,1,2,1,1,Dropout
2624,14,0,82.92243491940582,47.11938396583999,73.76666244237929,68.189908255395,2,4,0,4,1,1,0,Non-Dropout
2625,13,0,54.44453680706985,96.94497573382436,100.0,79.20681346953745,3,4,2,4,1,1,0,Non-Dropout
2626,19,1,74.61425912500096,100.0,64.8333605951826,47.32395294448161,5,2,0,4,2,1,0,Non-Dropout
2627,13,0,74.39020406593507,83.74641017677166,78.06635132553578,69.77480282504328,5,4,0,2,1,0,0,Non-Dropout
2628,13,0,89.97486050124049,69.29158327445062,100.0,43.42995242815974,5,2,0,3,4,1,0,Non-Dropout
2629,15,1,56.93405374249318,55.7986331036586,68.7926511239964,57.84731959074241,10,3,2,2,5,0,0,Non-Dropout
2630,17,0,53.89655919229948,80.23669224210238,52.08556555159561,70.11777827736952,5,3,1,1,4,1,0,Non-Dropout
2631,17,1,24.664362278623116,87.73465526799649,79.95946048468491,57.02354828512176,7,2,1,4,3,1,0,Non-Dropout
2632,14,1,63.173403099602425,75.1378630299128,52.87481713225617,89.49880731808406,5,1,2,5,4,0,0,Non-Dropout
2633,15,1,75.8799474797635,92.9087584598681,99.98350555725926,59.77946210415087,7,4,0,2,1,1,0,Non-Dropout
2634,13,0,77.9296075290421,100.0,82.86798122638737,77.01182685622585,5,2,1,2,2,0,0,Non-Dropout
2635,18,1,83.78599069443138,49.80623598686627,48.47346660562216,61.03207515295364,4,4,1,2,2,0,0,Non-Dropout
2636,17,1,69.3470861299759,80.88098603438148,38.8205509940322,66.97500524915476,3,2,0,2,2,1,0,Non-Dropout
2637,19,1,72.5717167735875,36.93336001153551,73.90871749751203,59.524529782497,6,0,1,2,1,0,1,Dropout
2638,19,1,66.02180661070422,58.71902390350331,76.38745859512615,67.65718223514224,3,2,1,4,4,0,0,Non-Dropout
2639,10,0,75.61182253329352,89.39727915900284,38.881254639298675,90.89971932062574,3,2,0,4,4,1,0,Non-Dropout
2640,11,1,50.98636464350015,74.06389849226062,89.64360119898912,88.14736615365617,7,5,1,4,2,1,0,Non-Dropout
2641,18,0,43.87302753627122,42.78203160866959,86.63126408256353,57.6924691201349,8,0,1,5,3,0,0,Non-Dropout
2642,17,1,52.568929858380756,95.99822328020797,78.53907034938219,61.56492003503732,5,2,0,3,2,1,0,Non-Dropout
2643,12,0,68.20435576379985,64.13532421236722,88.94519807273736,65.7625869945209,5,4,3,3,2,1,0,Non-Dropout
2644,17,1,45.49363001292129,92.01774457516281,45.25716055201454,74.63130573612617,4,2,1,2,2,1,0,Non-Dropout
2645,10,0,55.50133760593718,85.25363949469966,46.714117747246846,92.81728028053757,5,3,1,1,2,0,0,Non-Dropout
2646,19,1,55.980585754472514,58.337444378521525,63.50677206522292,84.2891407806182,4,3,0,2,1,0,0,Non-Dropout
2647,13,0,76.72731816448184,92.37812235661224,54.13893526420476,60.99863992417881,3,3,0,2,3,0,0,Non-Dropout
2648,12,0,74.90143190795568,81.37233280398918,82.55400630065814,71.04511703572716,4,5,1,2,2,0,0,Non-Dropout
2649,15,0,66.05729138388375,78.50095366537703,90.13791043780515,68.38584706477555,3,2,3,3,1,0,0,Non-Dropout
2650,16,1,71.76597322456335,65.63697551928563,52.41281960840785,55.91350163289029,7,2,2,3,3,1,0,Non-Dropout
2651,13,0,72.06185665950456,52.94551921041134,48.304899718051345,80.20316471229688,10,1,1,2,4,1,0,Non-Dropout
2652,16,0,59.545706643005424,66.62639872389938,91.36994787601901,27.289740861782505,5,3,1,2,1,1,0,Non-Dropout
2653,18,0,56.86251040418407,66.19103306697971,45.45026050392521,80.0919403873257,6,2,2,2,1,0,0,Non-Dropout
2654,11,0,88.05029623433556,92.03237937465418,62.86107796234317,71.17802896686595,4,4,1,3,2,1,0,Non-Dropout
2655,12,1,27.663082927965142,42.02030883901132,44.75298734053131,37.90311754750753,4,3,3,5,3,1,0,Non-Dropout
2656,14,0,53.88044946594121,100.0,55.20353487468706,49.373473145391955,7,4,0,2,3,0,0,Non-Dropout
2657,12,0,61.94326217885141,100.0,32.340489623479385,34.01175314163548,7,4,2,4,5,1,0,Non-Dropout
2658,17,0,73.3992714097902,62.179923949526085,100.0,90.45164294399848,6,2,0,3,2,1,0,Non-Dropout
2659,19,1,82.03259789154788,100.0,95.30772118476196,50.1253627970907,2,0,1,2,2,1,0,Non-Dropout
2660,17,0,92.8509740628222,54.888362258291295,49.82407855371969,78.65295184637611,4,2,1,3,4,0,0,Non-Dropout
2661,17,0,63.624339756948046,97.54251093680442,81.57649390323137,79.18824963432834,8,2,1,3,5,1,0,Non-Dropout
2662,18,0,64.6289656296525,58.606818914005494,34.10704914723496,63.18993733228124,9,2,2,4,4,1,0,Non-Dropout
2663,13,0,70.43915090922769,95.66873781774622,85.54395309195736,55.03142008170809,11,5,0,3,2,1,0,Non-Dropout
2664,14,1,57.03318592506617,46.25213539778479,47.899372545514524,72.69148116021584,4,7,3,3,3,1,0,Non-Dropout
2665,14,0,47.23644091916187,96.65704557031233,100.0,68.23138787875575,5,3,0,2,1,1,0,Non-Dropout
2666,17,0,63.55624300603972,100.0,82.77403643628318,79.04356552144826,6,5,2,1,3,1,0,Non-Dropout
2667,16,1,76.18058438002697,45.608539524641074,60.861260333329724,47.40040956216743,3,2,0,1,2,1,0,Non-Dropout
2668,18,1,61.35614830735279,100.0,59.795083161744486,80.33648453654467,2,3,0,2,2,1,0,Non-Dropout
2669,17,1,71.20153083077139,95.36993003449581,73.6121417810262,85.21520332519276,10,3,0,3,1,0,0,Non-Dropout
2670,11,0,36.967740306926956,35.04015843539631,46.901973070183786,61.14847935670138,7,3,2,1,2,0,1,Dropout
2671,19,1,65.27606935129188,65.2007946204026,98.12273607307094,50.66023920836921,5,5,0,3,3,0,0,Non-Dropout
2672,13,0,58.94830113928512,95.75203611361503,77.64956380394659,57.75071884350035,5,1,1,2,4,0,0,Non-Dropout
2673,15,1,45.87314366763222,89.46223223697089,94.1090682590445,55.39804729394907,3,2,0,2,2,1,0,Non-Dropout
2674,11,0,74.85818755377271,77.23575139754556,8.759503143610118,62.28746261342329,2,1,2,2,1,0,0,Non-Dropout
2675,16,1,92.68468353911473,93.55929299798551,70.40197297115711,53.92802465290157,3,5,2,3,4,0,0,Non-Dropout
2676,12,0,79.84938388521329,57.51941635633439,76.20161518421976,71.84761766473036,6,2,1,5,4,1,0,Non-Dropout
2677,12,1,80.8062350821766,75.9472588042807,69.91351048599321,74.55037064764363,3,0,1,2,1,1,0,Non-Dropout
2678,11,0,75.68715551925206,58.088376035946276,70.56255443899954,59.614984215331226,7,3,1,1,1,0,0,Non-Dropout
2679,17,0,74.6967717446933,77.69618520244443,61.971688125263725,35.68284942696896,1,5,2,1,1,1,0,Non-Dropout
2680,15,0,38.00852096636726,95.02061916051147,100.0,71.64539109664989,8,4,3,4,2,0,0,Non-Dropout
2681,10,0,63.08073574892016,90.63120959263217,76.08144730947213,42.87310224072296,8,2,2,3,2,1,0,Non-Dropout
2682,10,0,72.630046499688,79.45779475102471,73.06184000860551,68.74382947580209,4,0,0,4,3,1,0,Non-Dropout
2683,16,0,72.97107171801301,94.79387501191624,93.41429315014011,66.07802089537323,3,3,0,2,3,1,0,Non-Dropout
2684,17,0,84.07559283904557,96.76356027513427,56.02370718919937,60.065448228219395,4,1,1,3,3,1,0,Non-Dropout
2685,14,0,49.514035255502314,100.0,37.805428807684386,74.67248846376253,4,1,3,2,2,1,0,Non-Dropout
2686,14,1,74.10907423111549,98.34936409095175,92.67948267093894,70.45347566179368,3,4,0,2,2,0,0,Non-Dropout
2687,13,0,49.0243849401108,88.12846036155557,61.66229964115609,70.81522971902982,6,3,3,3,3,1,0,Non-Dropout
2688,15,0,61.824506152414095,93.68182709287598,100.0,77.31531687434912,5,1,0,2,3,1,0,Non-Dropout
2689,15,1,64.07055489147086,79.87118828552771,100.0,58.80767988798921,12,3,0,3,1,1,0,Non-Dropout
2690,12,0,77.93856371073427,69.40101134013315,11.933845277675687,58.59825929535073,5,3,1,3,2,0,0,Non-Dropout
2691,18,1,76.17430082600517,92.35217654207054,71.80834840095937,81.15834862434521,5,4,0,2,5,1,0,Non-Dropout
2692,16,0,66.80495881567458,90.1424867145011,96.91516202451139,74.62845214641442,3,4,0,2,3,1,0,Non-Dropout
2693,10,1,32.71943718168936,80.83910545345721,26.118530008400924,57.95457643520721,9,3,2,2,2,0,1,Dropout
2694,16,1,71.67250599488081,71.1081161168073,79.15148981176023,34.94392430327244,5,5,3,2,4,0,0,Non-Dropout
2695,14,0,60.98485284441819,69.9989228790585,86.44743484164792,70.88062521023747,8,4,1,2,3,1,0,Non-Dropout
2696,14,1,85.8770883742865,66.82578944520402,68.63083258377792,72.28861745368138,6,3,0,1,2,1,0,Non-Dropout
2697,11,0,82.30240316510553,100.0,68.8114140432911,46.81412005003485,3,6,2,2,3,1,0,Non-Dropout
2698,13,0,50.92965639641513,98.56853916975314,99.95785270440788,52.27193989124395,3,3,1,3,2,1,0,Non-Dropout
2699,15,0,73.73261358485878,97.71003793717404,32.63680432845929,58.882573654846,4,6,0,2,4,0,0,Non-Dropout
2700,19,0,74.02865909240606,53.96282815510252,90.77774899955278,71.7848812193655,9,0,3,1,3,1,0,Non-Dropout
2701,16,1,72.93775369425389,67.81418320869965,81.48190403262014,100.0,8,0,1,5,2,0,0,Non-Dropout
2702,14,0,70.99371612118398,69.85217450404494,100.0,81.76568994820306,7,2,1,1,2,1,0,Non-Dropout
2703,18,1,74.45231879702375,62.87711059679509,46.296475154674965,42.373373034823146,5,4,1,3,1,1,0,Non-Dropout
2704,12,1,87.52228723360994,100.0,100.0,58.456806802769854,8,1,0,2,4,1,0,Non-Dropout
2705,10,0,56.729295001601955,83.00928911098687,35.28928117357695,63.5820057188429,6,1,0,3,1,1,0,Non-Dropout
2706,13,0,51.4128556511432,81.57218383807418,61.73999725548167,72.5368240327213,4,5,3,2,3,1,0,Non-Dropout
2707,18,0,76.74072703258256,65.68159329176854,40.92038728930559,52.81282201174422,3,4,1,1,4,0,0,Non-Dropout
2708,13,0,36.749568580532625,92.24183974296281,88.11837048417709,73.76795878471131,4,3,1,3,5,1,0,Non-Dropout
2709,11,1,74.81035790844305,100.0,50.95167167120852,57.30433852232313,3,0,1,5,2,0,0,Non-Dropout
2710,19,0,72.15408452813071,76.61902044792781,98.36806275675121,73.74401258894879,3,2,3,4,1,1,0,Non-Dropout
2711,14,1,29.81746214581664,70.32970396910268,27.797219453915304,66.13690547374719,3,2,4,2,5,1,0,Non-Dropout
2712,12,0,55.45495010584452,73.18829714423043,58.868424422862205,95.68149857529784,5,1,1,2,1,1,0,Non-Dropout
2713,18,0,88.63961788411976,68.55896139410578,100.0,79.68232560166497,5,1,0,3,1,1,0,Non-Dropout
2714,13,0,43.1423520392609,74.94267871119906,50.982208649178524,84.70831723871738,4,8,1,1,5,1,0,Non-Dropout
2715,15,0,68.18887422424143,62.77051976701666,96.48350755515531,49.13509871059368,5,1,0,3,5,0,0,Non-Dropout
2716,11,1,49.92642050009323,57.269023398207956,87.40773371716725,57.018565109488186,3,2,2,4,2,0,0,Non-Dropout
2717,15,1,54.36580543907351,74.57521884845988,37.313611668514774,69.9076247661098,4,4,0,2,3,0,0,Non-Dropout
2718,12,0,93.74478230641007,76.6219720782382,75.28416070215457,46.49907453313007,1,2,1,5,2,1,0,Non-Dropout
2719,18,1,66.85166518679209,69.53770873923996,100.0,80.68075478031207,10,2,2,3,5,1,0,Non-Dropout
2720,11,1,72.75426032844385,100.0,59.75015104960117,66.95715023912636,9,6,0,2,4,1,0,Non-Dropout
2721,18,0,63.31303135360229,83.30981300628092,52.75161591350209,81.49893271614783,3,3,0,1,3,0,0,Non-Dropout
2722,14,0,42.273000288535655,89.84916295638378,78.21151600542234,72.23483374465754,12,2,0,2,2,1,0,Non-Dropout
2723,17,1,47.226151896535086,90.38044691567474,64.63073067656445,65.67294556628543,10,3,0,2,3,0,0,Non-Dropout
2724,11,1,82.67645488463349,77.0929189216175,32.60086886800754,63.15980603934449,5,7,0,2,3,1,0,Non-Dropout
2725,15,1,67.29338222518602,79.37302930004661,64.45484273151379,53.46718781971498,8,5,1,2,1,0,0,Non-Dropout
2726,12,1,53.44567466065273,57.796646163167495,57.86721948869703,52.57454549553003,6,2,1,2,2,1,0,Non-Dropout
2727,19,0,64.6692229811471,88.11965692758574,66.64891970184027,78.32998971573419,5,3,0,3,2,0,0,Non-Dropout
2728,14,0,74.92396944925923,68.3337061056948,9.916361352367389,75.02028836865391,6,3,1,4,3,1,0,Non-Dropout
2729,17,1,71.81733271374969,62.20497236372486,79.10814387249685,83.51105483722807,5,1,2,1,1,1,0,Non-Dropout
2730,19,0,53.45316199676232,100.0,29.151489170524627,56.814886556552416,5,3,1,3,2,1,0,Non-Dropout
2731,10,1,41.3704508159427,48.35517892427842,88.66733310221724,81.83883170356278,5,4,2,5,3,1,0,Non-Dropout
2732,14,1,58.894301851676815,100.0,96.80271185242887,62.351359528406434,3,2,1,1,5,1,0,Non-Dropout
2733,12,0,81.6357295390506,100.0,20.35978852968291,73.699014974781,7,5,0,3,2,0,0,Non-Dropout
2734,13,1,77.81565447660816,70.55517858975306,100.0,84.37300120696894,3,7,0,3,2,0,0,Non-Dropout
2735,11,1,71.15604897387743,100.0,67.0782270459717,96.0655800136249,3,4,2,2,4,1,0,Non-Dropout
2736,18,0,62.43679382800833,57.23314732428485,96.92402798050153,81.08630985488587,6,2,1,4,2,0,0,Non-Dropout
2737,12,0,57.24879856909074,94.88177889020592,93.27871328431159,68.04224320518901,9,5,2,1,3,0,0,Non-Dropout
2738,11,1,62.715073933184605,75.33599271619876,33.86799991475517,73.41435959726523,8,3,0,5,2,0,0,Non-Dropout
2739,19,1,76.72657496453182,38.872122521036665,48.67285506594125,83.73510911186571,5,8,0,3,5,1,0,Non-Dropout
2740,18,0,80.15285918353642,62.379780878305766,100.0,75.64852109856992,11,4,2,2,3,1,0,Non-Dropout
2741,16,1,61.07319852616598,71.50994619948916,38.9856977212595,59.01124421230077,6,3,2,3,4,0,0,Non-Dropout
2742,15,1,100.0,90.58012623398375,79.02311240973324,74.22182673222562,6,3,2,5,3,0,0,Non-Dropout
2743,10,0,66.38605663665584,65.45835178832964,51.102694061173764,84.55463342715922,3,3,1,4,3,1,0,Non-Dropout
2744,14,0,59.795668250976476,69.53709561179262,47.400395752407974,92.18644996993248,1,3,1,3,2,1,0,Non-Dropout
2745,12,0,87.13504157914326,85.81967644403936,69.53301914199959,65.93204707142074,4,2,0,1,3,0,0,Non-Dropout
2746,10,0,34.425552053565866,84.76192003407675,100.0,48.24861404592383,3,2,0,2,4,1,0,Non-Dropout
2747,13,0,72.20050541848033,73.16548828672451,89.20226081180573,38.30486837813674,4,7,0,4,2,0,0,Non-Dropout
2748,11,0,63.90802411050055,68.94309145679577,43.657679401559506,76.93456445668936,2,3,1,4,3,0,0,Non-Dropout
2749,11,1,86.72276479807037,93.7861292725604,74.88625033596117,41.99852129168861,3,2,1,2,2,1,0,Non-Dropout
2750,12,1,74.07385037975288,68.83066699338764,23.514716806404167,69.80060553466184,4,6,3,2,1,1,1,Dropout
2751,17,0,67.08653254762487,51.21227953069253,13.63208036912225,81.16516189871778,5,4,1,3,3,1,0,Non-Dropout
2752,17,0,74.93950696319823,67.11199101202652,74.22817057713353,62.55231885013935,7,5,2,2,1,1,0,Non-Dropout
2753,16,1,49.16626531818872,85.93633341679407,87.87366716955859,42.56084843287469,2,3,1,1,3,1,0,Non-Dropout
2754,15,1,79.50229751718288,72.01418776513552,100.0,46.10087961120702,9,4,3,3,4,1,0,Non-Dropout
2755,18,1,44.831213644797934,64.944721552716,79.32296390352107,51.20275387963054,4,2,1,3,1,1,0,Non-Dropout
2756,13,0,70.37746071221547,49.90393797824787,70.15981757716652,63.13915192495501,6,2,0,1,3,1,0,Non-Dropout
2757,10,0,65.53421511629037,72.12126677701792,61.52760812718952,83.06221072089375,3,3,0,4,1,0,0,Non-Dropout
2758,17,1,38.55418135442862,79.55825699706186,83.19500291127169,65.17635155837154,7,3,2,4,2,1,0,Non-Dropout
2759,16,0,66.03413087144074,54.852311752558606,39.60156873726983,97.29946773893532,5,3,0,2,1,1,0,Non-Dropout
2760,16,0,69.22980127559447,71.21425732704454,53.04305021947235,80.6131887552429,8,2,1,1,1,1,0,Non-Dropout
2761,12,0,55.17686039063314,53.12208716374229,40.45529337936867,69.43220929990261,10,3,1,1,4,0,1,Dropout
2762,13,1,49.81367001736088,72.42443397559816,56.8955043758948,63.926639053436034,5,2,2,2,2,1,0,Non-Dropout
2763,19,1,72.38266105142596,100.0,51.88088298200579,57.53499213844328,5,3,0,2,1,0,0,Non-Dropout
2764,18,0,70.43472501741215,78.43426549013545,50.18769194186333,67.23938556941127,5,4,0,3,3,0,0,Non-Dropout
2765,15,0,68.40228633881065,43.36853269507916,54.00309785001177,73.13536747088742,3,2,0,3,5,1,0,Non-Dropout
2766,14,0,65.13262658532325,81.6226055628935,75.27018471741562,69.81819345512046,6,3,3,3,3,1,0,Non-Dropout
2767,12,0,56.50155474536605,100.0,100.0,57.5208680681403,6,1,2,2,4,1,0,Non-Dropout
2768,18,0,99.08272178997153,47.31886977520329,77.20670884355732,49.52116527085757,4,3,0,3,4,0,0,Non-Dropout
2769,14,1,60.52503739627868,54.09013565365156,55.66832212909624,92.93848622396742,1,3,0,4,4,0,0,Non-Dropout
2770,14,0,52.02329954796825,80.1669695520793,80.95018062589122,74.51371937833363,4,1,1,3,2,1,0,Non-Dropout
2771,13,0,65.816409128152,73.25769094695332,72.75586925965233,70.3325402918148,4,3,2,3,2,1,0,Non-Dropout
2772,13,0,62.285884305333234,99.22338740733416,74.23171840824018,72.59581519080582,5,4,0,5,1,1,0,Non-Dropout
2773,10,1,60.177307873752646,71.38725894449647,69.42142772587621,81.5204353854109,7,1,2,4,5,1,0,Non-Dropout
2774,16,1,93.11414135908979,91.50894997978473,100.0,57.98200196252006,6,2,2,2,3,0,0,Non-Dropout
2775,18,0,48.05378272993089,100.0,72.46991968699167,63.05524197426245,4,2,1,4,1,1,0,Non-Dropout
2776,12,1,65.56155603190558,57.648212984493,55.96616230218325,53.712483140963236,5,2,0,5,4,1,0,Non-Dropout
2777,11,1,49.059904626072324,89.95344550555703,50.56995239879396,64.89216022466513,5,2,1,4,1,0,0,Non-Dropout
2778,12,1,56.884628429059575,66.98277134857824,92.53551951336992,54.860857968958555,2,1,1,1,3,0,0,Non-Dropout
2779,10,1,91.04173924842547,30.695284991490084,40.338327343050956,49.90439563514872,4,1,1,3,2,1,1,Dropout
2780,15,1,69.22167583582839,84.52751675634434,100.0,40.7047277237328,3,4,2,3,2,0,0,Non-Dropout
2781,16,1,69.04055892782577,86.98882070805507,22.08334575345436,89.87054951267875,4,3,0,1,4,1,0,Non-Dropout
2782,11,0,50.90778157808219,44.01514603142193,100.0,59.98185051147022,4,2,0,3,5,0,0,Non-Dropout
2783,17,1,58.63067661924827,65.92141569057942,89.93076588358838,72.30132933015129,7,0,0,5,3,0,0,Non-Dropout
2784,15,1,92.34682282337755,62.53989686003152,59.01088731108656,66.44537646945986,3,7,0,2,4,1,0,Non-Dropout
2785,13,0,72.49043369655367,91.19975492194703,51.24497750762579,72.45839217296708,3,2,1,4,5,1,0,Non-Dropout
2786,14,0,59.90427722535643,44.01617132806462,100.0,34.94736109168303,4,2,0,3,2,1,0,Non-Dropout
2787,17,0,71.60910885454909,77.13517608550674,100.0,57.95170534427153,7,3,1,3,3,0,0,Non-Dropout
2788,12,0,69.01495794816813,28.20613233845475,54.65999370393611,82.39311866307366,7,2,2,2,3,1,1,Dropout
2789,12,1,52.40840519222185,82.59019565550761,84.51092977584487,94.14601735081392,2,4,2,4,2,1,0,Non-Dropout
2790,13,1,59.467876272168894,77.50257928400968,94.48742224466952,59.53227437828902,3,3,5,3,1,1,0,Non-Dropout
2791,10,1,98.81804153161798,64.78078784013731,85.07340383912842,61.2611214541735,4,5,1,3,4,1,0,Non-Dropout
2792,18,1,70.88003875169962,100.0,71.3578289683482,80.99623269345717,4,3,0,2,1,1,0,Non-Dropout
2793,17,0,41.46436983035686,22.53700188851714,60.254253816725836,71.6109216491615,5,0,0,2,3,1,0,Non-Dropout
2794,17,1,72.65315222369617,74.6369014681651,76.950253807021,65.44456358826974,2,3,1,2,1,1,0,Non-Dropout
2795,19,1,84.5463240954192,98.95197117232368,17.857185782572586,64.03172759983342,7,2,0,4,3,1,0,Non-Dropout
2796,15,0,51.43432729770909,77.57617158254817,100.0,56.44285298476232,4,4,1,1,1,0,0,Non-Dropout
2797,16,1,58.147365549747796,100.0,27.331079531738048,55.918230709335596,9,3,2,1,3,0,0,Non-Dropout
2798,15,1,86.80656432437777,65.98853076829374,49.03779631057047,66.98060520027495,5,3,1,4,3,1,0,Non-Dropout
2799,18,1,65.52368703239345,71.65678985900134,61.566958919538926,69.74989717925762,8,5,2,1,3,1,0,Non-Dropout
2800,12,1,62.85682665813065,99.66513863439974,45.033035649162734,70.53058456406634,7,6,0,1,3,0,0,Non-Dropout
2801,12,0,44.95912955182281,92.89107481050058,41.79377471970544,54.7179863909499,4,3,1,1,3,1,0,Non-Dropout
2802,12,0,81.05849462721301,100.0,100.0,84.98895978316862,7,2,1,5,2,1,0,Non-Dropout
2803,19,0,62.17296444874059,77.05633574508391,100.0,40.68078879415124,6,2,2,1,2,1,0,Non-Dropout
2804,12,0,32.43525597264846,79.00492851878414,100.0,72.94424277160056,10,2,1,1,2,1,0,Non-Dropout
2805,18,0,41.41043727850619,65.77199849952612,90.88794146225524,56.90099974036192,8,0,2,3,3,1,0,Non-Dropout
2806,13,1,56.57629077225953,70.91892425753645,100.0,52.01163339057658,3,1,0,3,2,1,0,Non-Dropout
2807,16,1,48.90736560256047,96.56131126785212,63.342451517750206,60.12758509794539,3,3,0,1,2,1,0,Non-Dropout
2808,18,0,51.26057369450032,74.99469256845389,60.943089772807106,41.12585061601675,6,4,1,2,2,0,0,Non-Dropout
2809,16,0,100.0,58.85417012772024,70.28163533988408,70.31411776694382,2,3,0,2,3,1,0,Non-Dropout
2810,18,0,75.61284520499156,67.4789636920445,100.0,89.21726456727136,5,0,0,3,5,1,0,Non-Dropout
2811,12,1,26.339824655084854,73.19342829502348,84.65064466766678,55.33583137117528,6,2,0,2,3,0,0,Non-Dropout
2812,13,0,60.28517133169247,60.149774627437814,100.0,100.0,3,5,0,3,2,1,0,Non-Dropout
2813,17,1,63.657598889691975,65.84081713687537,71.63298873396171,52.08708116730873,6,1,1,4,5,0,0,Non-Dropout
2814,15,1,42.84599099095048,55.00411409937897,32.53579673860152,58.65145496111966,3,3,1,2,3,1,0,Non-Dropout
2815,14,1,73.01579458303914,66.54790396818909,53.168845562133654,85.39716673304011,8,1,0,3,2,1,0,Non-Dropout
2816,13,1,34.37916012290122,98.32418301949696,95.61828529495637,47.04311484453048,5,5,3,3,3,0,0,Non-Dropout
2817,17,0,81.45420436655556,75.96778790464582,57.634487694256684,61.60070740004267,5,5,0,3,3,0,0,Non-Dropout
2818,10,1,86.62294972584326,100.0,72.38403847248449,90.78577789280723,6,4,0,1,4,1,0,Non-Dropout
2819,18,1,100.0,59.72269214018345,76.16909184639793,47.31615929277488,6,3,1,5,1,1,0,Non-Dropout
2820,10,0,41.385061186506306,84.70988990677661,100.0,73.8582819399713,4,1,2,1,4,1,0,Non-Dropout
2821,17,1,44.43653962249796,79.44411647162768,91.98629889317635,72.65879185254902,3,5,1,3,4,0,0,Non-Dropout
2822,13,1,75.39008051379096,88.00879024468047,87.08250191387324,36.15895151703597,7,2,1,1,1,1,0,Non-Dropout
2823,18,1,82.74020082598966,62.87861616018558,73.94938546413731,55.76649606133991,5,4,2,3,4,0,0,Non-Dropout
2824,14,0,77.13428992037858,67.6306965813161,49.22660779184841,100.0,1,7,1,1,3,1,0,Non-Dropout
2825,12,1,81.19575510791391,83.14511563094975,76.06485787854798,68.35693055824684,8,2,1,1,3,1,0,Non-Dropout
2826,18,1,85.65241042947551,64.90661487191211,100.0,70.75752226751123,8,1,1,2,4,0,0,Non-Dropout
2827,18,0,68.03375593293849,39.53061200647037,82.83081189125267,68.56903972583049,6,3,3,2,2,1,1,Dropout
2828,13,0,61.811751298691114,100.0,56.21453751755707,95.64201527609755,1,3,0,1,1,1,0,Non-Dropout
2829,13,1,44.477341881118946,92.76190128646569,59.53488675001705,50.3933505657222,6,0,3,3,1,1,0,Non-Dropout
2830,17,1,60.52841892176302,66.65725398060457,100.0,54.823106719541734,3,2,0,4,2,0,0,Non-Dropout
2831,11,0,62.826673965036555,79.36634386140649,56.68761856117516,63.33866901421663,3,7,0,5,3,1,0,Non-Dropout
2832,18,1,50.75473140013617,95.13661085826139,64.97995887362629,73.33600977007276,5,2,0,2,1,1,0,Non-Dropout
2833,15,0,64.42663698264404,100.0,41.45091013784135,67.30562623082898,2,1,1,4,2,1,0,Non-Dropout
2834,18,1,49.064315493807754,77.08518618030776,63.05148977115422,67.72985488427362,2,1,1,5,2,0,0,Non-Dropout
2835,17,0,81.69998504520754,63.29281211045195,81.82511376221998,56.71720165620694,3,3,0,2,4,0,0,Non-Dropout
2836,16,1,71.3873670376874,100.0,62.58709362230786,74.10666572755078,3,1,0,5,3,1,0,Non-Dropout
2837,10,0,58.10594466742529,76.89438508227275,70.61588880524873,36.615849750558624,7,4,2,2,1,1,0,Non-Dropout
2838,12,0,67.83260911739127,72.05603986984825,41.17664748968791,56.786641402003944,10,6,0,2,2,1,0,Non-Dropout
2839,11,0,48.423653564627756,80.2642646072386,56.07381118769912,52.682275260967494,7,4,0,2,1,0,0,Non-Dropout
2840,14,0,49.94460855321105,98.09453439470406,100.0,48.481459309653864,5,8,1,3,2,0,0,Non-Dropout
2841,14,0,55.49218042584166,74.2240257111677,66.65082260585123,38.28999377413081,3,6,0,2,5,1,0,Non-Dropout
2842,14,1,62.12107894386349,94.71998533872548,79.0731364680729,68.48774206293987,5,2,1,2,3,1,0,Non-Dropout
2843,13,1,67.11802718733536,70.82915690998715,49.94791752197575,71.44391239976494,7,3,1,3,2,0,0,Non-Dropout
2844,14,0,67.17734550344008,87.18110692488305,71.29308461916777,71.55087023273538,4,6,0,3,5,0,0,Non-Dropout
2845,12,1,45.2183350025405,56.03823227244406,63.234073293411384,79.11952451384693,6,4,1,1,5,1,0,Non-Dropout
2846,10,1,63.78906675661763,96.39218824913108,97.50714572706289,81.73222167531542,10,5,2,5,2,0,0,Non-Dropout
2847,14,1,52.72917019127668,61.47916791793825,96.31991165551995,34.41059672165579,5,3,1,2,1,1,0,Non-Dropout
2848,18,1,13.865498938240492,84.18574195374723,98.96084551428663,74.46396919118294,3,3,3,4,1,1,0,Non-Dropout
2849,18,1,100.0,45.26863547480137,72.00737628421719,67.73739145896259,3,3,1,3,4,1,0,Non-Dropout
2850,13,1,53.02023911070633,75.49628662633017,100.0,67.57037277231866,1,3,1,3,3,1,0,Non-Dropout
2851,12,0,53.85271768782792,78.76246383722956,90.0946350249223,63.1420509794855,6,3,0,4,4,0,0,Non-Dropout
2852,10,1,44.80345816459112,61.373483581152755,34.26160533872796,56.74409545780209,3,4,1,4,1,0,0,Non-Dropout
2853,11,1,49.13760567954239,72.80450721799647,100.0,72.91822810236864,6,1,0,3,5,0,0,Non-Dropout
2854,17,1,62.16991527628825,80.24201673035563,69.85619182845326,50.294203107006524,11,2,1,2,1,1,0,Non-Dropout
2855,10,0,85.27719986180043,86.26537305089855,98.46160644331013,81.5428352183804,3,3,0,3,1,1,0,Non-Dropout
2856,17,1,62.0847699267848,77.00286217130173,43.67979716870501,57.53506410804984,4,4,1,1,2,0,0,Non-Dropout
2857,16,1,60.14656536147988,100.0,68.2195948794296,34.38058078333934,7,3,0,2,3,0,0,Non-Dropout
2858,17,1,83.00410965532082,98.16524591160068,88.7488866538587,66.68912591355914,2,7,1,3,2,0,0,Non-Dropout
2859,15,0,57.134052041973746,74.38757737206355,76.09924617841685,47.338901289344996,6,4,1,4,2,1,0,Non-Dropout
2860,18,1,65.31724093363499,48.39338294106593,66.26474237672039,47.026995033478954,6,1,1,3,3,1,0,Non-Dropout
2861,12,0,51.17644902180528,65.25847570282292,8.541100269099005,75.25695631529422,3,2,0,1,2,1,0,Non-Dropout
2862,19,1,90.27700251428854,30.41748207884627,51.503760510794905,79.0204913227337,8,2,2,3,4,0,1,Dropout
2863,13,0,80.72765360053769,71.33740277441319,45.569913993704425,63.364695625144016,2,1,2,1,2,1,0,Non-Dropout
2864,15,0,62.7051894569995,100.0,23.46521692018065,34.80773625641552,8,4,0,3,5,0,0,Non-Dropout
2865,17,0,59.00835077193911,90.82017419546438,52.264502763241836,72.9712877634776,2,3,1,3,5,1,0,Non-Dropout
2866,14,1,64.52240815044892,76.67021099801944,100.0,60.20678043877491,2,5,2,3,2,1,0,Non-Dropout
2867,12,0,62.92426132083799,60.45071388652146,98.94046702624532,85.67393307637813,5,3,1,3,3,1,0,Non-Dropout
2868,15,0,41.797705020159896,77.44608580177047,49.12045846660522,94.50698270212321,7,3,0,3,5,1,0,Non-Dropout
2869,13,0,81.24001177138061,100.0,55.29197412599756,42.43594013076318,4,0,0,2,3,1,0,Non-Dropout
2870,18,0,61.592933296334216,100.0,55.34317936042994,100.0,7,2,0,2,4,0,0,Non-Dropout
2871,12,1,93.47510564069218,71.99409478797733,88.90130051879757,41.626189441563824,7,5,1,2,2,1,0,Non-Dropout
2872,13,1,71.32723566143873,45.361059738546444,80.1249549795709,56.92453864336979,4,2,0,2,2,1,0,Non-Dropout
2873,16,1,27.183700248054606,100.0,52.19703661418717,80.39440592196549,8,5,1,2,2,1,0,Non-Dropout
2874,16,1,45.77564825226424,60.423200824917814,55.08388967762522,54.17524858993479,7,4,2,5,2,0,0,Non-Dropout
2875,13,0,32.80917339922608,85.60150675198769,97.03216981651133,52.80000170246786,7,2,2,2,1,1,0,Non-Dropout
2876,15,1,45.589279185216526,43.82566268614392,100.0,39.40328665375833,8,5,1,2,5,1,0,Non-Dropout
2877,12,0,40.49597488715929,68.53830539611685,47.584668275094984,44.96519265521538,8,1,1,3,4,1,0,Non-Dropout
2878,15,1,68.7885123557276,43.74433206694552,67.07438505858599,52.78490118482219,5,2,0,4,4,0,0,Non-Dropout
2879,11,1,60.25871987590587,51.762291280087226,73.21034456700421,76.61601410228072,6,2,1,1,3,1,0,Non-Dropout
2880,17,1,76.10809877043334,56.505690009857034,65.27474951274031,90.17772343515351,5,4,2,3,1,1,0,Non-Dropout
2881,11,0,64.42850625989058,84.5400905403009,98.25658379694363,53.62122930241498,2,7,0,1,2,1,0,Non-Dropout
2882,16,1,61.39536397782747,73.07819648005194,66.19283445530553,58.98841305572003,3,3,1,3,1,1,0,Non-Dropout
2883,18,1,95.04810423904016,100.0,100.0,50.091933961848525,4,0,1,1,4,0,0,Non-Dropout
2884,10,1,68.34233950787754,97.67594650524153,100.0,42.076651334218404,1,4,0,4,4,1,0,Non-Dropout
2885,17,0,63.792327237461386,98.10982089754873,52.84067101986032,42.11709708224859,8,1,1,5,3,0,0,Non-Dropout
2886,16,1,52.19838619897935,85.0733507756439,71.67081103841016,45.867403991197634,5,4,2,2,4,1,0,Non-Dropout
2887,15,1,47.36129726495559,80.52103964393768,45.585832430578485,64.24870493850217,3,1,0,1,5,1,0,Non-Dropout
2888,15,0,76.55751527588151,98.78114644125382,60.21252390538727,55.57348209260557,1,1,2,1,1,0,0,Non-Dropout
2889,15,0,75.66043996752289,27.375574701277813,91.76711973731003,59.34130640785969,2,4,1,5,2,1,0,Non-Dropout
2890,18,1,88.573681084235,62.5557803342387,76.14354170004604,70.95212130963856,5,4,1,2,1,1,0,Non-Dropout
2891,11,1,72.18367389954223,47.79011395302952,100.0,63.612294538465406,2,4,0,3,2,0,0,Non-Dropout
2892,10,1,59.103457438406814,37.31421627402981,39.45133182175047,47.53137927347137,5,4,2,1,2,0,1,Dropout
2893,15,0,72.66515418155475,59.626105290633795,69.17585884452302,79.35915712074046,5,1,4,5,3,0,0,Non-Dropout
2894,19,0,63.79549096694089,52.044247844611235,57.35579033704763,34.67995670649593,7,2,3,1,3,0,1,Dropout
2895,17,0,77.98077701110655,98.8839217948724,62.097095838069315,53.390959588856006,3,4,1,3,5,0,0,Non-Dropout
2896,12,1,85.01497740278066,76.8326405737385,71.0476208678965,90.83258060098822,2,5,1,3,2,0,0,Non-Dropout
2897,19,0,62.47165480424319,34.80071780348152,53.07658262901269,70.10751116025618,6,2,0,1,1,0,1,Dropout
2898,10,1,91.35964459722109,81.28083058616946,93.94768613886748,38.0265442441727,3,3,0,5,3,1,0,Non-Dropout
2899,18,0,82.8252090143228,54.75613162069651,100.0,41.25026042704829,7,3,0,3,3,0,0,Non-Dropout
2900,10,0,65.26526509146606,76.24590462485452,11.612370084137638,59.90106557272064,6,3,0,1,1,1,0,Non-Dropout
2901,12,0,75.06114912586908,82.87443366997655,100.0,57.70073057630901,4,3,0,4,4,1,0,Non-Dropout
2902,17,1,69.58245330470275,59.990352224405385,100.0,75.63606796775528,4,3,0,2,2,0,0,Non-Dropout
2903,12,1,65.3299098920644,79.3471967427683,74.74297990515724,81.96123463315637,2,1,2,3,2,0,0,Non-Dropout
2904,13,1,93.69717584709515,83.04146853494696,54.734375961572724,57.26577032606793,6,0,2,2,3,1,0,Non-Dropout
2905,17,1,72.76406691486036,71.71458008486134,55.69552872478265,63.41983181165695,7,6,0,5,3,0,0,Non-Dropout
2906,10,0,52.3854745905341,60.60750810937225,62.30517886629869,49.51150166540061,6,4,3,1,3,0,1,Dropout
2907,15,1,49.58045484607087,75.06284835999594,80.76021146077996,62.632499178191466,6,2,3,1,1,1,0,Non-Dropout
2908,10,0,50.19354619321659,72.21027864609792,59.3144430493258,49.624503887768626,10,0,3,4,2,1,0,Non-Dropout
2909,10,1,72.3425675137726,81.33041556066524,68.00352710647621,65.3656864612547,4,0,3,3,4,1,0,Non-Dropout
2910,17,1,59.87729491521414,69.72453950198064,46.10245641456437,55.602816674490015,4,1,0,2,5,0,0,Non-Dropout
2911,13,0,69.99940574919167,51.15960433646056,58.58016138208234,74.384560379929,5,3,1,1,2,1,0,Non-Dropout
2912,10,0,79.04594427442059,71.61981939877778,59.69459145520982,80.74111205923091,6,2,2,1,5,1,0,Non-Dropout
2913,19,1,95.43070295648432,81.53355326746833,69.10780094526133,84.40908804662672,4,4,1,2,5,0,0,Non-Dropout
2914,16,1,60.222901494674645,78.70271041628507,33.6190511527712,65.54131527960052,6,1,1,4,4,0,0,Non-Dropout
2915,14,0,43.87174089000155,72.78147489704166,61.75360494066706,74.10695007315773,7,5,0,1,4,1,0,Non-Dropout
2916,14,0,91.8860309799609,65.26774020592974,64.638043771402,57.50589733352777,4,3,1,5,3,0,0,Non-Dropout
2917,10,0,43.143487665213925,64.2331494564529,74.61941530465673,52.38737010901485,4,1,0,4,2,0,0,Non-Dropout
2918,19,0,42.55356938816312,66.30915189164823,100.0,44.48825820873507,5,0,1,1,2,1,0,Non-Dropout
2919,15,0,91.49675389950347,96.52320391824621,67.4662969265758,70.37871746877337,3,1,2,3,1,1,0,Non-Dropout
2920,18,1,80.99347291606219,56.04298750674817,39.56855620278503,34.24183100203001,0,4,0,2,4,1,0,Non-Dropout
2921,18,1,72.27260511839273,76.81979193408282,73.3018283130045,78.09429819413879,5,2,0,2,1,1,0,Non-Dropout
2922,17,1,64.25118503819789,49.84004245696817,52.28030168458825,59.61795731354047,5,2,1,2,2,1,0,Non-Dropout
2923,14,1,61.41193973907119,90.29464572338266,51.633121863734715,60.609795743009855,1,7,2,4,3,1,0,Non-Dropout
2924,10,0,55.23760962508492,64.27734573975806,62.60198491796466,75.10990336490497,2,2,1,3,5,1,0,Non-Dropout
2925,18,0,60.754352385868756,58.487740850365114,57.0135864102044,37.49313887688701,7,2,3,2,2,1,1,Dropout
2926,10,0,64.28876928453917,79.30897077816556,43.373922055406766,61.6699421151296,4,2,3,3,2,1,0,Non-Dropout
2927,17,1,44.38325162090867,25.785036041267787,57.869983947946515,88.67647309762108,6,1,0,2,1,1,0,Non-Dropout
2928,14,0,52.69657226041316,49.0104590862892,81.39246661499416,60.741791983620395,9,1,1,2,2,1,0,Non-Dropout
2929,12,0,33.32122626703706,82.21818174520527,71.01338695412679,45.15306329768843,4,4,1,3,4,0,0,Non-Dropout
2930,16,1,66.1689117815047,95.29212192350055,45.18282042737464,59.80174667269086,3,3,1,3,1,1,0,Non-Dropout
2931,16,1,66.1715180162649,84.01874631400715,48.48920851657418,84.63364709670482,5,3,1,1,1,1,0,Non-Dropout
2932,18,1,91.6777315439777,77.78865927259132,73.08137010228089,53.52333837851157,6,3,2,1,1,1,0,Non-Dropout
2933,16,0,70.63332383048838,100.0,45.320601128500584,41.901301140771885,3,6,1,1,1,0,0,Non-Dropout
2934,12,0,56.65936899626933,84.82800559089524,47.58015499050052,57.99668138280638,8,3,1,3,2,1,0,Non-Dropout
2935,10,1,61.99467497450401,54.10974167204253,55.724525583536774,43.92885730917233,9,6,1,5,4,1,0,Non-Dropout
2936,17,1,72.30233468766653,95.49323594463111,45.70356973183917,31.156060940708493,6,2,0,5,2,0,0,Non-Dropout
2937,12,0,68.41418939817503,62.17930543182173,72.51831978083692,76.30507449147755,4,4,1,2,3,1,0,Non-Dropout
2938,17,1,73.67428878817397,60.83524725581842,62.30808009713882,80.7207258033565,7,2,0,2,3,1,0,Non-Dropout
2939,17,0,70.65567160306902,47.38134279242581,100.0,71.28514484556426,4,4,0,3,2,0,0,Non-Dropout
2940,14,1,61.21033602214999,66.77171115792703,40.954392552924986,78.40224238359812,4,5,2,2,2,1,0,Non-Dropout
2941,10,1,56.96310063390501,50.41010039094852,98.76938247752375,58.904544445946726,5,6,2,1,3,1,0,Non-Dropout
2942,19,1,56.156566940600506,86.14849210068355,75.93344435316784,85.27631685237445,2,2,0,3,2,1,0,Non-Dropout
2943,16,0,51.120930730669116,72.49168953469355,100.0,55.57467097284648,3,1,1,2,1,1,0,Non-Dropout
2944,19,0,48.76821074338211,47.78092174410533,100.0,65.00773515616356,7,1,0,1,4,0,0,Non-Dropout
2945,14,1,92.57695896293713,73.3791334067696,59.323146486617375,52.344976240857584,5,2,1,4,3,0,0,Non-Dropout
2946,17,0,66.87065227469084,94.8766252066281,34.77831662933314,43.96828700144926,5,6,3,3,4,1,0,Non-Dropout
2947,18,1,62.67047823337498,100.0,66.3112771812445,55.46218187345204,2,1,0,2,2,0,0,Non-Dropout
2948,16,1,57.561735257406404,39.20769077503976,20.583887375458303,98.43825514425515,6,3,0,2,3,1,0,Non-Dropout
2949,16,0,71.43318663996399,59.433091508318945,86.49148392696176,88.00035066521137,7,2,0,1,5,0,0,Non-Dropout
2950,10,0,83.0549582908411,49.21299401931287,73.78916197804232,76.62681686580382,5,2,2,1,3,1,0,Non-Dropout
2951,13,0,75.84896714383609,82.07102121696461,55.02654237506502,58.57171787943408,7,1,1,2,2,1,0,Non-Dropout
2952,11,0,78.82383630967266,46.821791802384254,58.76094677282341,58.23129930505746,6,1,2,1,2,0,1,Dropout
2953,11,1,56.20206826724032,96.18470095755315,44.44703120796932,90.69948451601834,3,2,1,1,2,1,0,Non-Dropout
2954,11,0,64.93806137324931,99.07385826819112,69.20005728135264,65.33470066737682,4,2,1,2,2,0,0,Non-Dropout
2955,13,0,56.39932832211561,91.36237434310146,45.20124299507938,76.85976724040407,7,1,0,3,5,1,0,Non-Dropout
2956,10,1,66.60547098204863,60.65425215588683,69.07221655445937,56.694196895626376,2,3,2,3,1,0,0,Non-Dropout
2957,13,1,84.08886512087315,61.91361135662209,78.82751939975054,60.540258399363616,8,4,0,2,4,1,0,Non-Dropout
2958,11,1,71.59105767355763,65.86705553154607,86.25066744943959,76.71004213392263,5,4,0,1,2,0,0,Non-Dropout
2959,14,1,89.40071548994078,97.10150279739877,81.13674912106924,53.96895174265209,1,3,1,1,4,1,0,Non-Dropout
2960,12,0,60.672145843247876,41.03935451041444,62.54470784965663,70.2240476439656,4,4,1,2,2,0,0,Non-Dropout
2961,17,0,52.8955841897443,82.72248231739711,81.1026491662191,54.49514141348632,2,3,0,4,3,1,0,Non-Dropout
2962,13,1,72.68192730041419,56.33102479627941,73.37789181919312,72.6527323664795,5,4,0,1,4,1,0,Non-Dropout
2963,10,1,66.78287544834228,66.61158462831777,73.170466765266,54.04505370588965,6,2,0,3,2,0,0,Non-Dropout
2964,10,0,69.84053379747002,89.72286896065627,44.33848217908629,91.28847830911704,7,0,2,4,3,0,0,Non-Dropout
2965,19,0,67.59830244449748,44.691073488692,38.79268952145321,64.03636732332981,3,2,1,1,1,1,1,Dropout
2966,12,0,57.73348439972786,69.44518982228546,76.44889628383845,76.61736835674776,5,6,0,3,2,1,0,Non-Dropout
2967,18,0,67.93604071655,72.42325776239522,82.15847484429422,64.69008643641426,3,7,3,4,2,1,0,Non-Dropout
2968,16,0,79.60055803743757,74.25215323400336,54.473460682791774,57.47944482458659,8,2,1,4,2,1,0,Non-Dropout
2969,11,1,81.14161561852931,72.93637869669637,99.35593048517707,73.61456045481833,6,1,1,1,3,1,0,Non-Dropout
2970,18,1,57.657251012219426,86.13316569419464,100.0,82.30702229092695,5,4,1,3,2,0,0,Non-Dropout
2971,19,1,68.46508897595727,65.96020887446858,100.0,43.27469611331257,6,3,0,1,4,1,0,Non-Dropout
2972,11,1,87.15666624322381,82.3073387427053,63.3337962121057,66.96553106467704,8,3,1,4,2,1,0,Non-Dropout
2973,12,0,57.98163876410713,81.59677668126267,59.17491297911366,63.378647421611134,8,5,4,2,1,1,1,Dropout
2974,19,1,55.25830400851173,80.72137125136703,89.67077700752613,68.14656575144724,4,4,1,2,2,1,0,Non-Dropout
2975,11,0,76.91604445953305,85.55677378420194,86.97160819940228,85.30771755123624,1,4,0,2,2,1,0,Non-Dropout
2976,12,0,74.28438810470718,80.64160797850298,42.170989943977645,77.24416550273851,8,5,0,1,3,1,0,Non-Dropout
2977,15,0,52.44535877401833,73.2065468200598,63.94478480514182,82.34974003803843,6,4,1,5,3,0,0,Non-Dropout
2978,18,0,44.00809104563733,49.62105530723467,86.53880228521524,68.94654379099974,2,4,1,1,3,1,0,Non-Dropout
2979,18,0,68.1733415344452,100.0,47.59315578614073,58.49569835847073,7,5,0,1,4,0,0,Non-Dropout
2980,16,0,58.7210435320261,100.0,51.38375442301188,28.628083498692256,2,3,2,2,1,1,0,Non-Dropout
2981,12,0,39.7388561805738,67.81185708012796,55.15788112224118,86.22983996030163,8,3,1,2,2,1,0,Non-Dropout
2982,13,1,54.69196214227303,84.12815702708488,60.018603278959134,27.498005659320505,6,1,1,2,1,1,0,Non-Dropout
2983,15,0,74.03914722551863,64.04774241948527,30.768472789051422,88.81354288659747,5,4,1,1,3,1,0,Non-Dropout
2984,14,1,62.72883933633508,60.595604356334036,87.32303493692604,76.11391538234707,6,2,1,5,4,0,0,Non-Dropout
2985,11,1,88.49156067527991,76.10631622674603,51.64662160735698,94.52829855934678,5,4,1,5,5,1,0,Non-Dropout
2986,15,0,33.69143884371891,100.0,75.05942693909756,68.98567300426062,6,3,1,2,5,1,0,Non-Dropout
2987,12,0,85.06988557230723,100.0,72.37720345830346,72.50450130618783,2,4,2,4,3,1,0,Non-Dropout
2988,17,1,59.84144930350717,100.0,44.70700930010264,62.22108952226238,2,2,3,2,3,0,0,Non-Dropout
2989,11,1,57.6736799606543,85.37543828686465,25.845232188707186,66.13687172739571,10,1,2,4,2,0,0,Non-Dropout
2990,10,1,41.732092450276205,56.64949836864063,72.22830764030279,54.128990863542384,5,1,0,2,3,1,0,Non-Dropout
2991,18,1,71.97622773714139,95.73631307720075,59.10625410237914,63.238690497424486,6,1,0,1,2,0,0,Non-Dropout
2992,12,0,37.59857009009639,18.155862459215072,81.38727620511331,52.302369375088155,4,3,0,4,1,0,0,Non-Dropout
2993,10,0,77.26855466896876,82.81749314262876,90.30553277719741,65.69335932114097,4,3,0,2,2,0,0,Non-Dropout
2994,16,0,42.29953902437358,96.95755875438374,19.03146903202864,64.6152867822605,10,2,1,3,2,0,0,Non-Dropout
2995,19,1,44.664410596446345,78.02968509489715,64.22338182924331,64.69736882814676,4,2,1,5,1,0,0,Non-Dropout
2996,14,0,47.13178074975977,100.0,96.04375352114212,63.64555620772786,5,4,0,3,5,1,0,Non-Dropout
2997,14,1,54.26075048909754,46.48224649386762,100.0,55.72903017569843,6,2,1,2,5,1,0,Non-Dropout
2998,10,0,79.1311391164925,100.0,24.19196261828685,73.39321332214584,3,6,2,2,3,0,0,Non-Dropout
2999,18,1,87.55934800432482,71.8457659032855,98.79926292674642,69.72365586257797,3,2,0,4,5,1,0,Non-Dropout
3000,16,0,55.81109676589959,100.0,44.762371163513876,69.14408147662513,2,2,2,4,2,0,0,Non-Dropout
3001,17,0,64.30155348040901,95.40393744918546,87.64845341108244,50.873273326232365,6,3,2,3,4,1,0,Non-Dropout
3002,18,1,72.34875963608766,100.0,56.277280581619586,75.10000091370144,10,5,1,1,5,1,0,Non-Dropout
3003,15,1,60.06031454399142,94.50931020086394,88.66722399838281,53.54311402346076,7,4,0,1,2,1,0,Non-Dropout
3004,14,1,71.76136440939494,88.83869918037716,60.95591419325674,57.15851262915091,6,3,2,3,2,0,0,Non-Dropout
3005,15,1,64.93880792743953,100.0,34.037840710443525,66.37618302540774,5,2,0,2,3,0,0,Non-Dropout
3006,11,1,61.19810181865203,76.10958714966033,55.4641783364418,82.25233284213576,6,2,0,3,2,1,0,Non-Dropout
3007,13,0,43.70276457646854,87.04683431834535,83.50461180059622,46.88263560836232,9,4,2,3,2,1,0,Non-Dropout
3008,12,1,67.23564796887005,74.92764098862251,59.43988845257632,50.17011521764463,5,1,1,3,4,0,0,Non-Dropout
3009,16,0,79.37563556972086,61.283335817170126,43.16972384625468,35.55657481268862,7,4,1,5,2,0,0,Non-Dropout
3010,18,0,53.32583228389576,85.53892510730329,38.215399966633406,72.59317258993583,8,3,0,4,3,1,0,Non-Dropout
3011,14,0,35.47594048716006,78.93491601798905,49.765885362664385,59.94086494685515,1,5,2,1,2,0,0,Non-Dropout
3012,15,0,60.20674036557045,100.0,49.54959464111984,71.36618470732397,3,3,2,3,2,1,0,Non-Dropout
3013,19,0,87.64655967211279,71.15491215571133,84.3551045267822,70.07361767863551,5,1,2,4,5,0,0,Non-Dropout
3014,11,1,83.17924903231625,59.78617104029365,60.11747237175255,76.82048955929584,6,2,2,4,2,1,0,Non-Dropout
3015,12,1,56.293066913261214,99.8601906032334,62.53280249437232,65.02158758185921,5,5,2,3,2,1,0,Non-Dropout
3016,12,0,71.83272507484784,76.26682174167087,65.50431197216032,54.36046827708679,6,4,1,4,3,0,0,Non-Dropout
3017,18,0,74.2031886972585,59.17541722321897,83.50257825428132,68.48020251354932,3,3,3,4,1,1,0,Non-Dropout
3018,16,1,87.355071822345,100.0,85.92919988544057,71.21834156811964,3,2,3,3,1,1,0,Non-Dropout
3019,17,1,41.74126555699242,93.53521415110431,56.82752238117282,59.77471788177748,5,4,2,3,3,1,0,Non-Dropout
3020,19,0,48.96757654055533,100.0,63.40082943790695,66.36250563895146,1,4,2,3,3,1,0,Non-Dropout
3021,18,1,34.85366958145019,68.18170794221265,86.06206875024074,44.8248686657675,6,2,0,1,3,0,0,Non-Dropout
3022,15,1,54.823862024826916,65.3836842503132,52.60437367684212,45.91261796948076,7,2,0,3,3,1,0,Non-Dropout
3023,13,1,80.99458351203252,53.268567798989864,56.313655106402564,40.093393730720564,7,3,0,4,4,0,0,Non-Dropout
3024,10,0,56.60421260066479,63.661899674263395,86.01000573520435,69.32837224184513,5,3,1,3,2,1,0,Non-Dropout
3025,17,1,45.37716605269541,67.27279746016251,55.650884774281565,76.09947291325255,6,5,0,3,1,1,0,Non-Dropout
3026,16,0,68.39954626223147,88.66002929069093,76.189217290214,43.61631868439794,7,4,2,3,4,1,0,Non-Dropout
3027,11,0,68.78553255181032,56.412604014812786,30.50902973405406,67.4167034042083,6,2,3,3,3,1,1,Dropout
3028,17,0,49.744258205729984,61.733263252211216,84.59384779802835,71.70741607946992,8,3,0,3,4,1,0,Non-Dropout
3029,14,0,57.409311392228,100.0,64.97864166182072,59.010426671580106,3,4,0,2,1,1,0,Non-Dropout
3030,16,0,67.25864780968439,16.381375195280377,80.1704358845326,89.02323391708708,7,5,0,4,2,0,0,Non-Dropout
3031,13,1,76.18979745037683,84.60521185575064,97.98475607663403,43.14292705649312,4,0,0,2,1,1,0,Non-Dropout
3032,14,0,55.266913197664216,49.191667744492044,61.65750910891274,59.336613583152364,4,3,1,1,1,0,0,Non-Dropout
3033,17,0,53.10535479933988,58.89495722002256,31.659213137246986,21.316425556135414,8,6,1,2,2,0,1,Dropout
3034,10,0,93.68832034147911,100.0,60.95293609572101,70.18440761282645,9,3,1,1,3,0,0,Non-Dropout
3035,10,1,60.88960653882833,76.43153088593456,100.0,54.02112117431767,8,6,2,4,5,1,0,Non-Dropout
3036,13,1,68.74151456321081,100.0,74.24612244010962,35.36432873170354,2,2,0,1,1,0,0,Non-Dropout
3037,12,1,74.72547434593444,87.53625254489572,43.38891297723873,73.91014865460986,10,3,0,5,2,1,0,Non-Dropout
3038,19,1,38.19670947278119,58.40652250468595,65.15619551628482,62.6470606261641,4,2,3,4,3,0,0,Non-Dropout
3039,11,1,64.72209557452241,86.15478039329369,82.1951358948117,60.39534874794711,5,2,1,4,2,1,0,Non-Dropout
3040,12,1,40.31425572989505,97.59944830781342,66.86281849406511,81.91157573594259,4,4,1,2,4,0,0,Non-Dropout
3041,10,1,63.03833826848897,85.43865357540511,66.183172341297,53.281559339718896,5,2,1,2,5,1,0,Non-Dropout
3042,10,0,85.59685852754733,70.69278189417312,52.15801656349156,74.65928896656757,1,1,1,2,3,0,0,Non-Dropout
3043,15,0,50.02297509917084,41.17885214742539,54.164802806927646,76.83950110639272,3,4,1,4,2,0,0,Non-Dropout
3044,14,1,40.00371215378265,68.55108152927494,75.56147977761276,56.562478007519815,4,2,1,2,3,1,0,Non-Dropout
3045,17,0,93.31528665299889,100.0,82.3118061653572,65.12702225728835,5,5,1,3,2,0,0,Non-Dropout
3046,11,0,47.79414236896742,59.06566468920222,65.66725380251118,90.18114824868658,2,2,2,5,1,0,0,Non-Dropout
3047,13,1,42.521315041595145,66.76357792791848,57.65120784903272,49.85312981434436,8,1,1,3,4,1,0,Non-Dropout
3048,17,0,89.28547354085269,94.86578430179026,88.90904377551315,73.32396152066389,3,3,1,4,3,1,0,Non-Dropout
3049,15,0,47.20295117304268,87.39405059325948,59.40780242687616,65.93166697574648,3,4,0,2,4,0,0,Non-Dropout
3050,10,1,89.67371314592937,48.80200730678489,77.23284685388828,84.06027081780222,5,6,2,4,4,1,0,Non-Dropout
3051,13,0,69.11136242255982,72.82766460862517,83.32545736645082,64.4939857828066,4,3,1,4,2,1,0,Non-Dropout
3052,10,1,84.25935615010155,100.0,38.39769021926584,75.28629588667674,2,3,0,3,1,0,0,Non-Dropout
3053,11,1,67.79099504142876,75.52957157071286,73.49337523246051,40.99221857887053,8,1,0,5,2,0,0,Non-Dropout
3054,14,0,81.19553547093136,100.0,2.563027422925387,32.837510432065976,5,3,3,1,2,0,1,Dropout
3055,17,0,51.22326766128849,100.0,67.44079825974086,49.26141618231738,13,2,2,4,3,0,0,Non-Dropout
3056,17,0,55.795958539649995,56.44679878941048,84.48749321388014,58.376814153379684,3,2,1,2,4,1,0,Non-Dropout
3057,12,1,33.26732793358019,69.09909893832935,78.42300930174375,59.6873915519118,9,3,1,3,3,1,0,Non-Dropout
3058,13,1,79.57672216636777,88.15207113191084,90.00010344252911,81.38418621227618,5,4,4,4,1,1,0,Non-Dropout
3059,19,1,71.29354014973025,44.24627969171324,78.7613682127335,59.105172890067216,3,3,0,3,3,0,0,Non-Dropout
3060,15,0,49.89013062005867,70.53901081430847,56.441571203039395,65.35739320068362,4,3,1,2,1,1,0,Non-Dropout
3061,19,0,38.76646927523123,85.92372723434909,31.519649434875014,67.09341437369217,7,3,2,2,2,0,0,Non-Dropout
3062,12,1,69.22719722937715,62.554978976045504,72.82882674525591,55.52747198686327,7,4,1,3,2,1,0,Non-Dropout
3063,11,0,90.13931802158285,86.76214156661688,81.97011356302954,64.72541399421867,2,3,0,5,3,1,0,Non-Dropout
3064,15,0,62.93058616126515,62.99654648240563,26.061190276304856,80.76741563797111,2,2,2,3,4,0,0,Non-Dropout
3065,14,1,55.123309422174245,62.77495764287325,80.09746309681263,69.48786823862575,4,0,1,2,1,0,0,Non-Dropout
3066,19,1,50.94388579778048,89.88371837483547,72.19348333718338,73.89811033943664,4,3,1,4,1,0,0,Non-Dropout
3067,14,0,83.74023061649484,100.0,60.882900926844485,69.99830450948218,9,3,1,2,5,0,0,Non-Dropout
3068,19,1,53.31128263384588,60.78510762254157,80.994053535785,89.70686249954215,4,5,1,3,2,1,0,Non-Dropout
3069,14,0,59.43231349973477,50.77279297121877,63.11559535147846,49.21399798035827,9,3,2,2,3,1,1,Dropout
3070,19,1,80.62602361878169,74.25487048509234,61.513313746846386,100.0,6,3,0,4,4,0,0,Non-Dropout
3071,14,1,74.56222407254475,84.33803204953833,38.21775325993546,79.9451280647637,7,1,1,2,2,1,0,Non-Dropout
3072,12,1,60.00636005019982,60.58545741700202,80.11812021333154,82.67208868078512,8,2,1,3,3,1,0,Non-Dropout
3073,16,0,54.51534588125982,100.0,37.348019556306106,84.64931695675602,2,1,1,3,4,1,0,Non-Dropout
3074,15,0,86.98367434618072,72.06319335953702,52.89751366150588,80.54515479452704,4,7,1,5,3,1,0,Non-Dropout
3075,13,1,48.254454873410275,60.412637267043614,81.39476688431245,45.648355188572495,2,5,1,2,1,1,0,Non-Dropout
3076,11,1,61.84572222308924,100.0,65.81287464081302,48.004899910911384,4,5,0,2,3,1,0,Non-Dropout
3077,18,1,42.41185268986548,100.0,100.0,75.48814471776913,7,2,0,3,5,1,0,Non-Dropout
3078,10,0,82.83300766905553,60.45143347770146,84.8214327708474,73.66369507585277,7,2,1,1,5,0,0,Non-Dropout
3079,13,1,57.87671186175491,96.34281639382831,88.78341632311533,78.28702963515696,2,2,0,2,5,1,0,Non-Dropout
3080,10,1,54.50561301926516,61.88311725238118,91.34846995394938,65.69968075505186,2,8,4,1,3,1,0,Non-Dropout
3081,15,1,74.92493698077091,90.35153023385872,63.967295138879955,45.24069554521376,2,1,0,4,4,0,0,Non-Dropout
3082,13,1,43.61726943046789,100.0,56.70410394770986,63.348084809281275,6,0,0,2,2,0,0,Non-Dropout
3083,14,0,74.53072071828261,50.823245087376314,39.65389514568655,76.1204569219417,2,5,1,2,2,0,0,Non-Dropout
3084,14,0,59.5918581189874,64.24459699649123,33.66034191824425,61.20242977361667,9,5,2,2,5,1,0,Non-Dropout
3085,18,1,46.92051177829708,64.68337819174664,98.68451422284913,64.92865049658744,3,1,1,2,4,0,0,Non-Dropout
3086,10,0,50.14605544607272,80.31216788197271,54.44478075436996,65.45079680094541,5,3,2,5,1,1,0,Non-Dropout
3087,11,0,54.73699850657394,84.46668998601702,92.34785274495991,57.16988978017887,3,4,1,4,4,1,0,Non-Dropout
3088,15,0,58.33934486804392,73.21799979619352,33.20312548929137,52.791362939319356,1,3,0,2,1,1,0,Non-Dropout
3089,14,1,47.022108892381794,41.36321128866643,65.43372126911396,96.6256321074805,8,4,5,4,2,1,1,Dropout
3090,16,0,69.41773984352069,50.37978612745291,100.0,88.37900066050184,2,4,1,3,1,1,0,Non-Dropout
3091,12,0,46.629170240664976,57.32902538042339,76.65195798764645,81.05213505031023,6,4,1,2,2,0,0,Non-Dropout
3092,12,0,29.523163202925673,86.19793400505506,77.31261778811991,71.22546642305477,10,2,1,1,4,1,0,Non-Dropout
3093,19,1,93.79429443196284,47.0977931238299,55.34255594978286,49.92949091152537,9,0,1,5,1,1,0,Non-Dropout
3094,11,1,67.96891323648451,56.72634160462024,47.43253994131085,78.3095325609273,6,3,1,2,2,1,0,Non-Dropout
3095,12,0,95.14237387468363,52.32714494028627,68.87592120437834,81.72964364563393,3,3,2,3,2,1,0,Non-Dropout
3096,19,0,49.34510974959425,81.82609187252768,41.85817865749728,59.83287294753871,2,3,1,4,1,1,0,Non-Dropout
3097,10,1,72.19692071431997,97.63484178761055,67.3135531932455,48.98449008302178,4,2,1,3,5,1,0,Non-Dropout
3098,14,1,78.4191304829489,78.08308132850561,94.53091297035124,71.4037981449487,4,4,1,3,2,1,0,Non-Dropout
3099,14,0,62.15980612740116,100.0,38.32371927464649,81.01872045600696,6,3,0,1,1,1,0,Non-Dropout
3100,16,0,43.33325036631979,78.07897025348078,86.05446790779715,55.399407853306215,1,2,0,3,3,0,0,Non-Dropout
3101,13,1,61.03278298666558,73.11709417644464,94.8977438826136,72.93064450928557,3,4,2,2,3,1,0,Non-Dropout
3102,12,1,74.3959539964436,59.31655915937574,63.494153259311254,51.38840064980808,3,2,1,3,4,0,0,Non-Dropout
3103,10,0,73.82330674851048,79.05979435338655,70.83408359784148,47.94980910626052,4,2,0,3,2,1,0,Non-Dropout
3104,17,1,64.97557081312915,58.464480983711,58.01290159948343,68.07300130159823,3,1,0,1,5,0,0,Non-Dropout
3105,12,0,78.4593191475762,55.42045816463142,62.24894939355119,52.784184173983704,6,2,4,2,1,1,1,Dropout
3106,11,0,77.7512918223853,54.84877032562167,90.45300624020982,71.45128899420402,3,4,1,4,3,0,0,Non-Dropout
3107,13,0,57.14498599910745,70.51545075743638,88.12492792341541,40.76849667142471,5,4,0,1,2,1,0,Non-Dropout
3108,12,1,42.193705177126894,64.9979499452604,79.83586790641365,52.14449627772006,6,2,0,3,1,1,0,Non-Dropout
3109,10,0,67.85650862016183,100.0,85.19799832866602,80.43657990308566,1,6,0,3,1,1,0,Non-Dropout
3110,12,0,53.800436509693895,79.18759905579284,75.00070290419951,75.38772962615457,7,2,2,3,2,1,0,Non-Dropout
3111,11,1,67.15622901348935,78.85840149950455,39.32824705504935,71.2856094809168,4,3,1,1,3,0,0,Non-Dropout
3112,17,1,85.18294780327848,63.96086573528342,96.59993616444623,58.31777498779607,3,3,1,4,2,0,0,Non-Dropout
3113,15,0,71.56238023806647,100.0,47.66269372729802,65.20564650951938,4,5,0,5,1,1,0,Non-Dropout
3114,18,0,84.44383563832594,56.52104436398519,67.49649223695003,61.62858926048169,1,3,1,3,1,0,0,Non-Dropout
3115,17,1,49.82780298475144,65.52580523172512,91.33126711450912,100.0,4,3,0,5,5,0,0,Non-Dropout
3116,19,1,81.31183608021038,94.98421415808652,34.9691593426746,69.74653117750717,1,3,2,2,3,0,0,Non-Dropout
3117,12,1,90.14896897477499,79.04702796622641,85.61340848926791,53.500863162950225,2,1,2,2,2,1,0,Non-Dropout
3118,14,0,65.96483010062039,49.53928210305094,40.19713885565636,63.78629268304075,3,1,0,1,5,0,0,Non-Dropout
3119,16,0,99.83080090546534,75.54584753317623,84.86853600364906,39.791974619463055,4,1,2,1,2,1,0,Non-Dropout
3120,14,0,52.138531824070924,88.59369292841234,100.0,36.44332731987728,8,4,3,1,1,0,0,Non-Dropout
3121,17,1,55.41749195360822,85.24039208595784,51.56179087159589,86.94071003776415,5,1,0,3,3,1,0,Non-Dropout
3122,14,0,74.74903325642703,88.22368452531565,48.3100585324966,69.10532781295483,5,2,0,4,2,0,0,Non-Dropout
3123,10,1,65.81698317245284,100.0,71.90091526635254,58.22617679676921,6,2,3,1,3,0,0,Non-Dropout
3124,14,0,53.85639000828158,80.43060185646037,47.52482853639411,64.60218280634054,5,8,1,2,3,0,0,Non-Dropout
3125,13,1,74.28656114923652,90.91288917080713,15.569223782919124,63.43748437356549,6,4,1,2,2,1,0,Non-Dropout
3126,15,0,70.3331226999859,26.516439923442363,69.36736212234122,66.01385160109102,12,3,1,3,1,1,1,Dropout
3127,12,0,56.20584985201627,100.0,78.37796702068998,82.2162154511947,4,1,1,4,2,1,0,Non-Dropout
3128,14,1,67.83577439066559,76.29998811660512,61.78831044291686,73.03155892181323,2,0,2,3,3,1,0,Non-Dropout
3129,11,1,76.38538280946389,57.639887289787026,72.82715047505613,58.85623724038578,3,2,1,4,2,1,0,Non-Dropout
3130,15,0,55.87311820252232,71.09543710592216,96.22199766465938,38.766796445074206,7,8,1,3,1,1,0,Non-Dropout
3131,15,1,72.75493714461331,88.25043738336065,61.053280481168485,49.9653309829253,4,1,2,4,4,0,0,Non-Dropout
3132,14,1,51.99435158717979,95.69497051789631,64.33423810309202,76.37684214054275,7,4,2,3,2,0,0,Non-Dropout
3133,15,0,54.8926342853773,73.0950522242506,69.50657990779094,88.43146437337737,5,1,1,3,2,1,0,Non-Dropout
3134,16,1,81.67380969830415,87.0288394384694,62.1507276296081,51.830805845288296,1,1,1,4,2,1,0,Non-Dropout
3135,14,0,74.20619439659646,69.73565971200804,62.15718338867991,49.5633196013511,4,3,1,3,3,1,0,Non-Dropout
3136,10,0,36.697437378384144,84.83254728446465,100.0,58.514258331826795,9,2,0,1,3,1,0,Non-Dropout
3137,17,1,59.38663062436199,79.12545984391217,73.14332576970254,91.76609289681718,4,2,0,4,2,1,0,Non-Dropout
3138,13,1,72.3454516188974,81.01652014091182,62.579754892902045,67.21553020599637,7,3,1,2,3,1,0,Non-Dropout
3139,18,0,67.08298425782507,68.78071484419733,100.0,53.56606727643667,6,4,0,2,1,1,0,Non-Dropout
3140,19,0,74.27306367775928,83.07316619959147,97.13483743496128,59.583019995550146,1,3,0,2,4,0,0,Non-Dropout
3141,15,0,66.73972489673444,58.46906800231527,85.60675444139301,57.077218059490335,3,5,0,3,2,0,0,Non-Dropout
3142,10,0,63.011034897810006,78.89237295740014,54.757470241957726,75.56199938194857,5,1,0,2,2,0,0,Non-Dropout
3143,12,0,62.55256796244137,62.3106525890969,100.0,94.30222603563722,7,4,0,3,3,1,0,Non-Dropout
3144,12,0,81.36768970391805,55.12673836898182,30.855853746970404,66.96247779379847,2,3,4,3,1,0,1,Dropout
3145,19,1,75.42409379645935,60.88874402090377,25.47006054438836,81.40632593130547,7,2,1,3,5,0,0,Non-Dropout
3146,13,1,71.07115705618193,70.83949554061837,79.57255710312128,44.808976068033346,6,0,3,3,1,0,0,Non-Dropout
3147,15,1,66.33249648351166,64.43056060020527,61.07717514183511,100.0,4,4,1,2,4,1,0,Non-Dropout
3148,16,0,56.76771962929672,82.92572621484628,8.072980104757562,44.913809801675114,7,3,0,4,2,0,0,Non-Dropout
3149,19,1,60.398695037576914,76.5938391997104,66.4803728912204,83.17770251261535,8,3,0,3,1,0,0,Non-Dropout
3150,13,0,80.97006686655315,95.29120898715857,71.9719238815218,70.07932123193173,5,6,0,1,4,1,0,Non-Dropout
3151,15,0,79.55753741804324,73.31075292080806,65.7936934555266,46.1284313466985,3,1,1,2,3,0,0,Non-Dropout
3152,10,1,55.2714135545685,78.61374117064757,77.55557476226969,77.51678305502827,3,2,1,3,2,1,0,Non-Dropout
3153,17,0,66.49879771587351,100.0,58.25550374790524,64.56378978138036,3,2,1,3,3,1,0,Non-Dropout
3154,16,0,72.47700983921098,66.22329002824732,66.53417124125069,51.324154457904015,5,3,1,1,1,1,0,Non-Dropout
3155,18,0,71.49776617109995,69.29695459293129,100.0,65.16100834820462,6,0,2,5,5,0,0,Non-Dropout
3156,12,0,71.38224024595148,99.06976850856687,93.97086333642856,40.25214786573707,3,3,2,3,3,1,0,Non-Dropout
3157,11,0,48.318877724348965,55.86346236030166,64.7844690318963,57.764630081609596,9,3,0,2,1,1,0,Non-Dropout
3158,10,0,47.42773867178285,100.0,83.70570700714717,50.533500986514674,6,4,1,2,1,1,0,Non-Dropout
3159,12,1,82.55292115041969,70.26205018590392,91.84063393498151,62.26415353329085,7,1,1,5,3,1,0,Non-Dropout
3160,14,0,87.63537798337782,58.333964949156695,46.56109202357588,39.0382880626709,5,4,1,2,3,1,0,Non-Dropout
3161,11,0,42.777182914348145,93.1043265813521,78.26049075833933,38.135366927863366,8,3,2,2,5,0,0,Non-Dropout
3162,12,0,64.58359795033005,69.97747389121353,73.90799087148878,52.26359298360255,5,5,1,2,2,1,0,Non-Dropout
3163,13,0,77.21076195999983,100.0,86.44078397493055,64.42537910396369,5,4,1,3,2,0,0,Non-Dropout
3164,16,1,31.943322443603826,76.62315304146367,46.40055070257097,50.401193981177016,3,3,2,1,3,0,0,Non-Dropout
3165,12,1,48.89993212881433,76.47772018524569,69.1452553892364,71.92319073134298,5,3,1,1,4,0,0,Non-Dropout
3166,18,0,63.617044668093044,63.27794956553255,51.14207606869998,75.53132554176283,5,6,0,2,3,0,0,Non-Dropout
3167,17,0,56.041420159126766,72.06471406002417,78.30100981622537,52.337949641660884,5,1,1,4,3,1,0,Non-Dropout
3168,13,0,68.13715251718322,69.54712384219985,49.369744298399226,85.85704215086734,7,2,1,5,3,1,0,Non-Dropout
3169,10,1,87.05723041525533,100.0,56.36736550847855,60.45649340488542,7,6,1,4,1,0,0,Non-Dropout
3170,10,1,52.2080355873015,80.79205132092977,73.06595799713321,92.47299582594715,7,4,0,1,4,1,0,Non-Dropout
3171,10,1,65.75409336973063,89.1110149477208,46.493843761984216,61.10563933983973,4,0,2,1,3,0,0,Non-Dropout
3172,10,1,59.828058155087255,76.96993989324339,29.605236068989598,48.1754561179488,5,4,1,3,2,0,0,Non-Dropout
3173,17,0,67.04547962109709,66.78095863970951,95.97942811816434,83.4213704058792,9,2,0,3,3,0,0,Non-Dropout
3174,12,1,65.08700178674141,82.41981847591865,53.91489068988586,49.37895986516164,5,4,0,3,4,1,0,Non-Dropout
3175,15,1,100.0,100.0,35.00566513467139,82.06556401237103,4,3,3,2,4,1,0,Non-Dropout
3176,12,0,87.34366188271369,54.03214127523788,42.284534820549624,66.80938376407792,4,2,0,2,2,1,0,Non-Dropout
3177,14,0,41.285967190441525,83.38962459875626,67.50617729194282,56.66170492499721,9,4,1,5,1,1,0,Non-Dropout
3178,16,1,51.497978555412374,100.0,100.0,53.47357409540832,9,2,2,2,2,1,0,Non-Dropout
3179,11,1,53.332141126870795,58.70454446818803,66.50742632897678,63.70632022791806,6,2,1,3,3,0,0,Non-Dropout
3180,15,1,46.48586773808298,93.44022650494664,84.5717534521144,75.19772620365487,3,1,0,3,3,1,0,Non-Dropout
3181,15,1,44.47455528816298,93.46341669154364,60.39502585981488,64.39865112691608,7,4,0,4,2,1,0,Non-Dropout
3182,12,0,62.32450362957827,49.11438676071763,74.64637429248238,87.19262786963915,5,1,2,4,2,1,0,Non-Dropout
3183,15,0,53.904686539825384,97.20872938139364,64.83266616014704,47.36343941711891,4,1,0,3,1,1,0,Non-Dropout
3184,19,1,51.638095003010534,63.11763998875054,84.25220810551873,63.550800891794154,8,3,1,5,2,1,0,Non-Dropout
3185,19,1,95.30710965639194,82.17699779887532,41.68561542277507,81.50990201127664,8,6,0,2,3,0,0,Non-Dropout
3186,14,1,54.936835688604795,95.48282365304124,71.88005591650189,46.94151405534551,4,4,0,3,3,1,0,Non-Dropout
3187,11,1,58.35248408280198,99.00162377874688,73.84243781853071,80.60395798603632,3,5,0,2,2,0,0,Non-Dropout
3188,18,1,76.12184730488923,44.2830097067856,79.89781127767147,65.29694009827274,8,4,1,1,4,0,0,Non-Dropout
3189,17,0,58.302072918883795,100.0,36.35495988948304,66.6517766354159,8,3,1,4,5,0,0,Non-Dropout
3190,12,0,47.51489734322446,100.0,58.1011855622788,59.9067029556396,6,3,0,3,2,1,0,Non-Dropout
3191,17,0,61.13090444222404,96.03868240733242,85.02517185752531,46.865551370218526,7,0,0,1,4,0,0,Non-Dropout
3192,18,1,95.13100134344154,82.2295592719148,75.64572373719503,63.81786160751013,7,2,2,5,4,1,0,Non-Dropout
3193,12,1,57.77836864602613,66.28604240101362,100.0,56.66324293617048,4,2,0,1,3,1,0,Non-Dropout
3194,12,0,51.32349896255225,53.33636331692411,56.76604672430527,87.86458625629395,7,4,1,3,1,1,0,Non-Dropout
3195,11,0,71.30345496273532,42.52319323830163,20.319727800827792,72.65633921894512,3,7,0,3,2,0,0,Non-Dropout
3196,17,1,60.41128268510044,87.89072012469057,58.34177308574342,65.5174819860092,7,5,1,2,1,0,0,Non-Dropout
3197,19,0,100.0,96.02861512324972,3.450496004431699,84.76608718784883,6,2,1,4,2,1,0,Non-Dropout
3198,10,1,53.19654572410099,73.3075735628159,87.55374435205492,64.15831707599976,2,2,3,2,3,1,0,Non-Dropout
3199,17,1,91.00596080315074,65.78050987238124,69.92056113817809,75.54320924241736,5,3,1,4,2,0,0,Non-Dropout
3200,16,0,82.45084324833567,76.39825674995762,79.95765185033888,82.46317697831839,3,6,1,3,3,0,0,Non-Dropout
3201,16,0,59.279820453171595,62.19223540565506,83.94029057646142,60.91600141927258,6,4,0,2,2,0,0,Non-Dropout
3202,12,0,64.94727058015405,75.43219391746476,95.99820943602901,71.52411825713001,5,3,0,2,1,1,0,Non-Dropout
3203,10,1,49.551802121832324,61.044688428737004,5.22539288792666,58.449634950325816,5,4,0,2,1,1,1,Dropout
3204,13,1,56.92337705565481,87.24078628952117,18.95004238172865,82.19274594714278,6,0,0,1,2,0,0,Non-Dropout
3205,18,0,59.17331255596498,99.87739026436373,51.114811488488215,64.5913471650956,6,5,2,3,2,1,0,Non-Dropout
3206,14,1,67.36780296515684,85.17012750481021,62.4025528517493,85.55929843672693,4,2,1,2,3,1,0,Non-Dropout
3207,10,1,43.80979811038906,73.39069070631676,74.9892281651128,67.98285718673935,4,2,2,2,4,1,0,Non-Dropout
3208,14,1,69.67227005504438,94.78261422303868,73.1201779153023,100.0,2,4,0,1,2,0,0,Non-Dropout
3209,17,0,62.811973680550274,75.37812625985619,74.39069281705666,54.3927033317229,1,3,1,1,1,0,0,Non-Dropout
3210,17,1,70.97161701519249,94.14697447308455,30.92403464831216,77.89553048598518,8,2,0,3,4,1,0,Non-Dropout
3211,14,0,73.20959963366538,62.27712078501731,50.12982341457176,64.35270655854326,5,6,0,4,1,1,0,Non-Dropout
3212,18,0,61.610968342163225,64.86525152110148,61.93948282742623,61.623322629369724,8,3,0,2,3,1,0,Non-Dropout
3213,10,1,72.32296665336929,55.22370319206183,66.232560749568,36.52941236733191,6,3,1,3,4,1,0,Non-Dropout
3214,13,0,63.69235757861103,65.69048417966708,57.48896493862404,66.09172881915437,7,1,1,3,3,1,0,Non-Dropout
3215,12,1,76.15209484142099,94.62793129794247,76.35855317344831,50.385920468100124,6,2,0,2,5,1,0,Non-Dropout
3216,11,0,69.74188724539586,57.56504729421898,41.469308060926735,60.35468870093045,10,5,0,2,1,0,1,Dropout
3217,17,0,67.71562251719062,28.90879919251376,57.93534981020562,50.97559358472099,2,4,1,3,5,1,0,Non-Dropout
3218,16,1,63.463310357989016,66.70970786303855,82.57440123045052,52.98260484029538,7,0,1,4,3,1,0,Non-Dropout
3219,18,0,84.43723869425018,51.52541705513805,75.11147224043512,48.90988966279644,1,2,1,4,2,0,0,Non-Dropout
3220,11,0,71.07777843942534,64.91177865712235,60.66568401763629,49.06464800500883,6,1,2,4,3,0,0,Non-Dropout
3221,13,0,45.178062905021015,100.0,61.23311000902831,41.132448410540036,3,0,0,5,3,0,0,Non-Dropout
3222,15,1,57.920738461041786,57.22061096528244,58.09798740567678,70.64319715737172,4,3,0,2,5,0,0,Non-Dropout
3223,12,1,61.57122787509746,87.670678639553,61.6240047654524,65.27146043677466,9,4,0,3,2,1,0,Non-Dropout
3224,17,0,64.9831525954129,73.39569489338017,57.404933888215055,75.6168814331984,3,4,1,3,1,0,0,Non-Dropout
3225,12,0,67.6506102683976,82.44961326389502,60.88985750685166,59.12161379755449,4,2,1,3,1,0,0,Non-Dropout
3226,11,0,50.83674928584783,64.81479333942563,77.39252064071474,55.10370615467351,4,5,2,2,2,0,0,Non-Dropout
3227,12,1,63.980032093776124,98.2269266541671,76.87123096245686,63.682008980809385,4,2,1,4,5,1,0,Non-Dropout
3228,15,1,60.28817979117695,83.53694683306688,37.17676888747334,75.52549750967421,3,5,0,4,3,1,0,Non-Dropout
3229,11,0,81.2711636413094,84.09270786123494,100.0,69.49759811231965,3,6,1,4,3,1,0,Non-Dropout
3230,17,1,50.073825360180855,76.9778791818913,56.42104715365282,65.1941085150559,4,0,2,5,5,1,0,Non-Dropout
3231,10,1,64.7393209998775,100.0,81.721992584172,74.96574589185244,4,3,1,2,3,1,0,Non-Dropout
3232,16,1,54.7192233148931,86.20303221349872,43.20855665910561,65.07574482458043,6,6,0,5,3,1,0,Non-Dropout
3233,11,1,92.9449387327969,82.41809432531707,100.0,56.127103302140874,8,4,0,2,1,1,0,Non-Dropout
3234,19,0,83.84920403980222,88.05290285581137,83.45480240744813,78.613103119897,8,1,1,1,2,0,0,Non-Dropout
3235,15,1,40.36463126914103,39.80044216520681,79.56181115314422,46.27457805549264,6,3,0,1,4,0,0,Non-Dropout
3236,11,1,53.056794723713935,78.75521007377388,65.52778269678987,43.69471572419096,7,2,1,2,3,0,0,Non-Dropout
3237,11,0,78.0638493810158,73.71952499201089,23.998519354706495,64.62586694864105,3,4,0,2,4,1,0,Non-Dropout
3238,19,0,71.85924572064802,98.37168354081588,100.0,66.28750072563726,4,3,2,2,1,1,0,Non-Dropout
3239,17,1,71.38897673969471,60.97942005227439,91.34226495779725,68.4953437607794,2,2,0,5,3,0,0,Non-Dropout
3240,11,1,67.86279058639384,79.02211519984095,61.96302208561653,60.08579451176726,8,0,2,2,2,0,0,Non-Dropout
3241,16,0,79.2679982760187,100.0,81.96468317005007,85.29627951035224,4,5,1,3,2,0,0,Non-Dropout
3242,12,0,76.71464906596188,74.4856991913777,37.234632876301085,42.52183919603844,6,3,0,5,4,0,0,Non-Dropout
3243,17,0,60.64165790420749,48.39452405413222,22.336315946549625,67.0247653178051,5,4,0,2,4,1,0,Non-Dropout
3244,16,1,47.0111225010961,100.0,70.41117325454088,76.3796924898322,6,2,2,5,4,0,0,Non-Dropout
3245,17,1,39.64902108210279,60.68906125781045,50.062024274936434,85.76527604062069,7,6,3,4,2,1,0,Non-Dropout
3246,16,0,63.44541912144349,54.20444024197265,57.934823411370225,85.01491590991316,3,2,0,4,5,0,0,Non-Dropout
3247,15,1,37.4014750363436,54.99279475404062,68.6825865081627,48.55719685581848,5,4,0,3,2,1,0,Non-Dropout
3248,16,0,68.76495085513113,89.55328987891801,40.31806235142808,70.43207331341875,0,5,2,4,5,1,0,Non-Dropout
3249,14,1,60.37952692823885,100.0,67.99524324124907,61.789326363827186,4,3,0,3,4,0,0,Non-Dropout
3250,16,0,94.15866554692158,100.0,42.396276893784616,64.71577157776855,8,1,1,2,3,1,0,Non-Dropout
3251,10,0,70.1469390873846,75.30640258122301,95.31180853693056,82.0089499878585,5,4,0,4,4,1,0,Non-Dropout
3252,10,1,64.56162230656523,55.26252606009563,67.4915599053958,93.49894277725247,7,5,0,4,3,1,0,Non-Dropout
3253,18,1,40.75745420404506,63.60110135969667,83.18896326367134,68.91366193746497,4,1,0,2,2,0,0,Non-Dropout
3254,14,1,46.06518372025994,75.67168165458472,25.685670734192442,35.214084305776694,2,1,2,1,2,0,0,Non-Dropout
3255,14,1,75.22031213399404,74.57630057278611,84.74394081335286,39.974066109262594,7,0,1,5,1,1,0,Non-Dropout
3256,12,1,60.303550085164,100.0,100.0,64.30250460026785,4,3,1,4,2,1,0,Non-Dropout
3257,14,1,100.0,48.64772619734477,72.94026970095689,79.96346828561367,8,1,0,4,4,0,0,Non-Dropout
3258,12,0,63.75423057747108,52.69047696109524,83.05352771939754,53.218467751412504,5,3,1,1,1,1,0,Non-Dropout
3259,18,1,67.53383420208131,68.80380425676006,64.04788589805771,62.13236972596136,5,4,4,4,5,0,0,Non-Dropout
3260,18,0,45.246545277831075,82.38408284982204,79.38219056562224,89.26862752830803,6,2,0,2,2,1,0,Non-Dropout
3261,15,0,79.21147348272973,66.14687466241756,100.0,59.0527990921393,6,4,2,5,5,1,0,Non-Dropout
3262,10,1,51.114186688763354,64.51834181699274,100.0,91.29274593623751,6,1,0,3,2,1,0,Non-Dropout
3263,16,0,72.86618122866031,98.47492838613974,77.92951405124629,58.545854622564356,2,2,0,2,1,0,0,Non-Dropout
3264,16,0,77.17689971255943,84.4390611277578,44.50797054597218,78.56405347434652,7,4,0,1,1,1,0,Non-Dropout
3265,19,1,66.4278988860204,55.305544450558436,85.58267387063614,66.15280298290719,9,1,1,3,3,1,0,Non-Dropout
3266,19,1,91.35456403455954,64.80583398293817,39.05893051948331,76.64951610888622,4,5,0,3,4,1,0,Non-Dropout
3267,13,1,55.839453925246254,85.33634069446978,54.389538099608735,95.1296156135007,1,5,0,5,1,1,0,Non-Dropout
3268,17,0,90.13310319682323,49.779553084237556,57.245337552099826,71.29505952254307,4,2,3,4,5,0,0,Non-Dropout
3269,15,1,45.93580972100146,85.21466241837189,100.0,83.91610396682734,6,3,2,2,1,1,0,Non-Dropout
3270,13,1,76.98542737819454,68.124038274977,100.0,51.5805286705992,3,3,0,1,3,1,0,Non-Dropout
3271,13,1,62.863797780628154,82.25616553105374,100.0,51.02858305056375,7,1,0,2,3,1,0,Non-Dropout
3272,11,1,54.37801113330097,77.39728955510157,90.51930042175499,40.51349683258803,5,1,0,2,4,1,0,Non-Dropout
3273,11,0,40.08081876901976,52.65291370781301,47.289762163126056,49.165297903720436,6,1,0,2,3,1,0,Non-Dropout
3274,13,1,61.08996284124782,62.26760586225856,75.90542762390588,87.75899978060549,9,4,1,3,2,1,0,Non-Dropout
3275,14,0,60.14277379728942,100.0,100.0,69.97193222653408,4,1,1,3,3,0,0,Non-Dropout
3276,17,1,67.59359334431687,100.0,81.1884192682443,60.9889688706442,4,3,2,3,5,1,0,Non-Dropout
3277,15,0,75.87222464466109,40.0551562462923,95.75368654495107,68.0629251931484,5,6,1,4,1,0,0,Non-Dropout
3278,13,0,52.87300740341982,95.86246232000285,29.754303831011832,75.20294831630721,3,4,0,1,3,0,0,Non-Dropout
3279,16,0,91.37401521755899,80.9123347757027,88.04689562264113,76.6775897657658,11,3,2,5,1,0,0,Non-Dropout
3280,17,1,56.921979315415726,100.0,43.641672899241,68.27866092834698,3,1,3,2,2,1,0,Non-Dropout
3281,11,0,74.032909685411,63.82976311820653,64.47744977859256,85.74076149033131,7,2,2,2,5,0,0,Non-Dropout
3282,16,1,66.35251074894926,92.96567601100747,100.0,50.438578356029026,8,0,0,3,4,1,0,Non-Dropout
3283,11,1,62.019354295166266,68.94713507287219,78.67907577330324,59.740011892600144,4,2,1,2,5,1,0,Non-Dropout
3284,11,1,65.60085773397547,100.0,90.37539791218302,82.55394162306676,5,4,3,3,1,0,0,Non-Dropout
3285,17,1,50.89568722744094,100.0,65.37548152019151,79.34535955276426,5,5,0,2,2,0,0,Non-Dropout
3286,11,1,59.18650801141353,79.26130441957444,21.849673328984714,70.56243311875376,9,1,3,3,4,0,0,Non-Dropout
3287,18,0,44.90367120055776,52.220752348042154,46.61792531428662,56.85624855346697,1,3,1,4,3,0,0,Non-Dropout
3288,10,1,56.76094495819595,100.0,87.00607330405307,76.81351172735391,3,2,2,5,1,0,0,Non-Dropout
3289,18,0,57.99999609473092,86.3096433936089,78.36784276042698,51.36257658404041,7,2,1,2,2,1,0,Non-Dropout
3290,10,0,77.67832044157015,82.56065506717172,100.0,82.73023354563301,4,4,0,4,2,0,0,Non-Dropout
3291,19,0,60.02112209979416,100.0,73.16507956112258,87.8258434926285,1,5,1,2,2,1,0,Non-Dropout
3292,19,0,58.27877564393941,52.247270602671485,47.67989309552448,56.35822378412995,5,5,0,2,5,1,0,Non-Dropout
3293,11,0,68.3006024998106,60.67636110330682,69.35438477487308,100.0,7,2,0,3,2,0,0,Non-Dropout
3294,15,0,67.71278913983845,86.88530690019098,94.9456901898069,50.03998135637457,9,4,1,2,2,0,0,Non-Dropout
3295,15,0,56.134389930275674,60.23043145948361,26.07261410076022,62.16457863332681,7,3,0,1,3,1,0,Non-Dropout
3296,10,1,70.91342588778197,68.67981249025212,78.64119843050203,61.79535140542851,5,1,2,1,1,0,0,Non-Dropout
3297,16,0,62.32029203482918,100.0,38.487655582018185,63.442788542639,6,5,0,2,4,0,0,Non-Dropout
3298,17,1,56.1100504901749,83.6590713105717,74.06783136979494,86.37244680757213,6,1,1,3,2,1,0,Non-Dropout
3299,11,0,57.56781753591509,51.42344821669883,88.16109832947993,71.56595261022154,7,3,0,4,2,1,0,Non-Dropout
3300,17,0,79.24026034027915,83.16071635151842,83.79684262965618,52.52891103507334,6,10,1,4,2,1,0,Non-Dropout
3301,18,0,58.01858010110663,99.78146415263932,100.0,66.63553486432932,3,6,2,2,3,1,0,Non-Dropout
3302,15,0,68.91688004759214,78.43076125032857,76.2682665786638,74.94819215090425,8,2,0,1,3,1,0,Non-Dropout
3303,14,1,45.763996034293044,92.43597062967196,82.83955192597415,72.81234778978984,2,4,1,1,3,0,0,Non-Dropout
3304,18,1,81.7295749758839,64.65979519632421,83.71384906481656,83.3327317475773,4,4,1,1,2,0,0,Non-Dropout
3305,18,1,56.255085887622634,80.19756692964043,45.756884949787896,66.340839709572,10,4,0,3,2,1,0,Non-Dropout
3306,10,0,71.00434245115831,43.46471414841107,66.81303156990892,76.99394565458084,2,2,0,5,3,1,0,Non-Dropout
3307,12,0,61.226478079953544,87.59464559327289,8.525291149763177,62.86479983589071,10,3,0,1,4,0,0,Non-Dropout
3308,18,0,70.83251236688687,82.20261178950263,79.42202045927381,55.29858947820399,4,4,2,1,1,1,0,Non-Dropout
3309,11,1,71.65160330547039,49.19468557525335,1.2105069002982702,47.87948119200279,3,1,0,1,4,1,1,Dropout
3310,13,0,62.83005109684843,100.0,91.22739652768414,88.4972922867849,4,2,0,5,4,0,0,Non-Dropout
3311,13,1,37.01053177558596,86.42268710041824,100.0,42.36736113410717,5,2,0,4,3,0,0,Non-Dropout
3312,11,1,81.36522664112361,61.1465076382707,82.46816940704467,68.81068897032809,3,2,0,5,2,0,0,Non-Dropout
3313,12,0,62.90146006548747,88.12255192325516,86.32690650842818,71.14465532732812,4,3,1,3,3,0,0,Non-Dropout
3314,12,0,70.520090107611,55.31129332451653,100.0,50.28968092170811,9,6,0,3,2,1,0,Non-Dropout
3315,10,1,75.37578034862403,58.07724710739547,59.12919161456766,78.51425805767167,8,4,1,1,3,1,0,Non-Dropout
3316,15,1,58.142387792854564,55.41537359687133,38.187644458664906,44.74281566321601,0,4,1,3,3,0,0,Non-Dropout
3317,17,1,72.75703184906693,54.837963932400896,67.85031599615355,56.30472975223533,2,2,1,4,2,0,0,Non-Dropout
3318,12,0,53.78596858813639,83.75225688402348,50.92687869458875,79.47035631209275,9,3,1,4,3,1,0,Non-Dropout
3319,14,0,70.81314284717823,76.89049099624161,71.91905063370454,45.48857706862012,5,4,1,4,3,1,0,Non-Dropout
3320,10,0,65.29554145216807,89.96442438338485,76.36845157543753,77.25469877858072,7,0,0,2,2,0,0,Non-Dropout
3321,19,0,58.66257284749315,18.60628246607544,58.044549944492275,81.73674928791688,5,1,2,1,3,0,1,Dropout
3322,16,0,65.70488255469498,67.16921204334041,52.15702586564884,81.0968566866031,6,1,1,1,5,0,0,Non-Dropout
3323,19,0,49.17209789905772,67.45190508153898,16.146710152000757,70.61564527994213,2,3,3,3,1,1,0,Non-Dropout
3324,10,1,69.63559891510846,76.05268578337707,65.77960406044451,52.421790734322435,0,1,1,1,5,0,0,Non-Dropout
3325,18,1,71.19233118534228,75.53543477164673,59.07882390357705,50.14652402936423,6,2,0,4,2,1,0,Non-Dropout
3326,17,1,70.18460209856171,79.56170589618812,60.85154173629332,57.449396462733105,3,5,1,4,5,0,0,Non-Dropout
3327,16,0,87.53256241311473,76.77629332408675,88.29088778894872,19.016313646649955,2,2,1,1,2,1,0,Non-Dropout
3328,19,1,63.57539428842476,65.8240498571059,100.0,65.34821089875595,3,4,0,3,3,1,0,Non-Dropout
3329,16,0,64.60815991808143,67.00907484626794,61.078015272719604,63.27315709965551,3,0,0,3,3,1,0,Non-Dropout
3330,14,0,47.445958983174506,73.9436160604201,79.65133222935725,66.13828261582238,7,5,1,5,3,0,0,Non-Dropout
3331,14,1,88.58704237314357,85.09286641772154,76.3509766615607,61.396791724583636,7,3,1,3,3,1,0,Non-Dropout
3332,14,0,42.5278490729824,76.70195794630337,98.3662466107651,67.65040525139749,8,2,1,1,5,1,0,Non-Dropout
3333,10,1,68.42845410049816,59.29630199253116,47.205550645634574,66.18902415864933,5,1,4,3,2,1,1,Dropout
3334,17,1,55.77828389437123,58.23747368041509,46.46770823656793,43.09874754812033,8,2,1,2,5,0,0,Non-Dropout
3335,10,0,65.93474919011959,85.19791118504322,49.380538515778504,69.19931747651069,3,3,1,3,2,0,0,Non-Dropout
3336,13,1,45.37911091810112,90.14785423798273,13.312276335074316,64.68366839170855,4,2,0,2,4,1,0,Non-Dropout
3337,18,1,78.37495204656318,96.42028472881275,68.84987688520629,39.11277916872756,5,3,3,4,2,0,0,Non-Dropout
3338,18,1,50.6723060255069,65.1814783866401,43.68378275026484,78.42238439690324,2,5,2,3,1,1,0,Non-Dropout
3339,14,1,82.4937966964923,37.446327927193806,76.27944230761909,60.52559467722755,4,3,2,3,1,1,0,Non-Dropout
3340,13,0,51.085843222155646,82.63289590881934,10.18969763867942,74.53445597496746,4,1,1,1,3,1,0,Non-Dropout
3341,12,1,79.62818628656608,60.6873629750842,68.57477166310497,64.33565846559254,7,2,0,3,1,0,0,Non-Dropout
3342,12,1,52.53552685416478,72.93259280557383,63.595736284277194,38.29694868088178,5,3,2,2,5,1,0,Non-Dropout
3343,14,1,55.78085433102238,77.96459774378067,56.375934373093855,68.75778109637594,5,5,2,1,1,1,0,Non-Dropout
3344,19,0,64.9723086745382,86.07299328044172,94.95512453465605,72.44611150285527,9,6,1,3,2,1,0,Non-Dropout
3345,10,1,52.281099447743266,92.86397694359641,49.88477951896694,82.5581717987502,4,3,1,5,2,0,0,Non-Dropout
3346,14,0,51.83936323129938,98.39269787290806,77.59329054168316,78.7841405151273,2,4,2,3,3,1,0,Non-Dropout
3347,15,1,52.45488045502167,100.0,54.20423275260135,82.97475184306332,11,3,1,1,2,1,0,Non-Dropout
3348,16,1,69.78283376908911,77.0809285054314,100.0,76.04519080421008,6,4,1,3,4,1,0,Non-Dropout
3349,18,1,64.99325901976607,41.22714530862697,66.57600963234104,57.62531784586773,7,1,3,4,1,0,1,Dropout
3350,12,0,65.78946841840468,62.809190623303266,86.89519939190438,57.97957982347271,4,4,1,1,3,1,0,Non-Dropout
3351,11,0,60.13050718458685,100.0,85.24228785359115,79.83406821933899,7,0,0,5,2,0,0,Non-Dropout
3352,12,0,73.23049849791003,77.97519115896286,98.64071940428809,59.174037924404544,1,0,0,3,2,1,0,Non-Dropout
3353,18,0,80.75087046680933,100.0,73.6520814778987,72.94753925400089,3,4,1,5,2,1,0,Non-Dropout
3354,16,0,73.63425596301839,67.42029205631113,37.06347764532488,90.64010207636886,5,0,0,3,1,1,0,Non-Dropout
3355,18,0,61.86542673126006,100.0,81.07454323767126,55.731201519023095,2,4,2,3,3,0,0,Non-Dropout
3356,11,1,46.68822374488512,74.96983229462016,76.92846611914068,75.92452115719932,5,1,1,4,4,1,0,Non-Dropout
3357,14,0,35.34378950473883,66.60493436797321,0.0,52.954457751719914,5,0,0,4,2,1,0,Non-Dropout
3358,13,1,64.02702724440358,60.766669207811816,28.201905665110083,73.79604215407728,5,3,2,4,1,1,0,Non-Dropout
3359,11,0,35.10212880662671,88.19707954040562,87.6485337437978,89.20539585672077,5,5,1,4,1,1,0,Non-Dropout
3360,18,0,62.010419999966416,46.73892094426753,100.0,85.08143988155604,3,2,0,2,4,1,0,Non-Dropout
3361,18,0,86.03934798209856,64.00488540166549,67.93250617184347,59.22347564479005,7,6,1,2,2,1,0,Non-Dropout
3362,15,1,47.69794924053187,73.9483663566924,90.23079883968914,88.60599602499548,5,1,1,2,3,1,0,Non-Dropout
3363,15,0,45.70839577979133,29.843264229159054,72.72899850609846,61.628673771727385,5,5,1,5,3,0,0,Non-Dropout
3364,17,0,74.55401344121334,73.05128247997553,70.91018516600674,99.32712511357008,4,0,1,4,3,0,0,Non-Dropout
3365,15,1,22.913878710647076,100.0,66.42053075259619,65.48631692894794,2,1,3,2,3,1,0,Non-Dropout
3366,10,1,70.72712210593176,83.63910060979312,72.01806213010113,74.94245137538948,9,5,0,2,5,0,0,Non-Dropout
3367,13,1,87.0276391359124,61.83908691005336,79.71014168492046,74.48655184533077,6,3,0,2,1,1,0,Non-Dropout
3368,16,1,51.91272635907485,65.44249389146353,59.957115418757915,48.59120311275163,6,3,2,3,3,1,0,Non-Dropout
3369,11,0,49.336403793231746,81.7429082894506,100.0,85.6439931375589,4,2,4,2,1,1,0,Non-Dropout
3370,18,1,73.85034946399296,64.7850573016227,44.99486937287581,68.29316014437309,4,0,0,4,1,1,0,Non-Dropout
3371,17,0,47.438843338606674,84.37119598163883,100.0,56.66151353009092,7,2,2,2,3,1,0,Non-Dropout
3372,17,0,77.1622808560169,64.22049582966446,64.6127118312948,53.73059568968097,3,3,0,2,3,1,0,Non-Dropout
3373,16,1,48.660351076267006,54.51414628984688,68.69913923437387,55.95960109202636,2,4,0,2,2,0,0,Non-Dropout
3374,13,0,91.52603503001629,98.61590857619346,54.30832146677324,63.845719779327396,4,5,1,3,4,1,0,Non-Dropout
3375,11,1,74.93458468592344,89.18079535406164,80.23555528861203,48.99193730200725,6,6,0,2,3,1,0,Non-Dropout
3376,12,0,65.57065715284699,37.23141061137931,60.58351070477069,52.75422692389607,3,3,0,3,1,1,0,Non-Dropout
3377,15,1,90.66132414638533,68.26283651590897,58.114369257100236,39.07765489516517,4,1,0,5,3,1,0,Non-Dropout
3378,14,1,80.47315561777552,95.85878358973956,85.32427804923852,52.86068276189877,8,1,0,3,2,1,0,Non-Dropout
3379,17,1,70.52925165414966,71.67718720138267,99.02944252649102,85.46564141295832,3,4,1,5,2,0,0,Non-Dropout
3380,15,1,37.05170099392278,63.38901456442382,43.94736060612845,83.01899064815974,7,2,0,1,3,1,0,Non-Dropout
3381,15,1,54.4775893839592,69.94911755569831,90.63945616483929,69.05090539836348,5,2,1,4,2,1,0,Non-Dropout
3382,10,1,81.2811438330576,77.21834815988188,100.0,96.59471497985595,5,2,1,3,2,1,0,Non-Dropout
3383,13,0,45.49810935188599,71.40728597023183,25.875175846335267,83.22258819406699,10,3,2,1,3,1,1,Dropout
3384,14,0,53.51415090045943,73.3464664628025,48.84815075452984,71.52058248971045,7,6,2,5,1,1,0,Non-Dropout
3385,12,0,49.66853318740084,72.00120440465072,100.0,73.15256421136466,4,5,2,4,3,0,0,Non-Dropout
3386,18,1,71.03535239481863,55.52763178470706,79.32889001412661,66.33188056137834,4,1,2,3,2,1,0,Non-Dropout
3387,10,0,79.45417716294321,54.49680869698875,100.0,46.10963762196572,5,6,0,2,3,1,0,Non-Dropout
3388,15,1,79.46898377886856,53.200879477251874,65.56726112820915,61.00239186668053,2,4,1,1,2,0,0,Non-Dropout
3389,15,0,52.20770905891604,76.8299902091478,56.84921348027869,26.08108424607476,4,2,2,1,1,1,0,Non-Dropout
3390,19,0,70.82987783553021,86.65531061737083,100.0,48.58432228122797,4,3,1,1,1,0,0,Non-Dropout
3391,14,1,51.50176074431456,56.173936660546914,49.10965623176604,85.81982252549085,3,3,0,5,4,1,0,Non-Dropout
3392,14,0,61.8417725039295,44.997603396177226,63.89840871555461,66.16133542912573,4,3,2,3,2,1,0,Non-Dropout
3393,19,0,72.80252148419025,57.57361807659028,83.98708698257491,49.00829184901167,7,3,0,1,3,0,0,Non-Dropout
3394,14,0,80.92063004943776,100.0,86.46159295022287,72.90549310129576,3,1,1,5,1,1,0,Non-Dropout
3395,15,1,32.759045095082655,68.73782267969378,50.05868549881841,74.06547973804206,9,3,2,1,2,0,1,Dropout
3396,17,0,66.47952037112748,70.7183010674874,76.51710591218868,88.13097287347532,6,2,1,2,3,1,0,Non-Dropout
3397,11,1,86.10939955294913,59.04574041786727,62.72741352740931,91.67421247467956,3,4,0,3,5,0,0,Non-Dropout
3398,15,0,68.4832914451305,86.43411613171835,27.931828877496827,76.71835295708001,0,4,0,4,3,1,0,Non-Dropout
3399,10,0,66.23919909189969,72.53328563252262,58.47300064109025,42.280549689622475,4,2,0,4,1,1,0,Non-Dropout
3400,13,0,56.55489272779447,60.467222435961496,29.14279050012503,99.20540980238226,3,1,0,5,1,0,0,Non-Dropout
3401,19,0,85.7112945167942,54.3817874563104,53.51352641962632,85.30077484357795,3,6,1,2,2,1,0,Non-Dropout
3402,12,1,57.24823857183091,82.55695179232208,39.96004720420922,77.73796916757334,8,4,0,2,2,1,0,Non-Dropout
3403,18,0,63.497759143260076,80.27970309198896,89.3456225838663,64.74990994725917,12,5,1,3,2,0,0,Non-Dropout
3404,12,1,57.94680232202406,50.23438623052905,77.50909857038972,41.75237253638409,3,2,2,4,1,1,0,Non-Dropout
3405,15,1,66.62293262772445,99.54764376725909,100.0,56.59957288464112,6,1,1,3,3,1,0,Non-Dropout
3406,10,0,86.38477998572294,62.16223250716604,46.95587265497673,64.23631455884689,7,3,3,2,3,1,1,Dropout
3407,15,0,51.40840204135006,30.50493303923524,73.08189291790563,58.98645893035657,5,2,0,4,1,1,0,Non-Dropout
3408,13,1,66.688298963778,100.0,42.425664871856966,81.40184139617648,3,5,1,5,2,0,0,Non-Dropout
3409,17,1,70.86596750323713,72.94915602933287,54.21044945355969,63.852181901484684,3,3,2,1,2,1,0,Non-Dropout
3410,18,0,52.815017975459796,83.6894120005471,60.01333276414188,53.35001157307442,10,4,1,1,2,1,0,Non-Dropout
3411,13,0,64.1147621583392,100.0,100.0,72.51088371017485,4,4,0,5,2,0,0,Non-Dropout
3412,19,0,92.77010179236618,54.947571012472984,79.09725381276394,52.56164870441103,1,0,3,3,2,1,0,Non-Dropout
3413,19,0,38.47266008168073,84.58670898882659,66.80593030243332,40.52400505161554,5,1,4,1,3,1,0,Non-Dropout
3414,15,0,58.681988927638976,98.50656688299753,96.97524188406297,72.6415233474784,4,2,1,2,3,1,0,Non-Dropout
3415,10,1,68.75839260395139,56.30978646790108,86.82488043498745,63.91253675273547,5,3,0,3,2,0,0,Non-Dropout
3416,13,0,59.36085546001616,100.0,68.59792533936181,67.35228246560995,6,3,0,3,3,1,0,Non-Dropout
3417,16,0,100.0,46.81680640562398,86.87984948266138,85.64353311094496,5,1,1,1,1,0,0,Non-Dropout
3418,10,1,73.23036104721939,73.09270116432393,62.35603536505137,68.7647599602068,5,3,0,4,4,0,0,Non-Dropout
3419,17,0,49.33446255710786,53.49326291483,100.0,73.5379088528856,5,3,0,3,2,1,0,Non-Dropout
3420,19,0,29.948609670195367,88.9168583400514,100.0,65.25737162397536,7,0,0,3,1,1,0,Non-Dropout
3421,15,1,70.1041379412778,55.69211430169204,59.8351830157809,77.14966507948219,7,3,1,3,2,1,0,Non-Dropout
3422,14,0,53.665713142886915,62.65381953885655,88.98106210602796,33.015559462280606,8,4,0,1,3,0,0,Non-Dropout
3423,19,1,84.3334775941798,57.420691727151166,83.72226205289175,53.384735194110384,3,5,0,4,1,1,0,Non-Dropout
3424,18,0,60.877016556344245,50.96128136760326,77.07774091856334,59.20755897638326,7,4,1,1,4,1,0,Non-Dropout
3425,11,0,56.474725389957044,59.66069765699601,82.869634255407,57.808484360378635,3,2,0,2,3,0,0,Non-Dropout
3426,14,0,56.22129264282523,74.09336682823117,49.68910810326765,53.125804580123884,4,5,1,3,1,1,0,Non-Dropout
3427,15,1,79.79763760743917,72.99568233963174,59.123555758177154,63.77021106717767,7,4,0,2,5,1,0,Non-Dropout
3428,16,1,71.23374559750947,70.67053741203026,100.0,62.96480846887381,8,1,1,2,5,1,0,Non-Dropout
3429,14,1,91.33935085686318,61.66913778731472,75.10047246984692,63.762606530790194,7,2,1,2,1,0,0,Non-Dropout
3430,18,1,61.773393256952176,67.87933384673818,52.49373738687698,68.00687752992162,6,3,1,3,2,0,0,Non-Dropout
3431,10,0,77.9341911807955,43.28828236552075,66.49546028015072,72.46686004512608,9,2,0,3,2,0,0,Non-Dropout
3432,16,1,78.1906412661747,61.02026457765695,56.64553701164264,53.36063773664031,7,2,0,1,5,1,0,Non-Dropout
3433,19,1,75.10720179595339,70.56476660735004,92.44315779522798,57.16484054910218,4,4,1,3,3,1,0,Non-Dropout
3434,16,1,57.35213271430037,80.88713878770092,55.979031568739025,78.84093604809067,4,1,0,1,5,1,0,Non-Dropout
3435,13,0,72.10112045068682,78.44525516400635,71.10336122162187,50.870832574520506,9,3,0,1,2,1,0,Non-Dropout
3436,18,0,63.54136339903998,50.44040377244595,53.437032946766166,52.8808739736822,6,1,3,1,4,1,1,Dropout
3437,14,1,63.14725593362686,83.55574531275414,100.0,53.405517546336625,3,3,1,1,1,0,0,Non-Dropout
3438,13,1,52.912845624721015,77.44500462755089,85.7304741389191,62.00175409742966,6,3,3,5,5,1,0,Non-Dropout
3439,16,0,33.19491888153915,100.0,84.73985823096977,79.97204054330822,5,3,0,3,1,1,0,Non-Dropout
3440,13,1,83.72564546297278,45.11198120954187,87.44568476005901,72.85848156584508,6,6,2,3,2,1,0,Non-Dropout
3441,12,1,71.4733755392897,72.27046181408605,60.13449515831914,51.90603473535103,1,2,0,5,4,0,0,Non-Dropout
3442,18,1,44.852026704846104,95.62612770651381,100.0,92.19849810787491,7,5,0,1,4,1,0,Non-Dropout
3443,17,1,75.76565690821971,69.07148255948674,68.30796998430152,54.56528222789791,6,2,2,1,4,1,0,Non-Dropout
3444,10,0,84.02203239485362,56.730883596412994,100.0,40.68165526789858,7,2,1,3,2,1,0,Non-Dropout
3445,16,0,76.66501170074243,58.67878027657986,61.87988929883433,92.36284125674828,6,3,0,3,3,0,0,Non-Dropout
3446,18,0,51.625427317506045,90.6958130860684,87.88700960227044,52.447220749834926,2,6,0,5,2,0,0,Non-Dropout
3447,17,1,54.020121611963035,44.038239492784996,74.17055732168389,63.33645063377884,7,8,2,2,2,0,0,Non-Dropout
3448,17,1,56.78185977728828,68.33539205682932,76.69112945633752,62.99023038741599,6,3,0,3,4,1,0,Non-Dropout
3449,15,0,77.91627209305717,57.47861000978795,28.249559652846685,73.72631205750204,4,2,2,3,2,1,0,Non-Dropout
3450,13,0,72.18439788752015,58.98128552607416,45.42000057747397,37.445371803045184,4,7,2,2,1,1,1,Dropout
3451,17,0,100.0,83.8320171966647,100.0,60.48969403703786,4,3,1,2,1,0,0,Non-Dropout
3452,12,1,40.38672407423176,67.094144462791,37.77952395545401,59.49844347737013,3,5,1,2,4,1,0,Non-Dropout
3453,18,0,64.21102495147002,79.66068156530818,92.30076170807816,86.20567686162457,2,3,0,4,1,0,0,Non-Dropout
3454,11,1,36.08367110985202,50.15985568120628,100.0,56.84661467982652,3,3,1,2,4,1,0,Non-Dropout
3455,11,1,73.94971857101771,91.59797180928669,83.82526782876678,60.188913137204906,7,1,1,3,1,1,0,Non-Dropout
3456,16,0,81.00341927970885,79.25348032283569,100.0,76.40239295261901,5,5,3,2,2,0,0,Non-Dropout
3457,19,0,86.63159175152215,99.76015935337742,87.30281798808367,72.67100095380452,4,3,0,1,3,1,0,Non-Dropout
3458,13,1,67.82783139297183,66.86099168345473,76.57143254998385,54.139351936162456,4,2,1,5,1,0,0,Non-Dropout
3459,19,0,36.30035943608406,83.99125322169085,79.36612917285112,71.42609138897323,5,4,1,1,4,1,0,Non-Dropout
3460,17,0,64.24777143790628,90.66793832708996,65.56555600426482,53.93932173811922,3,1,2,1,2,0,0,Non-Dropout
3461,18,1,71.55184841036538,83.59790069409816,64.79728164878361,77.04849584352148,2,4,5,2,2,0,0,Non-Dropout
3462,16,1,49.9228061797378,100.0,56.870979538328434,62.59664793416869,7,1,1,2,4,0,0,Non-Dropout
3463,14,1,61.025320047163376,41.73563397905347,80.57993769646274,46.15026251309088,5,1,1,2,2,0,0,Non-Dropout
3464,17,1,45.84425548105929,78.49301835795602,100.0,32.85019043330058,4,2,1,4,3,1,0,Non-Dropout
3465,13,1,55.809432059632066,66.8829116064657,100.0,59.35972642805791,2,2,2,2,2,1,0,Non-Dropout
3466,11,0,78.68699854104969,65.44620290219815,75.12187891146765,53.24454656823523,4,5,2,3,2,0,0,Non-Dropout
3467,15,1,75.20244420186938,100.0,85.35524235392731,61.40569277742984,7,1,1,1,2,1,0,Non-Dropout
3468,18,1,44.07170735845338,62.595757310132186,67.86515848467532,64.26131340891772,5,4,0,4,2,1,0,Non-Dropout
3469,10,1,54.425222785429014,92.0565302503595,100.0,36.29379672695502,6,4,1,2,2,1,0,Non-Dropout
3470,19,0,65.85637977163611,53.918324936079856,29.192551966408303,54.05190531863798,7,6,2,3,3,1,1,Dropout
3471,16,1,68.39786477821808,95.39026876105764,100.0,63.05948299899388,6,4,0,3,2,0,0,Non-Dropout
3472,19,1,55.05656365181084,74.55096543631514,56.36879527036173,66.50070018300451,8,6,0,2,1,1,0,Non-Dropout
3473,18,1,72.14686179982388,69.34478968587545,60.39876895680701,76.97342404481549,8,2,2,3,3,0,0,Non-Dropout
3474,19,0,64.47076669227856,44.264909036156475,39.43194906583126,79.55817810630118,8,2,1,4,2,1,0,Non-Dropout
3475,18,1,26.35055349709166,69.38634818301804,73.86878264421023,61.42022102569538,5,2,2,2,1,1,0,Non-Dropout
3476,19,1,56.4249450908495,61.26492734729047,52.97843522612677,62.781859010838566,4,2,1,5,1,1,0,Non-Dropout
3477,12,1,55.996614048341435,100.0,99.0871519876525,57.78982514512953,5,3,1,2,2,0,0,Non-Dropout
3478,14,0,75.17410550584614,76.0333147140482,86.87828845794526,74.83629059980382,5,2,1,1,5,1,0,Non-Dropout
3479,17,0,75.44088855767072,63.07007185962076,52.658691421876796,59.23231892681603,6,6,1,2,1,0,0,Non-Dropout
3480,17,0,39.9184584360818,62.223066027648,48.07619322353936,50.4976808384823,6,2,0,4,2,1,0,Non-Dropout
3481,13,0,71.57707635494852,47.802097600939675,53.95067611055526,40.06244579451118,3,3,0,1,1,0,0,Non-Dropout
3482,10,1,63.890542318989624,100.0,46.35873371816656,50.787411620129156,6,2,1,2,3,1,0,Non-Dropout
3483,10,1,66.89636612187105,100.0,63.01127582126383,61.011950706699224,6,3,1,3,3,0,0,Non-Dropout
3484,13,0,55.79259471959404,73.66161780663906,48.98202310063728,79.6933642370466,4,6,3,4,2,1,0,Non-Dropout
3485,15,0,64.07255115848479,100.0,99.2067729862664,65.68270044271853,2,3,1,5,4,1,0,Non-Dropout
3486,17,1,82.2549023386751,74.73799190536292,57.5412929183196,66.71725565395126,7,4,2,5,1,1,0,Non-Dropout
3487,15,1,66.68278638637138,96.92866256809685,84.39254312362088,65.05060321745992,3,2,0,4,1,1,0,Non-Dropout
3488,18,0,64.3635994157316,86.32322712403601,84.597959147489,84.19725453211629,5,3,1,1,1,1,0,Non-Dropout
3489,18,0,57.81194938705676,63.51004103261536,23.672182555321527,72.61794960817917,3,2,1,2,2,1,0,Non-Dropout
3490,11,0,80.78383900615945,78.64718035493821,87.83620377286825,64.77932060154201,6,2,2,4,3,1,0,Non-Dropout
3491,19,0,45.78818274999185,82.45448054511793,27.328002267497226,56.020007289832556,8,1,0,5,2,0,0,Non-Dropout
3492,10,1,52.970455973256236,48.91465251241881,49.15398324041438,46.09259625993073,4,4,2,1,2,1,1,Dropout
3493,11,0,44.926829273219184,80.75951083828437,86.68415522163284,89.78679719645191,2,4,1,2,3,1,0,Non-Dropout
3494,14,0,68.01027762575248,97.81889064706573,73.12092019268337,77.05427069427739,9,2,0,3,2,1,0,Non-Dropout
3495,13,1,82.69621409623166,61.16939767586253,61.48895554727138,62.0990279158163,6,1,0,2,2,0,0,Non-Dropout
3496,13,1,60.06806873645827,70.79156867782159,25.425553555823733,91.90935771074328,6,3,0,1,5,0,0,Non-Dropout
3497,18,1,48.95891697837709,52.807928384472746,94.11596551337377,64.8855908162381,6,2,1,4,3,1,0,Non-Dropout
3498,17,1,89.54669725557456,65.34404314871627,80.85247971400044,52.748800313900205,3,3,0,2,3,1,0,Non-Dropout
3499,15,1,71.769245999726,66.89593198265665,48.588454827107896,83.32492374918324,3,4,1,2,3,1,0,Non-Dropout
3500,10,0,69.16286215451419,100.0,45.96149140932198,45.785138673803004,5,2,2,3,2,0,0,Non-Dropout
3501,11,0,62.14714036740497,68.65620261702384,95.67207215354459,58.98653956147898,5,4,1,4,5,1,0,Non-Dropout
3502,15,0,75.03521257786223,64.39357495986015,77.51010645956822,46.990149180914784,2,6,1,2,1,0,0,Non-Dropout
3503,11,1,68.92783346418005,73.12086879809851,35.9925188369994,53.00975080794736,2,4,3,1,1,1,1,Dropout
3504,19,0,57.780973574309286,40.8462791772631,51.740054339726214,67.9974514382127,6,3,1,2,1,1,1,Dropout
3505,14,1,60.29296059780709,27.825723032884426,100.0,70.05786057486759,6,5,0,1,1,1,0,Non-Dropout
3506,14,0,49.70169798480449,47.357695241137755,95.05594409832072,48.467115292138615,6,1,1,1,2,1,0,Non-Dropout
3507,15,0,47.83152218708754,81.48205903186305,70.01428188062842,92.13740243099403,9,1,0,2,4,0,0,Non-Dropout
3508,15,1,60.55021707354751,74.94646188379983,70.55927296099014,33.66293867261541,5,4,1,1,3,1,0,Non-Dropout
3509,15,1,82.31322338437211,92.38210242789168,15.615477260601736,66.94356318993246,4,4,0,3,2,1,0,Non-Dropout
3510,11,0,49.48755181757987,44.592579352912395,100.0,67.32727588973151,3,3,1,3,4,0,0,Non-Dropout
3511,19,0,77.54555043886116,70.91873607841478,58.71453140535888,68.9522376594044,9,4,3,2,1,0,1,Dropout
3512,12,0,53.01597719514801,43.16355895538531,49.783296325362045,78.18993539822407,4,2,1,1,2,0,0,Non-Dropout
3513,15,0,38.20095390953452,80.34641018756277,88.74932116676166,19.257535611177907,8,3,0,3,5,0,0,Non-Dropout
3514,17,0,73.19899637883614,47.44203066933633,54.25115895765091,53.389243549642906,6,4,2,4,5,1,0,Non-Dropout
3515,10,1,89.43152131362173,70.13263406084918,24.425851833509405,67.26901797654564,9,4,0,3,2,0,0,Non-Dropout
3516,10,1,52.16397379597958,79.12793779354077,80.24523613511053,90.5461517993967,11,3,3,5,4,1,0,Non-Dropout
3517,11,1,41.4519363664976,67.17601633197441,32.11344336086324,56.2726962674447,2,3,1,3,1,1,0,Non-Dropout
3518,15,1,71.82372126620034,29.760993904929485,68.53012901111852,62.11395292136487,4,3,1,3,4,1,0,Non-Dropout
3519,18,0,51.152387067920074,100.0,77.94022179365408,75.88187447140864,5,2,0,2,4,1,0,Non-Dropout
3520,13,0,73.04969867706393,65.05248253914266,63.05399588443311,46.856536728576074,7,1,1,4,3,1,0,Non-Dropout
3521,12,1,82.27219391305763,42.809854051531886,63.1658201306017,65.33668360382609,4,5,0,3,4,1,0,Non-Dropout
3522,17,0,69.95926243404404,90.22392001591747,100.0,63.42297818726494,4,0,1,2,3,1,0,Non-Dropout
3523,19,1,77.14652462518207,90.97139468543057,100.0,55.861655039467564,3,6,1,2,2,0,0,Non-Dropout
3524,18,0,77.2491823045205,68.95638198598837,47.06148875658815,72.5456111086927,10,5,0,2,3,1,0,Non-Dropout
3525,14,0,79.84920068267945,100.0,55.13108540679795,97.35372895764327,4,6,2,2,3,0,0,Non-Dropout
3526,18,0,65.67816151336221,60.18608124922734,56.503314242695375,67.6056766151082,4,2,1,5,3,1,0,Non-Dropout
3527,11,1,76.68614641090481,78.51297176589951,69.21402435505199,31.476422524813913,4,3,2,2,4,1,0,Non-Dropout
3528,12,1,67.46602619234467,85.21603278846848,67.95043405702359,51.93324822156841,6,1,1,1,1,0,0,Non-Dropout
3529,16,1,70.86980257902839,100.0,100.0,87.18964154132713,3,3,0,2,3,0,0,Non-Dropout
3530,16,1,100.0,36.13381247238933,65.36169848038257,61.406885079886585,7,2,2,5,3,0,0,Non-Dropout
3531,15,0,68.62400785378499,100.0,44.24336337466308,47.40617569631357,8,3,0,1,2,1,0,Non-Dropout
3532,15,0,42.53360100794951,98.47745399651757,55.29960782327282,76.31823087172967,7,3,2,2,1,0,0,Non-Dropout
3533,11,0,62.03871233723538,83.98911989088062,79.33450587305772,55.41998971213029,3,5,2,2,2,1,0,Non-Dropout
3534,19,0,60.3421136653659,59.00695494990666,63.57188475516904,65.52585295326173,5,1,0,3,2,0,0,Non-Dropout
3535,15,1,61.02809597368079,57.326625026327186,77.84011827956114,48.02446824286332,4,2,1,4,4,1,0,Non-Dropout
3536,13,0,79.30163639379448,80.75662656901255,63.895625818853446,58.72910204744761,4,3,0,2,2,0,0,Non-Dropout
3537,12,0,81.95887096496044,84.87599994896581,88.11994613520258,64.54770706578255,2,2,0,2,5,0,0,Non-Dropout
3538,11,0,63.41547135953904,82.29735999978564,67.79336464497304,63.48814358144627,5,5,1,2,5,1,0,Non-Dropout
3539,10,1,44.12188477221618,78.1950549191227,39.589918609842314,70.61971988828519,3,3,1,5,4,1,0,Non-Dropout
3540,14,1,66.48643362774662,83.63925527564737,61.32864527351522,68.01810558437823,8,2,1,5,3,1,0,Non-Dropout
3541,11,1,56.849168868564995,31.287548129509247,100.0,49.72295896756934,2,3,1,3,3,1,0,Non-Dropout
3542,11,0,68.15607070956979,69.67791172188979,100.0,90.28725479565476,6,4,3,4,2,0,0,Non-Dropout
3543,16,1,63.18557161715133,47.33536406689774,40.9583014614404,62.648446166607606,7,3,2,5,3,1,0,Non-Dropout
3544,17,0,83.24536427601629,74.18922726404305,100.0,44.74192596614229,2,2,1,3,5,1,0,Non-Dropout
3545,19,0,69.12212069695846,100.0,73.42756542797972,31.66526130127555,5,3,1,2,2,1,0,Non-Dropout
3546,17,0,56.897125336677576,56.826262186497736,57.790408938729975,66.12773496477878,7,6,0,2,4,0,0,Non-Dropout
3547,13,1,44.217016289242295,60.81420860054526,62.96045481057667,51.1060149310508,5,3,2,3,2,1,0,Non-Dropout
3548,10,1,64.27978754152414,58.00966337515738,71.42055922409277,73.59207690540754,3,3,0,2,5,0,0,Non-Dropout
3549,16,0,64.3334396908067,60.68185788951577,97.10160617517771,65.72539369197844,3,1,2,3,2,1,0,Non-Dropout
3550,10,0,61.06308876944502,86.08105401684264,74.75071985192668,100.0,4,3,0,2,4,1,0,Non-Dropout
3551,13,1,76.62985627105348,90.74394361009475,78.33506208809477,46.08705608475354,8,0,1,5,4,1,0,Non-Dropout
3552,17,1,44.25832263443633,100.0,100.0,80.86530105277333,7,1,1,1,3,1,0,Non-Dropout
3553,11,1,53.56183904690631,54.89741196870939,60.02274753643833,48.65602470383164,4,3,0,5,2,1,0,Non-Dropout
3554,15,0,65.79376399229201,88.67879041321788,77.56078867999084,77.4643522497688,6,3,0,4,1,1,0,Non-Dropout
3555,15,0,56.607376715675386,92.00738385690221,80.97189996408858,86.34682146375593,8,1,1,4,1,0,0,Non-Dropout
3556,18,0,59.649361427353796,100.0,73.36821149425094,59.83417330453262,4,2,0,5,1,1,0,Non-Dropout
3557,14,1,64.0962294820374,56.39024130924386,82.47506576906079,54.06198066720296,7,1,2,4,4,0,0,Non-Dropout
3558,19,1,75.28947400120441,34.92840250256464,52.7198160231568,62.65126897692885,4,7,1,2,2,0,0,Non-Dropout
3559,13,1,63.49139519675408,69.45228467557413,94.49996158157019,53.85491630193927,5,2,0,1,2,1,0,Non-Dropout
3560,14,0,35.45473315472276,100.0,56.153621095316865,89.15923051434218,5,1,1,3,2,0,0,Non-Dropout
3561,19,0,55.9580448647343,53.094744326943164,81.36637895891802,62.03630632018093,9,2,1,1,2,1,0,Non-Dropout
3562,14,1,72.43676412950119,84.73849894423759,75.25975975163132,71.59297005448643,8,4,1,5,2,1,0,Non-Dropout
3563,17,0,76.44010458149832,30.669428068499947,52.83467954038419,72.03331811930752,3,0,3,4,2,1,0,Non-Dropout
3564,19,1,77.26786817264157,100.0,100.0,78.38282970139926,4,1,1,4,3,1,0,Non-Dropout
3565,17,0,81.51766504943095,37.43590924392858,100.0,58.21983922730174,2,4,1,2,4,1,0,Non-Dropout
3566,11,1,66.77655915634983,27.177408077738185,46.97914922316615,76.51075970147922,0,1,2,1,3,1,1,Dropout
3567,16,0,68.9474747130447,76.9773817826367,89.98236553371859,84.52059844186314,3,0,0,3,2,1,0,Non-Dropout
3568,17,0,49.79137180610627,77.36739092263392,66.93653863563135,62.664830969946074,4,5,1,3,2,1,0,Non-Dropout
3569,15,1,32.38137030823184,100.0,53.15421672474564,45.005033957289456,5,2,0,4,3,1,0,Non-Dropout
3570,14,1,43.73626124633152,91.98922647981144,79.2127428119324,85.52892204803774,7,4,1,3,3,0,0,Non-Dropout
3571,18,1,54.47243672464342,34.98847843274268,90.84477786552907,67.604608873256,4,5,0,1,4,1,0,Non-Dropout
3572,12,1,44.604431730037845,71.96260922410147,74.02707267582474,65.06297930493525,6,3,2,4,5,1,0,Non-Dropout
3573,19,1,60.60609589909786,61.05821481643908,60.91254447410494,75.15143743996498,2,1,0,3,2,1,0,Non-Dropout
3574,13,0,58.06867609038116,48.298953601169416,100.0,86.43772202116759,6,4,0,5,2,1,0,Non-Dropout
3575,18,1,79.06740520853086,83.67345161164592,100.0,61.670329663351175,6,5,1,1,3,0,0,Non-Dropout
3576,15,1,50.46295268318198,95.85961924943021,52.92771444726253,83.83462441134435,6,3,0,3,1,1,0,Non-Dropout
3577,17,1,67.10872875775931,58.8940837468741,72.27219867133489,66.08154704725287,7,4,1,3,2,1,0,Non-Dropout
3578,16,0,58.703484598747394,68.34299469996412,30.52586451361787,74.35705302440762,4,3,1,5,2,0,0,Non-Dropout
3579,11,1,49.90132150509697,69.6762753537927,90.88355093273205,55.895873134529204,3,5,1,4,2,1,0,Non-Dropout
3580,12,1,54.08432819047856,61.77829741692487,100.0,61.1926232466417,0,2,2,2,3,0,0,Non-Dropout
3581,10,1,34.231104423796324,66.45231928685872,79.73861080824065,81.27014729128008,4,1,1,2,1,1,0,Non-Dropout
3582,18,0,76.22520240340451,61.76548320275775,44.11530081511229,35.534602081567435,4,3,2,2,4,1,0,Non-Dropout
3583,16,0,86.03391880622037,77.49268403988833,100.0,75.50671353484097,3,1,0,5,3,1,0,Non-Dropout
3584,10,1,60.98800824438324,63.27114563699401,100.0,70.69281509065249,4,3,0,3,3,1,0,Non-Dropout
3585,12,0,65.43593131091467,83.54184921524472,59.20309883602904,89.91534361268236,6,1,0,5,2,1,0,Non-Dropout
3586,13,1,60.562132393912115,63.197831877345195,81.13652310215558,80.09146823346843,6,3,1,2,2,1,0,Non-Dropout
3587,13,0,52.69863077704905,87.93481157395375,90.4168403855023,67.6528069265177,4,3,0,1,1,0,0,Non-Dropout
3588,14,1,75.57354290316314,62.7663083898543,89.68444024275944,45.92240350998122,2,5,0,3,1,0,0,Non-Dropout
3589,12,0,69.78602487727422,87.11472563788402,71.20486136222766,56.29127730691866,7,2,0,5,5,1,0,Non-Dropout
3590,12,1,21.31798430931326,58.02817467362118,100.0,61.5961972062994,1,3,1,3,3,0,0,Non-Dropout
3591,10,1,49.48083878886327,92.70725085222563,30.867611664847274,87.38037042436594,3,2,1,1,2,0,0,Non-Dropout
3592,16,0,34.20408125653961,39.43950068317883,31.187732002556793,77.0115080993433,5,6,0,1,1,0,1,Dropout
3593,19,1,88.33121518082874,74.88307389900302,69.6078812582255,53.07449783066219,2,1,1,2,5,0,0,Non-Dropout
3594,10,1,62.42256841331391,63.65698019736762,100.0,71.04213658955574,5,2,4,1,3,1,0,Non-Dropout
3595,11,1,68.61052342544419,74.0763735811484,98.99233010855104,58.118494762552146,5,3,1,1,1,0,0,Non-Dropout
3596,13,1,59.700572973796646,51.28022426816583,32.666816102173215,55.312735982876696,4,5,1,4,2,1,0,Non-Dropout
3597,13,0,81.5404508943513,71.10806127198856,100.0,74.42853557889782,5,2,1,4,3,0,0,Non-Dropout
3598,14,1,77.91057758891651,52.81292693657907,83.85858241736487,62.833822389114005,9,1,0,1,1,1,0,Non-Dropout
3599,11,0,61.76781225469227,70.23659186768987,41.19451240192693,47.536078647381,3,5,3,4,2,1,0,Non-Dropout
3600,13,0,90.76989583512838,68.37696124452481,67.69696834788608,77.40398038595445,12,7,0,1,3,1,0,Non-Dropout
3601,10,0,67.77977213349311,81.59845613568544,94.17862979362143,67.28002494195235,5,7,2,4,1,0,0,Non-Dropout
3602,11,0,43.098123872917675,76.31618626833091,100.0,59.50469155648906,0,3,0,3,2,0,0,Non-Dropout
3603,10,1,66.50028106270341,100.0,68.35059570256676,87.38705566347011,1,3,1,4,2,0,0,Non-Dropout
3604,19,1,72.76160986589429,64.8013048917,83.05411220918036,80.96186287205414,4,2,0,4,3,1,0,Non-Dropout
3605,19,0,63.001628711775886,72.34742714457921,66.8804539015703,66.82396477637401,8,1,0,1,3,1,0,Non-Dropout
3606,13,1,58.82775432135556,100.0,68.35372432121999,39.32091488946438,9,1,2,1,2,1,0,Non-Dropout
3607,13,0,91.46541974344953,70.52896140406646,88.11969945816371,81.65786149618748,2,2,0,1,4,1,0,Non-Dropout
3608,16,1,47.21206311927007,94.06442737834553,100.0,57.748683431628564,7,2,1,4,3,1,0,Non-Dropout
3609,19,1,23.544292623350756,86.53099722905327,41.56342325527176,62.631933206917715,7,3,0,3,1,1,0,Non-Dropout
3610,18,1,89.28581046394767,100.0,64.180313872079,60.459095158926964,5,3,0,5,2,0,0,Non-Dropout
3611,18,0,46.609289058655285,46.38708564724731,54.95158094527398,45.565827215145276,10,2,0,2,5,0,0,Non-Dropout
3612,14,0,60.70072942252679,44.10838566428953,44.799886652252106,71.78759240889354,7,6,0,1,3,1,0,Non-Dropout
3613,19,1,59.33851767406625,52.642407572148315,43.523947920355454,52.35994635034872,6,4,0,2,2,1,0,Non-Dropout
3614,10,0,83.47622736047781,78.4555821804101,70.62377454250354,71.01030240261717,5,3,2,2,2,0,0,Non-Dropout
3615,10,0,86.52284569440302,54.93195373332006,43.18600072514315,50.95890176546527,7,2,1,4,2,0,0,Non-Dropout
3616,15,1,45.61436818842211,32.331162808548996,42.3383629093141,58.1848562122488,6,3,0,2,1,1,1,Dropout
3617,11,0,85.353644422781,56.512847298313915,65.51619015995308,70.47674852844811,7,1,2,1,2,0,0,Non-Dropout
3618,17,1,85.07615474324272,82.37166680956184,45.51380957438194,66.85337766139861,5,1,0,2,3,0,0,Non-Dropout
3619,18,1,65.29032411387455,56.92808921960702,82.71485782666777,74.32556258347573,8,4,2,4,4,1,0,Non-Dropout
3620,13,1,78.98813832979788,97.84824270129347,58.02135464981874,75.45831177530553,7,2,0,2,1,1,0,Non-Dropout
3621,14,0,80.49244930917135,52.492305225229785,40.13712402745928,84.98492410762105,10,4,0,3,3,1,0,Non-Dropout
3622,17,1,61.21358223161151,75.28287892050201,100.0,64.98882777415226,7,3,0,2,3,1,0,Non-Dropout
3623,12,1,62.63650163674518,67.18149805191717,16.681047774145853,83.10468707013807,4,4,1,1,2,1,0,Non-Dropout
3624,14,0,73.83992070611633,78.76960316985001,91.40761623891699,60.16392643976709,3,5,1,2,4,1,0,Non-Dropout
3625,12,0,40.57212550046283,80.77708297869272,78.65252862370133,76.66793309597786,4,2,1,4,2,0,0,Non-Dropout
3626,19,0,59.69290000228117,100.0,57.88137173299722,81.85345948743296,5,2,1,3,1,1,0,Non-Dropout
3627,12,0,46.994618805449775,88.7969192763836,47.3071431203128,81.79696350717848,7,0,1,1,3,1,0,Non-Dropout
3628,12,1,86.3536730449853,66.58467401174559,100.0,43.11785492761424,3,5,0,2,3,0,0,Non-Dropout
3629,16,0,59.5162606324651,87.25725480496683,100.0,17.825565155534356,10,4,0,2,5,1,0,Non-Dropout
3630,16,0,69.14560584640029,90.00496606771806,62.67974426546123,73.32621511550961,6,6,2,2,2,1,0,Non-Dropout
3631,16,0,61.72382096041235,100.0,59.0441112990981,65.03773273227438,7,1,2,3,3,1,0,Non-Dropout
3632,19,0,60.747738718126506,71.85733507556239,98.21865389861685,69.20624134155622,5,2,0,1,3,1,0,Non-Dropout
3633,17,1,68.16449431379931,73.34169894006577,63.84993745230979,66.3750514850551,8,3,2,1,2,0,0,Non-Dropout
3634,14,0,54.04034502796799,100.0,84.5863656388358,59.91141055860414,7,3,2,3,4,1,0,Non-Dropout
3635,14,1,62.02276472798641,35.02958647466916,83.95037814083484,73.58875907251266,10,1,1,2,2,0,1,Dropout
3636,13,0,61.91235504147368,70.90724036654494,70.93311915967571,70.08414388519482,8,3,0,2,3,1,0,Non-Dropout
3637,16,1,58.65177050197563,88.88666347368114,74.1274733892608,63.427940231129426,7,2,2,1,2,1,0,Non-Dropout
3638,19,1,70.86585361617871,95.94425649911514,79.23984538761957,65.43406806819925,5,1,0,2,4,1,0,Non-Dropout
3639,13,0,58.29506101978278,30.81297029488038,42.785405075679364,74.25342917241665,5,4,0,1,5,1,0,Non-Dropout
3640,11,1,89.16672473617936,48.23464857122814,53.006695478546774,56.08729643791056,8,4,1,2,3,1,0,Non-Dropout
3641,13,0,74.43446162060792,25.146195573319943,75.64403152860841,48.324237112267106,4,2,2,2,4,1,0,Non-Dropout
3642,17,1,44.76034917887895,92.45878021051047,58.643018857171946,48.09296754965074,4,2,0,2,1,1,0,Non-Dropout
3643,18,1,73.26316916057932,79.08913376102197,100.0,57.37151310945141,3,0,1,3,4,0,0,Non-Dropout
3644,12,1,54.65780453738154,100.0,73.31446248770195,87.26666478874778,4,5,0,4,4,0,0,Non-Dropout
3645,16,0,67.0353526310818,75.58334879288378,26.545123998786465,66.99154117535554,5,2,1,3,1,1,0,Non-Dropout
3646,18,1,54.03206839058977,100.0,0.0,54.81470105454578,5,1,0,1,3,0,0,Non-Dropout
3647,13,0,32.08394168935734,56.1393930881391,90.52650339098211,68.03454173511257,3,2,0,1,4,0,0,Non-Dropout
3648,19,1,64.6739976060741,67.65721727776645,73.531577032137,49.33564050387201,7,2,1,5,3,0,0,Non-Dropout
3649,12,1,43.4837636172806,83.25660891392924,100.0,62.21249056940096,4,5,1,2,4,0,0,Non-Dropout
3650,14,1,71.29573083096987,60.74492420584232,53.90001392895073,58.843677449256504,2,5,1,4,3,0,0,Non-Dropout
3651,10,1,67.6217723870978,83.34332059645676,66.98527950155221,45.15081249744355,2,1,0,3,2,1,0,Non-Dropout
3652,12,1,55.94173184089129,72.78694634094903,76.9803341731229,81.39845802295278,4,2,0,3,5,1,0,Non-Dropout
3653,17,1,92.38305557035982,71.62155456876634,66.12348808749911,59.35060058222277,2,1,3,1,5,0,0,Non-Dropout
3654,17,0,46.4106879904343,72.49434164178372,64.05645481411834,64.42348277617953,7,2,0,4,1,0,0,Non-Dropout
3655,13,0,55.634935231157506,89.10800059947991,88.13996878465507,75.45221044158521,7,2,1,2,1,1,0,Non-Dropout
3656,11,0,48.189626264243785,68.1421923677606,49.15551163368643,70.27677203734031,5,4,0,2,3,1,0,Non-Dropout
3657,17,1,95.61974048388831,52.60106276347153,83.39202058842886,66.15803776221475,3,2,1,3,3,1,0,Non-Dropout
3658,17,0,85.28366212469118,76.34337992468754,100.0,61.42932762450336,9,0,0,2,4,1,0,Non-Dropout
3659,19,1,43.66817203504354,62.321683068867856,100.0,75.92287027644659,6,0,0,2,1,0,0,Non-Dropout
3660,13,0,52.616284375196145,55.01576470814359,24.853075106309028,64.89172418956035,7,2,1,1,2,1,1,Dropout
3661,12,0,53.12512012317353,40.380277737727795,57.755466834567905,67.16276673575773,6,3,1,2,5,1,0,Non-Dropout
3662,11,1,56.73909473355717,93.62264454175408,77.26429465230365,81.69319001668924,5,1,1,3,4,0,0,Non-Dropout
3663,18,1,49.35829019250028,88.24997764595422,100.0,82.54287692149268,7,5,1,2,5,1,0,Non-Dropout
3664,10,0,55.91373444483067,100.0,75.24744959789008,69.03081186457938,4,2,0,4,1,1,0,Non-Dropout
3665,16,0,80.07308403589997,75.05550099664046,100.0,66.56916403488482,3,4,0,5,2,0,0,Non-Dropout
3666,14,0,94.20368504118481,96.57103492639382,53.265494204899255,74.83729154154123,8,4,1,1,2,0,0,Non-Dropout
3667,17,0,41.83402731683865,56.126643700416494,78.2449218349916,61.22515817593988,9,3,2,3,4,0,0,Non-Dropout
3668,13,1,49.38339315099181,36.83775216701383,78.87413140197084,61.264512012297175,1,2,0,2,2,1,0,Non-Dropout
3669,16,0,68.20339166570349,59.966882197792145,100.0,64.05972152396096,2,5,1,2,1,1,0,Non-Dropout
3670,14,1,41.295415405759236,70.88112676579469,92.71389509146628,49.723075757978265,2,3,2,2,3,0,0,Non-Dropout
3671,14,1,68.59148032086838,82.20911354861609,87.2500359855051,100.0,2,3,3,2,4,0,0,Non-Dropout
3672,18,0,73.10154180694593,100.0,91.233245822058,59.00450590983628,2,3,1,2,1,1,0,Non-Dropout
3673,18,1,75.50978825040461,81.44160758761963,39.759978985235456,72.0144691292403,2,5,0,2,2,1,0,Non-Dropout
3674,18,0,72.68216789744355,100.0,65.71345649628746,64.74603774891202,3,2,0,1,5,1,0,Non-Dropout
3675,15,1,56.97127179265397,77.39640047262398,44.87731534299694,75.31929557634464,7,3,1,2,1,1,0,Non-Dropout
3676,15,1,62.27495657799943,77.01470900207983,53.67199997526461,59.23908628278233,4,1,1,5,2,0,0,Non-Dropout
3677,14,0,47.30708620785057,81.76405277742482,65.65638673806933,68.25214895786829,2,0,1,2,2,0,0,Non-Dropout
3678,18,1,71.9650798195644,82.57904970238172,13.5900710584855,52.24671707249878,2,1,0,2,1,1,0,Non-Dropout
3679,19,1,89.05040400702683,82.2917700893338,66.55799525306254,83.21300146043107,2,5,0,4,3,1,0,Non-Dropout
3680,17,0,71.93301348601084,50.354960098501934,50.42954341071028,74.92339618822197,4,2,0,4,1,1,0,Non-Dropout
3681,16,1,54.5749889625942,92.04385496992035,43.59738376879835,43.754521699352544,7,3,1,3,5,0,0,Non-Dropout
3682,16,1,79.92187779048838,100.0,72.39642200748625,65.21206715377092,0,4,0,2,5,0,0,Non-Dropout
3683,15,0,100.0,57.34032036984779,60.28164945557468,44.14282933788914,4,3,5,2,3,1,1,Dropout
3684,14,0,68.64724657420422,74.17522968725628,78.53754349188287,53.00756083922985,2,2,2,2,3,1,0,Non-Dropout
3685,13,1,73.31709265782001,47.54418317241431,53.77943809784941,78.8147724333599,5,3,1,1,5,1,0,Non-Dropout
3686,12,1,75.16551641099065,90.03842618807278,65.61000628451711,27.709309336807408,5,8,3,3,3,1,0,Non-Dropout
3687,12,1,40.93314101222394,90.01921121497755,100.0,80.67889010956124,5,2,2,1,2,1,0,Non-Dropout
3688,15,0,58.83316740972073,44.91933269578486,85.57752977024596,70.68194339234977,9,4,1,3,2,1,0,Non-Dropout
3689,13,1,57.29200367704291,48.75095714389482,48.84819466764819,63.798215324563614,6,6,2,4,2,0,0,Non-Dropout
3690,15,1,77.52299973343922,33.366709423526686,100.0,78.1683869775395,4,0,1,3,3,1,0,Non-Dropout
3691,12,1,75.77553961841123,100.0,100.0,100.0,6,4,2,2,2,0,0,Non-Dropout
3692,13,1,63.188948859005784,58.2256683436803,84.96704241634198,45.06156640595066,5,1,1,4,5,1,0,Non-Dropout
3693,18,1,56.39182911486927,72.31577597141579,50.45108888115938,90.402695097681,4,4,0,2,3,0,0,Non-Dropout
3694,14,1,39.70106060439825,67.66691894604821,95.8245085688598,79.49610900933793,6,2,0,2,3,0,0,Non-Dropout
3695,16,0,64.76881207087607,94.76896043691748,55.56719376567118,54.42820295121621,4,3,0,1,4,0,0,Non-Dropout
3696,19,0,50.681478278317485,88.20444876796897,100.0,72.87182595634067,6,1,1,4,2,0,0,Non-Dropout
3697,11,1,48.82247990632831,87.1364184940136,63.977030470315796,48.31812585158992,8,1,0,3,3,0,0,Non-Dropout
3698,14,1,78.89403146183881,58.75887616245328,63.012124022669894,57.61083172841406,8,3,0,1,1,0,0,Non-Dropout
3699,18,0,77.32879692570175,88.6246255186873,83.10143381115321,33.42443965625626,5,6,1,3,2,0,0,Non-Dropout
3700,12,0,57.6710876285075,93.56874781895121,100.0,44.77134508844563,3,3,1,4,1,1,0,Non-Dropout
3701,18,0,41.46433578038549,88.03394069561386,100.0,70.72547422266703,4,3,0,2,4,1,0,Non-Dropout
3702,15,1,52.61282629634441,49.21875736743921,70.67536564420502,72.05333759052175,1,4,0,4,2,0,0,Non-Dropout
3703,13,1,79.89880941990789,52.40512668537428,59.75816813200963,71.88727519995038,3,3,3,5,2,1,0,Non-Dropout
3704,16,1,72.01577925464362,100.0,49.48323035111491,74.54269588450522,5,1,1,2,1,0,0,Non-Dropout
3705,17,1,57.92292803866464,100.0,32.953136829458735,66.77678597912991,1,3,0,3,1,1,0,Non-Dropout
3706,15,0,65.88129765315361,73.60045659308753,44.849080660563494,75.17532834277485,4,0,0,4,2,0,0,Non-Dropout
3707,14,0,33.8776712306477,73.5745753530297,75.89099121461568,81.09645619505702,4,2,0,3,3,1,0,Non-Dropout
3708,15,0,32.74213419447827,78.14829613065771,96.36628731281965,68.6960697658842,5,2,2,2,4,0,0,Non-Dropout
3709,14,0,94.65689780781587,86.58008067960297,47.406491658819874,58.4843635478872,9,1,0,3,5,0,0,Non-Dropout
3710,17,1,72.59789327509483,46.14993791352963,89.67829461134303,62.81925967543948,6,4,2,3,4,0,0,Non-Dropout
3711,10,1,65.02493096388882,79.60837668727335,48.45245020688401,52.45626642101612,8,2,0,2,3,1,0,Non-Dropout
3712,16,0,59.04565723987607,54.38497010586035,51.49147279709006,77.77091004225495,6,3,2,1,3,1,0,Non-Dropout
3713,19,0,38.57249015702788,74.59517050623022,43.26128893827286,40.9182294436357,9,3,0,1,2,1,0,Non-Dropout
3714,19,0,79.89821191229134,57.32339454342271,100.0,62.60962062542283,4,4,1,3,5,1,0,Non-Dropout
3715,11,0,47.94666855304404,62.034325813938885,100.0,73.53703221050884,8,1,2,1,3,0,0,Non-Dropout
3716,18,0,75.56273968000224,78.6317482141565,51.77217751949567,49.69881986570029,5,3,1,2,1,1,0,Non-Dropout
3717,10,1,66.98001148313843,62.65392659962366,49.77147846726541,44.030001155152775,2,3,2,4,2,0,0,Non-Dropout
3718,19,1,64.2185830381477,53.02300877998633,85.56428304105148,30.805423925753722,5,3,0,4,1,1,0,Non-Dropout
3719,15,0,45.46450521403096,100.0,100.0,60.73509088939499,11,2,3,5,2,0,0,Non-Dropout
3720,18,0,45.664249929910916,53.30914446017189,100.0,47.84735367934493,8,4,1,3,3,1,0,Non-Dropout
3721,10,0,70.84901579468882,28.790865222896727,60.3735032504482,78.15125280445196,8,1,0,2,2,1,1,Dropout
3722,13,1,66.18825236630028,86.37529592499519,65.41130084112946,41.726564090663196,6,4,0,3,2,0,0,Non-Dropout
3723,13,1,65.70750609895069,69.2064018005928,39.21146131549473,72.93011502446467,3,6,2,1,2,0,0,Non-Dropout
3724,18,1,69.29062388770531,74.41324789427281,60.09155707190215,45.46940878273453,1,2,1,2,1,0,0,Non-Dropout
3725,14,0,35.94884764809437,78.16366005593858,72.41579502910557,42.303447975571956,6,6,0,5,1,1,0,Non-Dropout
3726,14,1,80.2271575991073,100.0,36.25559333098489,46.947531266115625,6,1,0,1,2,1,0,Non-Dropout
3727,15,0,59.661503890784644,100.0,56.375305955752495,81.1300027505335,7,5,2,3,2,1,0,Non-Dropout
3728,10,1,82.54467533180656,80.06889298176978,75.555360715836,46.95760809283503,4,1,2,1,2,1,0,Non-Dropout
3729,10,1,34.87513992821238,51.48545876595095,32.00063586816798,82.12884002675176,8,1,1,2,1,1,1,Dropout
3730,18,1,73.53539008291145,77.91927016835385,81.7264878574042,68.03977514432538,9,2,2,2,4,1,0,Non-Dropout
3731,12,0,73.39368946691391,86.7836430074052,95.50985873039468,57.22437555195786,5,2,1,1,1,1,0,Non-Dropout
3732,13,0,42.70800989965014,95.07271286937772,84.25075234386019,49.21598184993962,5,5,1,1,3,0,0,Non-Dropout
3733,10,1,55.41115823596795,77.74587750698643,57.58018826041423,93.5664699972301,8,3,1,2,3,1,0,Non-Dropout
3734,18,0,49.107404060747015,63.78917839744453,99.29991818655634,56.17473276092279,2,1,0,3,1,1,0,Non-Dropout
3735,17,0,77.94818933757878,56.864244920860884,100.0,56.23724745161897,5,4,3,4,4,1,0,Non-Dropout
3736,11,0,69.63332724333864,72.6689182892786,77.94472413407448,86.76749427324636,5,3,0,2,3,1,0,Non-Dropout
3737,17,0,88.9827323885263,44.979911042028576,73.72596056002304,89.42607184795135,3,2,1,2,3,1,0,Non-Dropout
3738,16,0,68.04430901422948,82.8876172115792,54.50732375330415,62.900797450381404,5,3,1,1,3,1,0,Non-Dropout
3739,15,0,75.98366280334336,78.5463229094683,59.83308105077936,82.76352425202248,4,3,1,3,2,0,0,Non-Dropout
3740,10,0,82.58016112070761,78.44692454209381,96.80438157929373,55.81201376806396,7,3,0,4,2,1,0,Non-Dropout
3741,16,1,73.3164008976159,89.35253635635304,100.0,98.70458612714307,4,4,0,1,5,1,0,Non-Dropout
3742,19,0,59.23725195572331,100.0,59.62556713461545,45.330991255331114,5,4,0,1,4,1,0,Non-Dropout
3743,16,0,56.44558332107696,73.59137545909259,65.71753321558663,51.28893203212775,2,4,0,4,4,1,0,Non-Dropout
3744,18,1,63.803998587071945,76.53866551559354,53.81904508376513,84.69107902805659,3,1,1,2,2,0,0,Non-Dropout
3745,10,1,76.94875684715136,67.60669304048315,59.22968148627795,60.66097043687441,5,3,0,3,4,0,0,Non-Dropout
3746,11,1,53.50845407220573,86.03022479700442,38.54990959000442,85.58245272216583,7,4,2,3,2,1,0,Non-Dropout
3747,18,1,74.78230289269547,74.84767331842228,80.72909983622033,58.00710884418186,6,4,1,3,2,0,0,Non-Dropout
3748,18,0,69.83948477465458,98.10119335437679,38.29715905122178,74.88895413567062,6,4,2,3,2,1,0,Non-Dropout
3749,15,1,46.20040815200778,97.6809385506369,56.29391096381886,54.60512134098339,4,4,1,2,1,1,0,Non-Dropout
3750,15,1,74.05302888785641,81.32150013483691,68.47178425623778,63.863850408388856,8,2,1,4,1,0,0,Non-Dropout
3751,13,0,67.12881519278528,73.40777121280716,37.148979202018374,45.79249342778811,3,3,1,3,3,0,0,Non-Dropout
3752,13,0,56.742136832145604,69.53505105054708,50.65339159321606,64.28209365841877,6,5,1,2,3,1,0,Non-Dropout
3753,14,0,66.91142859071404,84.60733048241553,41.86606172538855,51.83276694467395,4,4,1,3,4,0,0,Non-Dropout
3754,12,1,57.325234650738935,84.66053318115044,97.49026843267383,96.08826170014665,5,4,1,1,4,0,0,Non-Dropout
3755,10,0,68.71508097034665,69.52734520313173,100.0,60.18964353447229,3,2,1,2,2,0,0,Non-Dropout
3756,10,1,62.48059445530171,80.76886451455994,50.26724419508743,47.03510943894695,7,2,2,1,1,1,0,Non-Dropout
3757,16,0,42.05113651985576,59.5155611569022,100.0,75.37762297446521,7,4,1,2,2,0,0,Non-Dropout
3758,10,0,62.929465671766394,84.01858239090924,46.64908043610883,46.88174039609913,10,2,1,3,3,0,0,Non-Dropout
3759,10,1,58.35974156853785,61.19619892216364,59.418474726596,78.15470011530938,9,3,1,2,4,0,0,Non-Dropout
3760,12,0,74.53379531448192,90.4407129484684,82.32283943863735,56.63142147268404,4,5,1,3,2,1,0,Non-Dropout
3761,19,0,78.19652743918617,68.66571337721082,84.68225990509913,64.43420805667276,4,2,1,2,3,0,0,Non-Dropout
3762,13,0,57.364973572542354,100.0,62.024483466226776,62.153895370340734,10,2,0,1,3,0,0,Non-Dropout
3763,13,0,53.15906785121372,75.78195991200805,97.35608234607164,61.193623091317995,6,3,1,1,2,1,0,Non-Dropout
3764,11,0,39.79768928361558,79.75929783799776,99.9678379866262,65.93351503197705,4,3,0,2,2,1,0,Non-Dropout
3765,10,1,52.78944315473888,47.0267618975426,69.80812651195532,55.05168713424901,8,1,0,2,3,0,0,Non-Dropout
3766,12,1,60.15096838411594,100.0,66.24743000295666,48.61981113621404,4,3,5,3,1,1,0,Non-Dropout
3767,13,0,44.911049957686785,74.24130608744751,54.73643296556871,65.5825815968062,9,3,0,2,3,0,0,Non-Dropout
3768,12,1,78.39704888495329,100.0,43.99381440803104,59.0338325625214,2,3,1,3,4,0,0,Non-Dropout
3769,17,1,68.93242940661042,75.96487376168447,49.98846237954695,45.81557936807083,7,0,0,3,5,1,0,Non-Dropout
3770,19,1,63.193749289701515,70.71746163462375,83.61328896017608,74.2140890047908,2,4,1,2,4,0,0,Non-Dropout
3771,10,0,64.74993043407297,64.77052687451307,70.01758309006303,64.7548435905731,8,5,2,5,2,0,0,Non-Dropout
3772,11,0,69.5906743037767,87.8436559019906,63.894866712513654,48.69979686121301,8,2,2,2,4,1,0,Non-Dropout
3773,16,0,74.49642466804264,85.41513546762923,55.72439451367759,61.4342163534985,2,4,0,3,1,1,0,Non-Dropout
3774,13,1,77.13511455270898,48.319307423629795,56.26495787112751,62.83176373104229,5,1,3,4,2,1,0,Non-Dropout
3775,17,1,60.36303507030379,63.622191807534506,68.87129562098568,49.538253065846376,6,1,1,2,2,0,0,Non-Dropout
3776,12,0,62.87097579823569,89.44968487132135,66.89714349714679,100.0,4,2,1,1,2,1,0,Non-Dropout
3777,15,0,67.59455158916246,62.11048459569234,69.97399468997962,64.8831723485266,5,1,0,2,4,1,0,Non-Dropout
3778,18,1,62.25858008023052,58.65926138034404,58.8844843056566,61.70120903566142,4,3,1,3,3,1,0,Non-Dropout
3779,10,1,78.08476123830306,78.92487700470791,53.22968975386998,100.0,1,7,1,1,3,0,0,Non-Dropout
3780,10,0,83.40983657207147,76.7429000543319,70.21061176737001,71.8487842350058,2,2,0,1,5,0,0,Non-Dropout
3781,17,1,70.16109971792243,65.72025430537659,86.24492482170433,83.13116620350627,3,3,1,1,4,0,0,Non-Dropout
3782,12,1,51.37712538060144,100.0,57.285196292300576,66.41448036931737,6,4,1,3,2,0,0,Non-Dropout
3783,14,1,72.62601681248113,72.01978767362797,10.316046793159074,65.96351545755466,4,3,1,5,1,0,0,Non-Dropout
3784,10,1,70.7554858131624,49.70011687477919,35.813160395165376,52.17046904245995,6,6,0,5,4,0,0,Non-Dropout
3785,14,1,50.11936962023755,42.62176606054961,96.85627773891837,75.03329137548579,10,4,3,4,3,1,0,Non-Dropout
3786,15,1,70.7389993899309,95.44952255172127,94.84345040703396,92.73040560946839,6,1,2,2,3,1,0,Non-Dropout
3787,17,1,56.837142220309815,53.05214505382027,86.1689445358584,88.656551861174,7,2,0,3,3,0,0,Non-Dropout
3788,12,0,76.19140722615924,75.60883118856295,82.81659695909593,46.841177255188484,7,5,0,5,4,1,0,Non-Dropout
3789,12,0,72.504057827,57.520449354637506,95.44270662332504,92.89341784071578,10,3,3,4,3,1,0,Non-Dropout
3790,19,1,68.34479808253586,72.95776865766601,61.420998336477226,52.58935901070815,6,5,0,1,2,1,0,Non-Dropout
3791,18,1,65.57820100833754,81.95973815597243,73.4728761694383,50.89065510878077,6,2,0,1,3,1,0,Non-Dropout
3792,13,1,32.99941889995491,47.68916289058435,50.705978909750385,51.712052663743954,7,4,1,2,4,0,0,Non-Dropout
3793,13,0,46.78587343013996,65.88596782052423,65.61664489563061,59.134605077736076,5,6,0,1,5,1,0,Non-Dropout
3794,16,0,63.037981703151935,61.528194251214984,100.0,36.009878992889774,10,3,0,4,3,0,0,Non-Dropout
3795,11,1,87.79075321705304,55.6926106742027,49.33438641163809,65.79116276357134,5,2,0,3,3,1,0,Non-Dropout
3796,17,0,73.47021602199169,67.48667761608654,40.87089305460718,61.10661578242929,6,2,2,3,3,1,0,Non-Dropout
3797,15,1,92.21069493588372,62.52399415871184,65.15916404999045,65.62277358941382,2,3,0,5,2,0,0,Non-Dropout
3798,12,1,66.24480790481364,92.45975971816603,60.002905282648726,57.56000857656401,7,1,0,5,4,0,0,Non-Dropout
3799,18,1,64.53723854262091,60.68445812371692,76.64948295272109,41.12007520560685,5,1,0,2,1,1,0,Non-Dropout
3800,14,1,86.3768777988056,84.01646556933355,89.82174225395977,61.09363419458401,6,3,1,1,2,1,0,Non-Dropout
3801,17,1,62.61178542740977,83.31653966229621,60.63676992108189,83.30606100793892,3,1,3,1,3,0,0,Non-Dropout
3802,16,1,50.20295140278225,44.97786016739975,100.0,49.84741844158419,5,1,0,4,3,0,0,Non-Dropout
3803,17,1,69.75131176426046,64.88600969102309,100.0,51.84062173193405,5,5,1,2,4,1,0,Non-Dropout
3804,16,0,81.83770972988592,72.79875696510801,50.91182754118321,71.8231850648666,12,1,0,1,1,1,0,Non-Dropout
3805,12,1,52.61078730378186,80.308237042452,68.02278300635847,46.429642990557376,8,4,2,3,2,1,0,Non-Dropout
3806,11,0,73.8356530951705,70.2726135359461,83.210072728391,68.38717816708669,5,1,0,2,2,0,0,Non-Dropout
3807,16,1,63.601452370035055,95.83828650841579,49.277159006590935,71.66062156690433,1,4,0,4,3,1,0,Non-Dropout
3808,12,1,71.77024676850584,77.094919564953,18.382613833714707,56.554650799532524,4,3,4,1,2,1,1,Dropout
3809,12,0,69.70300815567647,83.91029074128365,100.0,53.753770209990044,6,7,5,3,2,1,0,Non-Dropout
3810,11,0,58.785434125462594,63.15653093129488,42.32487942240793,43.8642767017532,5,8,0,4,1,1,0,Non-Dropout
3811,13,1,63.40718208427187,84.2015950203505,91.31061001974234,53.13407443838367,7,4,0,4,3,1,0,Non-Dropout
3812,17,0,59.70158259899293,100.0,87.51073301851666,73.5165184802476,2,2,1,1,4,1,0,Non-Dropout
3813,10,1,66.78122330059585,85.53170725778807,49.603751990196585,77.57383217854547,8,1,0,4,1,1,0,Non-Dropout
3814,10,1,52.30854197990658,97.06030949339146,100.0,65.95509142985438,6,3,1,4,4,1,0,Non-Dropout
3815,14,0,55.89372596757764,69.16901035987105,71.61472900540146,55.78320610584309,3,3,3,2,5,1,0,Non-Dropout
3816,14,0,58.79059391721062,93.48492008062794,73.4442073513862,66.0996476669996,3,4,1,2,2,0,0,Non-Dropout
3817,10,0,70.87554358432084,95.23137247679837,31.54359852247763,52.725146223228506,5,2,0,5,3,1,0,Non-Dropout
3818,15,0,43.76699106067731,79.90897241709165,17.20026850368928,67.68642201626635,4,0,1,3,4,1,0,Non-Dropout
3819,10,1,63.39305547738602,73.50498125824353,63.9356352604336,76.20293144929994,5,2,0,1,4,1,0,Non-Dropout
3820,14,0,54.37686503669722,45.09825496066132,100.0,58.01968083883801,3,4,2,4,1,1,0,Non-Dropout
3821,18,0,58.828821294726005,74.35231052470465,23.454331470406395,52.95356244146778,5,2,1,5,4,0,0,Non-Dropout
3822,14,0,55.097462037273544,86.3044694584737,73.63384495145971,57.68423467811039,3,1,2,2,1,1,0,Non-Dropout
3823,15,0,67.91857971374463,59.69514074727875,72.04010620350135,81.31266661403137,6,3,1,4,3,0,0,Non-Dropout
3824,17,0,62.643300576216504,49.59834132058278,100.0,100.0,4,5,0,3,3,1,0,Non-Dropout
3825,10,1,75.67415335481881,77.03903357798397,95.41199923465842,74.72875355575843,2,4,2,2,4,1,0,Non-Dropout
3826,11,1,71.0259710812496,79.6133183986711,73.50703832353813,63.90264302947938,4,2,2,2,1,0,0,Non-Dropout
3827,18,0,41.94430873414932,48.052575175206506,67.66091154224465,50.3973504800743,7,4,0,3,3,1,0,Non-Dropout
3828,12,0,50.60001414057007,75.81543383052751,52.003524772316645,49.46648259115952,9,5,1,1,4,0,0,Non-Dropout
3829,15,1,62.40339070813982,80.79855117217548,41.36411624394652,71.4148100745129,7,4,1,3,3,1,0,Non-Dropout
3830,14,0,64.35597208995387,100.0,54.340005270026815,53.302973345485114,9,3,1,2,4,1,0,Non-Dropout
3831,11,1,51.92328845381265,65.46961729522813,42.32970156330643,80.33726140843763,2,7,3,1,4,0,0,Non-Dropout
3832,16,1,84.55961555771822,100.0,67.37242731736481,55.950318869011205,8,5,0,2,2,0,0,Non-Dropout
3833,13,0,77.97031611158353,76.07770441667256,69.13169344346215,86.3459598771731,5,3,2,3,4,1,0,Non-Dropout
3834,10,1,40.328887362536655,50.96114935523459,63.13297944610369,58.86008312688029,7,2,0,5,3,0,0,Non-Dropout
3835,13,0,70.18139540537727,68.39628877536946,72.73380605272857,82.00160995048866,3,2,0,4,4,0,0,Non-Dropout
3836,15,0,64.31305194916331,52.74307259892263,58.52026300611429,75.0952689136675,3,4,0,5,2,1,0,Non-Dropout
3837,16,1,83.65812560856892,71.65524215429177,91.04152929135434,77.7040020178851,11,4,3,2,2,0,0,Non-Dropout
3838,16,1,41.451741086845516,84.36932834022335,75.71788135761807,63.97199715557202,5,2,2,4,3,1,0,Non-Dropout
3839,16,0,95.89782216860075,80.36377127928154,57.89945368632252,55.03665693319822,4,4,1,2,4,0,0,Non-Dropout
3840,12,1,52.35581507600071,52.397495118935154,40.836648774624265,80.1425751227566,7,4,2,5,5,0,0,Non-Dropout
3841,15,0,70.67790228398037,49.91013894925506,67.96051403092265,91.89711928781614,8,2,0,2,1,1,0,Non-Dropout
3842,17,1,55.904645346414966,83.38778083058,98.5287158056988,49.96441624961578,1,2,0,2,3,0,0,Non-Dropout
3843,13,1,59.35761621858465,87.8819795993856,84.73610789343822,72.13323636311772,5,7,2,1,3,0,0,Non-Dropout
3844,17,0,39.65873015779638,65.22139009192989,88.95424332513915,72.07631039567677,4,2,1,5,5,0,0,Non-Dropout
3845,11,0,82.95330145874843,24.246556359017376,88.10122187306963,67.48703955876194,4,4,0,3,2,1,0,Non-Dropout
3846,19,0,60.95528971637741,51.83201946197521,100.0,86.46691955744768,2,1,0,2,1,1,0,Non-Dropout
3847,18,1,61.97513130950485,94.72600737323359,91.55277143794999,53.36673183591412,7,1,0,1,2,0,0,Non-Dropout
3848,18,0,99.68722858274118,60.22939424829225,73.72677173111855,81.47547934679864,9,3,0,3,3,0,0,Non-Dropout
3849,17,0,79.39164063494881,68.05535950195478,59.82311316556884,60.83964298622234,13,6,0,1,5,1,0,Non-Dropout
3850,19,1,54.97458085741521,86.06679306755272,91.899387415783,29.95304983636563,6,2,1,1,3,0,0,Non-Dropout
3851,19,1,55.84616149453285,68.87459982385955,9.52246753710935,43.138220432441244,7,1,2,3,3,0,1,Dropout
3852,10,0,68.89701815892296,100.0,100.0,65.5353494261678,4,4,0,1,2,1,0,Non-Dropout
3853,11,0,76.5609487027066,67.53126951198315,87.25025404908021,83.30123415278825,4,4,0,1,3,1,0,Non-Dropout
3854,15,0,91.28663074712213,57.786930437066175,100.0,81.21979507556156,5,4,0,3,2,1,0,Non-Dropout
3855,19,0,40.87850961816766,98.64544406035145,42.01022495091505,66.58056738816548,2,4,2,2,2,1,0,Non-Dropout
3856,14,1,75.90528961031123,75.95612186766914,99.05074005567381,47.820559174779106,4,1,2,1,1,0,0,Non-Dropout
3857,18,1,78.31503967152571,53.43204302925981,86.58901490045838,46.88602182522234,2,3,4,1,2,0,0,Non-Dropout
3858,14,0,53.15739722996915,84.43648745370727,54.81323104495583,71.30798784041401,6,2,1,5,4,1,0,Non-Dropout
3859,11,0,59.59610147709078,69.11345673030985,66.59118160344993,64.36589277995274,8,4,0,1,1,0,0,Non-Dropout
3860,19,0,40.54502533166345,52.08272085803409,64.84322558451657,79.5644148460895,4,3,0,2,2,1,0,Non-Dropout
3861,13,1,57.486594565231556,76.90231545958686,60.87581634610849,60.01890123880685,3,4,0,2,1,0,0,Non-Dropout
3862,18,0,68.48141127083663,71.83806995274978,36.28378811507314,53.420667209371636,1,3,2,3,3,1,0,Non-Dropout
3863,10,0,88.91176192283035,41.25162240242565,99.35840414135859,60.826948039845625,6,4,1,4,3,1,0,Non-Dropout
3864,10,1,90.29548188422979,53.81352009718552,46.34168687636609,64.80372746983997,7,1,1,3,1,1,0,Non-Dropout
3865,16,1,49.560507475784206,100.0,43.75618241135233,34.50892653848098,7,2,0,4,3,0,0,Non-Dropout
3866,12,0,86.86788769785213,76.62619144714103,99.97910670795076,72.09396118937359,1,2,3,2,3,1,0,Non-Dropout
3867,19,0,35.759821171837274,100.0,34.93242214597811,67.14051543280702,5,2,1,3,5,1,0,Non-Dropout
3868,11,1,56.226051221475764,81.17636400335117,62.434120303570914,79.20547481499568,5,3,1,1,2,0,0,Non-Dropout
3869,18,0,60.47284839384803,99.74271968468076,45.14334731465709,76.7000549363925,3,4,1,1,1,1,0,Non-Dropout
3870,12,0,68.77684086131521,86.11497268220432,100.0,81.24939723516432,0,3,0,4,2,1,0,Non-Dropout
3871,11,1,66.5976551082033,56.07342052825374,98.59387293416606,90.21047467761457,3,3,3,3,3,0,0,Non-Dropout
3872,17,1,70.48547786327089,87.13650224882676,49.458043642938435,67.09338941998092,4,4,1,1,3,0,0,Non-Dropout
3873,19,1,62.25563861734676,55.94445687991066,45.073947522377125,31.90026713281876,9,6,1,1,2,1,1,Dropout
3874,15,0,79.39383032569249,93.58738070998604,89.18098555804303,77.91862310729336,4,4,1,5,2,1,0,Non-Dropout
3875,15,1,75.37753456116077,79.35448103518542,80.83374529311202,82.98710165912266,2,1,4,1,3,0,0,Non-Dropout
3876,19,1,60.65655692829331,75.37545047677773,61.14796894730815,61.58883180413633,4,8,1,2,1,0,0,Non-Dropout
3877,16,0,77.63590535285522,66.22937938760505,58.83606978893927,34.751786386647325,7,0,2,4,5,1,0,Non-Dropout
3878,16,0,96.02653010781619,90.96886604736575,64.153129528595,80.5978159897515,10,2,2,4,3,1,0,Non-Dropout
3879,15,1,54.90112317815497,71.84694641833073,92.54831972715485,64.70982343684659,5,3,1,4,3,1,0,Non-Dropout
3880,13,1,90.13004773901113,36.802096633099694,100.0,44.98107008917651,8,5,1,4,3,0,0,Non-Dropout
3881,18,0,56.24787025100015,40.714971662453806,100.0,60.98806809178374,1,2,0,1,1,1,0,Non-Dropout
3882,15,0,86.15488933925747,49.61455362779029,51.638906711190316,64.92632290976667,4,0,3,2,4,0,0,Non-Dropout
3883,13,1,56.81095999470101,90.68360420758334,71.45051137957293,60.983072848439754,7,6,1,3,1,1,0,Non-Dropout
3884,12,1,76.4849363773439,92.20501173036007,100.0,57.41739275586025,5,5,1,5,1,0,0,Non-Dropout
3885,13,0,67.69449665896954,81.49995450653094,48.23582180514708,79.27916474684517,7,4,0,2,4,0,0,Non-Dropout
3886,12,1,38.22112298114165,81.28817590374213,52.94804266518202,85.26718261284708,3,8,2,3,3,1,0,Non-Dropout
3887,11,0,93.73328558728477,100.0,89.92175197397015,93.97897091632932,3,1,0,5,1,0,0,Non-Dropout
3888,14,1,51.5682201648793,81.85696784159992,58.28291228910043,49.944113032352405,4,4,1,5,5,0,0,Non-Dropout
3889,11,0,45.95601032964813,87.76219131004612,33.11478416071771,84.51171211142982,6,3,1,3,5,1,0,Non-Dropout
3890,15,0,55.408418289927376,74.78505326629934,49.32706610147887,67.86346815931596,6,2,2,3,3,1,0,Non-Dropout
3891,12,1,100.0,65.77889972010479,94.75747806630008,70.63685014358668,6,2,0,3,1,1,0,Non-Dropout
3892,15,1,46.19429618629793,69.39530139498996,76.22583466361328,83.2161303054757,8,2,2,5,3,0,0,Non-Dropout
3893,19,0,67.67365276525442,100.0,30.944034806200506,64.25157337588185,5,1,2,3,3,0,0,Non-Dropout
3894,18,1,48.15256510488271,53.265628748905115,54.77658237885525,62.262169996722406,5,4,1,2,1,0,0,Non-Dropout
3895,10,1,50.7243764275258,81.28623190826579,100.0,54.597017880071256,6,7,3,1,2,1,0,Non-Dropout
3896,15,1,41.00866146305674,44.69222284412059,68.26279692908982,47.500569951070844,5,6,0,1,1,1,0,Non-Dropout
3897,18,0,69.72752305697631,62.78966899410147,63.915050978031374,55.513684564559796,5,4,0,3,3,0,0,Non-Dropout
3898,13,1,62.58170223126775,90.47652171931803,70.20522341015507,67.56649905944758,4,2,1,3,2,1,0,Non-Dropout
3899,11,1,48.02950634640066,38.80076138259298,75.12827577213187,64.24562366116493,5,5,1,1,2,0,0,Non-Dropout
3900,13,0,78.09805201937662,93.09478575948633,60.229596667131204,59.290734326088355,7,3,0,3,2,0,0,Non-Dropout
3901,10,1,79.6808107281162,100.0,100.0,59.753634915379045,3,1,1,3,2,1,0,Non-Dropout
3902,12,1,71.10827912271156,82.30321033637023,58.22590081096891,80.77015602892627,7,4,0,2,3,1,0,Non-Dropout
3903,19,0,82.56004908761207,100.0,94.84416916976983,67.63451517102976,8,3,1,5,3,1,0,Non-Dropout
3904,18,0,59.76484601052944,79.9607615771574,100.0,50.099283011235855,4,3,0,2,2,1,0,Non-Dropout
3905,19,1,69.83562044876714,89.22177708415715,79.4430807483973,65.86851205874733,5,4,0,2,4,1,0,Non-Dropout
3906,14,1,59.82275514067938,84.07532519967981,43.80893784608422,74.24144462931359,7,4,1,2,1,0,0,Non-Dropout
3907,15,0,42.390003230934774,64.79888384672827,74.70605040701294,79.34666756111007,2,0,4,3,3,1,0,Non-Dropout
3908,12,0,68.28869601247037,63.00634764814403,55.90585457866727,73.46209438978894,5,6,1,1,2,1,0,Non-Dropout
3909,14,1,67.38016859561688,98.62914114968962,92.45197901929066,77.72800189996846,3,3,0,1,3,1,0,Non-Dropout
3910,17,1,64.54708538086915,74.1557228395204,75.18118204412305,72.59089302547585,7,1,3,2,2,0,0,Non-Dropout
3911,15,1,70.60813085365159,72.16455731011729,67.02365568699445,34.896792456917254,4,1,2,4,2,0,0,Non-Dropout
3912,13,0,86.17853650564791,71.75025964856823,44.790926956289454,62.59576228396555,1,2,1,3,1,0,0,Non-Dropout
3913,11,1,61.93370027628989,81.12813539678996,23.476503212875016,63.646123276754345,9,1,1,5,3,1,0,Non-Dropout
3914,18,0,50.64246846138161,51.28958974282417,49.71147942207391,95.59045032419088,6,3,2,3,2,1,0,Non-Dropout
3915,10,0,61.28373485812991,71.35712816868735,86.27615938265322,76.3906572768929,1,2,1,1,2,0,0,Non-Dropout
3916,10,0,62.94739949955796,81.21118567729394,99.5700020422776,60.635792614552614,3,2,1,2,4,0,0,Non-Dropout
3917,13,1,79.7538286092229,49.41828708397445,62.24745114853987,53.40943608356915,2,4,1,3,2,0,0,Non-Dropout
3918,16,1,66.59994654987679,79.18463455811487,46.38280860487309,59.83936743946837,3,2,0,1,2,0,0,Non-Dropout
3919,10,1,47.77715962971139,57.04746916445477,74.7431813082938,52.87409383994244,10,5,0,1,2,1,0,Non-Dropout
3920,18,0,77.08186795356337,81.24874924632431,87.21257744197848,97.69765351817124,3,0,2,5,3,0,0,Non-Dropout
3921,13,1,74.67691758190762,100.0,89.42979780440547,64.77097243841598,1,4,0,3,5,1,0,Non-Dropout
3922,12,0,66.60653677646921,72.5827306225214,74.86351142316957,77.37245147564852,0,2,2,3,5,1,0,Non-Dropout
3923,10,0,79.2236969545673,53.427329248829494,100.0,72.73004288999192,4,0,2,3,2,0,0,Non-Dropout
3924,19,0,81.73410516865087,79.74167440056223,100.0,74.86001535581327,5,2,2,4,1,1,0,Non-Dropout
3925,13,0,59.33839264571331,84.48420224964609,39.430347133235585,51.79030942878505,4,2,0,2,5,1,0,Non-Dropout
3926,18,0,51.49758149735297,56.261540330260765,33.313225317435396,85.05910383429594,2,0,0,4,4,0,0,Non-Dropout
3927,19,0,64.82185370448126,40.630399476588394,41.7418075236875,63.6751904458281,4,4,0,1,1,0,1,Dropout
3928,15,1,73.04917588153745,56.322812649425344,99.2090372322871,87.50601732225283,4,0,1,5,2,1,0,Non-Dropout
3929,15,0,63.41967591944959,74.03296633045323,27.26854522725639,71.38502901794126,4,3,1,4,1,0,0,Non-Dropout
3930,10,1,50.17364625866454,65.89372912741585,81.43899268783943,91.3097018761945,3,5,2,1,5,0,0,Non-Dropout
3931,19,0,67.44007958781079,96.5498790071164,65.74994271115894,74.00476555784118,4,3,1,1,1,0,0,Non-Dropout
3932,11,1,34.49748995014242,85.34226147370964,38.880188866233205,62.21582959046577,4,9,2,1,2,1,0,Non-Dropout
3933,15,1,60.13308391685699,77.03971377925512,76.22110541713812,86.08436816031931,9,3,2,3,4,1,0,Non-Dropout
3934,11,1,77.76748849235246,40.10081561445823,65.58890021666711,67.07465447786421,5,4,0,3,3,0,0,Non-Dropout
3935,12,1,78.58157551182164,87.6080481171173,90.17340440162414,73.07125657699292,5,1,2,1,3,0,0,Non-Dropout
3936,13,0,8.603316099846609,100.0,29.325361146799217,66.33878498325768,4,4,1,2,2,1,0,Non-Dropout
3937,14,0,62.111238433202104,92.24612768829056,47.66096287134354,56.88595690006916,6,1,1,2,1,0,0,Non-Dropout
3938,18,0,73.98913692831887,61.8461067587639,48.16156126040457,62.60865947827608,3,4,3,2,1,0,0,Non-Dropout
3939,13,0,47.358768913515284,72.27295280668055,86.5411450628689,75.67476065654029,6,3,2,2,3,0,0,Non-Dropout
3940,18,1,59.420679876405075,84.1816011700474,64.05914562330648,79.58249164254795,5,4,1,2,4,1,0,Non-Dropout
3941,19,1,83.11575133864258,100.0,99.51994629885806,34.705464941647136,3,3,2,3,3,1,0,Non-Dropout
3942,12,1,57.73754875133385,60.884977303096356,60.03014243949961,69.80471908997121,6,2,1,1,4,0,0,Non-Dropout
3943,17,0,88.9796250335796,65.68971710199713,75.5162652439212,63.831488295762874,9,4,0,2,2,1,0,Non-Dropout
3944,10,1,53.882214253249764,74.13666892101502,100.0,44.44782602895401,3,3,0,2,3,1,0,Non-Dropout
3945,18,0,86.14820257427047,72.38634576815622,25.676705922694303,77.86266676482637,6,0,3,5,2,1,0,Non-Dropout
3946,18,1,65.50345332306824,90.84719141282326,70.72495411284774,92.09963374709179,9,1,0,3,2,1,0,Non-Dropout
3947,19,1,51.82509069199604,80.24595373340729,69.21065343357915,87.22508341096687,1,1,0,5,2,1,0,Non-Dropout
3948,11,1,86.19821124378959,47.05646485594939,50.303919985295764,30.00067844642492,5,3,0,4,4,0,0,Non-Dropout
3949,13,1,46.90287569627674,61.86435930382246,65.90343553973622,69.86794329945305,9,0,4,3,4,1,0,Non-Dropout
3950,17,1,53.06041633911006,62.44005454111796,77.80449679700983,55.25504412812346,9,5,1,2,4,1,0,Non-Dropout
3951,16,0,72.34879110934219,30.701665910205506,51.34394978036403,58.27654853548797,6,9,1,2,2,1,1,Dropout
3952,10,1,66.21226091753924,93.59273345436712,71.38519198322592,61.217297363947054,5,6,1,3,1,0,0,Non-Dropout
3953,14,0,69.10945634379317,77.64850085345473,44.50662146858298,31.660386032010905,3,3,2,3,2,1,0,Non-Dropout
3954,16,0,59.47522515265639,64.18641314444045,64.89226206701443,34.126752120302925,7,3,0,3,4,0,0,Non-Dropout
3955,13,0,47.00909732953751,93.05220315870378,93.21753679832395,66.27793121603084,11,1,2,2,1,0,0,Non-Dropout
3956,10,0,55.216163554230576,81.02658806347002,94.3873090595086,68.71553425737656,5,1,1,3,3,1,0,Non-Dropout
3957,18,0,84.80598922170006,49.277576760768554,99.31919028568,62.06939411299782,5,5,1,2,4,1,0,Non-Dropout
3958,14,0,44.945286559271366,87.19184912412845,67.45898693896196,46.26916866143432,11,2,0,2,2,0,0,Non-Dropout
3959,11,0,89.66701150024917,100.0,61.83191545703528,58.939050060756415,7,2,0,3,1,1,0,Non-Dropout
3960,17,0,69.73788479837813,72.20206489965096,88.44893952928365,86.68160177531058,7,3,2,4,3,0,0,Non-Dropout
3961,11,1,56.047926412203545,73.65901614331204,99.1719847748923,59.55856142683918,2,6,1,3,3,1,0,Non-Dropout
3962,12,1,34.96920523283963,77.15520348225304,72.08600025229526,57.458058509348476,4,2,3,4,3,1,0,Non-Dropout
3963,19,0,36.9397162382286,50.64211446767476,100.0,83.55303772415192,9,6,1,3,3,0,0,Non-Dropout
3964,10,0,59.66174150210149,77.82839497143387,87.76460427505455,61.76380841500142,2,2,1,3,3,1,0,Non-Dropout
3965,11,0,57.844339013636414,57.17005281103397,55.72473062757938,75.20649638741155,5,3,2,4,2,1,0,Non-Dropout
3966,16,1,66.76622861694568,74.86948755158325,58.75073675374179,71.91279618083661,7,1,0,1,2,0,0,Non-Dropout
3967,19,1,90.7871650150803,78.31783061482116,68.98803949666718,51.61628852260499,4,2,1,5,4,0,0,Non-Dropout
3968,11,0,73.06391024405362,85.61579394502039,30.738693707296967,50.139420707273246,2,5,0,3,2,1,0,Non-Dropout
3969,15,0,63.06966825883143,86.35114820822804,56.16399957998695,44.78135191446421,7,3,2,2,3,1,0,Non-Dropout
3970,12,1,83.25266535110032,56.44616274335883,98.52036455532833,49.854613637776026,1,2,1,2,1,1,0,Non-Dropout
3971,13,1,67.25980890108659,78.75226742833657,100.0,77.4048674374165,5,1,0,1,2,1,0,Non-Dropout
3972,17,0,88.99563490640269,94.12182126366444,77.15077983919687,52.67300551019262,5,1,0,2,1,0,0,Non-Dropout
3973,12,0,54.91870559948957,51.932332017900436,81.35920142430112,62.93135911031995,4,3,1,2,2,1,0,Non-Dropout
3974,19,0,47.78313842213602,100.0,62.25201372342102,60.77516054540283,5,3,0,3,1,1,0,Non-Dropout
3975,15,0,34.995015856177126,55.55159348138033,53.996261557698666,70.69394396146474,6,2,2,2,5,0,0,Non-Dropout
3976,10,1,63.41883113782387,100.0,84.25766324686455,44.52903436559077,8,1,0,3,1,0,0,Non-Dropout
3977,16,1,46.48037714964366,55.90323806392951,59.00477512717261,81.4707759756833,4,2,0,3,2,0,0,Non-Dropout
3978,17,0,46.267953012654765,73.87559202291676,100.0,86.54301524897386,6,3,4,2,3,0,0,Non-Dropout
3979,17,0,80.51479124602733,71.14190147954302,80.214791142179,64.62269449410272,5,7,3,1,4,0,0,Non-Dropout
3980,12,0,39.16847562989855,47.66391209775032,81.13179205000445,31.405701253511275,3,8,1,3,5,1,0,Non-Dropout
3981,19,1,66.55337708745981,88.96387399759912,43.51204661234636,52.11358508130542,4,3,0,1,3,0,0,Non-Dropout
3982,10,0,63.75150934594015,89.99068764528782,12.035223135642333,69.74015878117577,6,0,3,1,5,1,0,Non-Dropout
3983,18,0,66.38196722497446,87.39482775013084,81.1281889375818,70.58219639040813,9,1,1,1,5,1,0,Non-Dropout
3984,15,0,85.76153703118962,70.0304275227006,57.57743095195447,61.133335503126865,8,4,0,1,3,1,0,Non-Dropout
3985,18,1,52.61463044583673,60.96487385129562,94.59927619375152,81.50924926001228,4,4,0,2,1,0,0,Non-Dropout
3986,16,0,85.77422730647525,96.98312965712505,47.181404046316345,56.35640714406635,0,2,0,4,3,0,0,Non-Dropout
3987,10,1,38.59692415779424,79.26887997733901,56.71971753296659,79.76160168223035,4,2,1,5,2,0,0,Non-Dropout
3988,10,0,74.76111555599697,59.87426701049343,97.98644386788136,65.01506664222316,7,3,2,2,3,1,0,Non-Dropout
3989,15,0,87.14560068306662,79.2907404567302,80.91983290194096,56.50872524226883,2,4,1,3,2,1,0,Non-Dropout
3990,14,0,4.189248728596496,41.50594225103733,44.96695373994828,75.97354372549486,4,1,0,5,3,1,0,Non-Dropout
3991,18,1,64.46910612304877,77.15573345575132,70.85017923659862,64.34130064185126,4,5,0,3,2,1,0,Non-Dropout
3992,11,0,63.24904032625871,88.11548350577755,100.0,78.31211953306999,1,6,1,3,3,1,0,Non-Dropout
3993,17,0,66.07772763808164,71.41183212670282,73.59078490603187,100.0,3,2,0,1,2,1,0,Non-Dropout
3994,14,1,90.67336881485149,89.21813619559768,66.29901505331642,50.990170550673795,3,4,3,2,2,0,0,Non-Dropout
3995,11,1,53.54553700507137,91.26440944335582,92.38082423634171,78.2118705399358,1,3,0,1,3,1,0,Non-Dropout
3996,19,1,47.23237204730767,80.50631113493546,78.80684385795203,74.56927083994199,2,2,0,5,1,0,0,Non-Dropout
3997,15,0,66.18684024138763,100.0,100.0,91.68965553014358,12,1,1,2,4,1,0,Non-Dropout
3998,19,1,81.86470161959011,100.0,88.87743924116344,78.71221559482474,7,3,1,2,2,1,0,Non-Dropout
3999,17,0,73.37952324657229,87.5466528842843,92.66359566502555,88.5940663083433,6,3,2,3,5,1,0,Non-Dropout
4000,13,1,65.5148299524658,82.10255449207233,100.0,50.24330067002315,6,2,1,2,3,0,0,Non-Dropout
4001,11,1,61.56153495781746,69.87258792880979,62.523689752972096,45.86629105518609,4,3,0,4,1,1,0,Non-Dropout
4002,14,1,34.89604506528146,62.056745565168804,55.03091378442283,50.89065994312577,7,2,1,3,3,0,0,Non-Dropout
4003,11,0,73.78793792925816,90.94971539153946,36.35673892687271,62.64732675358482,4,2,1,1,3,1,0,Non-Dropout
4004,11,0,75.58010874437878,71.01693677967873,64.72880569598549,85.73771178569785,8,6,1,3,3,0,0,Non-Dropout
4005,15,0,54.614996477701,54.71818123644593,37.284791179424055,89.08619433488101,5,2,3,4,1,1,0,Non-Dropout
4006,19,0,58.02920199810631,58.95682180570901,79.1371397669614,59.52764970891783,7,4,0,5,2,1,0,Non-Dropout
4007,18,0,49.276564685592746,61.596201788279885,54.66278308829648,63.3165834547605,4,6,0,2,2,1,0,Non-Dropout
4008,13,0,78.02185209183948,100.0,94.05835652196079,47.420584149656605,6,2,1,2,5,1,0,Non-Dropout
4009,15,0,59.51200578958434,91.95655708135476,89.46695365526385,66.09151711031399,4,5,0,3,2,0,0,Non-Dropout
4010,16,0,62.76042999016986,75.68551665314983,60.26000376295529,62.02684747395075,5,1,0,1,1,1,0,Non-Dropout
4011,15,0,74.43896174515893,83.2790036561448,94.4073046677598,62.07007563801288,1,5,0,2,2,0,0,Non-Dropout
4012,17,1,69.90461080144188,85.60059851726814,73.7308933295103,82.71090415006528,4,2,2,4,5,1,0,Non-Dropout
4013,13,1,73.4492170215054,57.62817191296158,25.718457300141488,71.07213989016499,8,3,0,4,3,0,0,Non-Dropout
4014,10,0,67.62255959053246,51.648657657113844,45.28419623490025,45.38855359049866,1,3,0,2,3,1,0,Non-Dropout
4015,16,0,67.9567750268405,96.0308502237255,51.89592455183002,26.746976868591318,4,2,0,5,4,0,0,Non-Dropout
4016,12,0,67.8145678154638,48.005541799131215,70.25609440718829,73.279597174835,7,0,0,2,1,1,0,Non-Dropout
4017,15,0,71.79373639023515,74.65135011633868,59.27355089063771,68.48559448738693,8,3,1,1,2,1,0,Non-Dropout
4018,11,1,72.5226063757102,60.56543022263169,56.77545828076558,70.66475921165335,7,3,1,1,2,0,0,Non-Dropout
4019,18,1,46.62938058880923,79.419804954981,84.52425602701294,68.48754755682876,8,5,0,4,2,1,0,Non-Dropout
4020,10,0,56.04208623072152,69.93895837336282,89.67291012343799,47.83161511165328,6,2,0,5,1,1,0,Non-Dropout
4021,15,1,61.94962604747007,85.67964812064311,54.53620201783516,62.15339210835214,3,1,2,3,2,1,0,Non-Dropout
4022,15,1,71.77727384743324,28.776723106495403,48.756629148626864,60.41530032884294,2,5,0,3,1,0,0,Non-Dropout
4023,14,0,88.96135044239364,97.41340447180644,100.0,63.781019177890734,4,3,0,4,3,1,0,Non-Dropout
4024,14,0,52.80165452550048,89.70767593136688,100.0,78.1753935541236,5,2,1,1,2,1,0,Non-Dropout
4025,10,0,78.17977513070282,95.23090721709151,46.45247559450161,56.339072026245475,1,2,0,3,3,1,0,Non-Dropout
4026,19,0,56.46580231579356,92.92774816308668,92.27849314703072,47.6600366932725,4,2,2,5,2,0,0,Non-Dropout
4027,14,1,85.55775253466982,81.27596193473718,66.5243532322405,85.09920951998733,3,2,3,2,3,1,0,Non-Dropout
4028,11,0,93.68515897695431,62.17301639204582,86.89962935487418,54.04607458673004,5,2,1,5,1,1,0,Non-Dropout
4029,16,1,38.77979459557005,83.76863051934733,46.176265138322336,82.28650832353864,6,5,0,3,1,1,0,Non-Dropout
4030,12,0,60.10499651438947,80.79073673287698,38.70630163514468,97.2719254971174,1,3,1,3,5,1,0,Non-Dropout
4031,13,1,29.746329769736775,92.53124229596887,41.93141441226485,87.60645550645259,4,3,1,1,4,1,0,Non-Dropout
4032,12,0,39.652459631613425,87.4329972373614,55.896544566347686,74.9674131510916,4,3,0,1,3,1,0,Non-Dropout
4033,12,0,40.58712139619443,76.88461294608368,64.13229207640602,62.02726489958941,5,2,3,1,5,1,0,Non-Dropout
4034,13,1,74.3609896221693,83.66256454844678,93.62818607900223,78.69621409243757,9,4,0,5,1,0,0,Non-Dropout
4035,14,1,71.55475466490655,85.43460434393205,49.16340283135236,64.65635174257658,2,4,3,4,5,0,0,Non-Dropout
4036,10,1,77.01866681991572,96.76660165437809,54.05427618602671,86.23138694028825,4,4,2,3,1,1,0,Non-Dropout
4037,13,0,74.11874777562382,100.0,100.0,74.57804116683658,7,3,1,2,3,1,0,Non-Dropout
4038,17,1,72.27597232199369,86.94164231869898,71.33439327565145,70.67486540918001,6,2,0,1,3,1,0,Non-Dropout
4039,19,1,66.67785577017023,85.5274627023974,77.13293843168722,65.73888315224065,3,4,2,2,4,1,0,Non-Dropout
4040,16,1,63.03679541981926,70.54007256993117,88.63266478885893,57.58759596471884,5,1,1,1,3,0,0,Non-Dropout
4041,18,1,80.29396598067163,68.13363670757161,56.90402479273473,64.96611279777949,10,4,0,2,2,0,0,Non-Dropout
4042,14,1,65.18416833536058,60.48355140797386,69.54138339731095,69.39236254889205,2,1,2,1,2,0,0,Non-Dropout
4043,19,1,72.87768472382896,11.004788752729226,61.93858084390136,61.14582056246741,3,3,4,2,3,1,1,Dropout
4044,13,1,30.045719989517906,58.215749769512215,67.9240226711712,69.47020408396673,7,7,0,3,4,1,0,Non-Dropout
4045,17,1,47.3739637871138,71.54541139044393,91.08106695506373,79.78410151490127,8,2,0,3,2,1,0,Non-Dropout
4046,18,1,79.70336380467897,68.87478885227983,86.86664958503499,69.16355954797118,4,4,0,2,4,1,0,Non-Dropout
4047,16,0,54.97347599850223,84.13208357105667,12.942981331141908,56.983858408200376,8,5,1,3,1,0,0,Non-Dropout
4048,16,0,44.06963723251389,58.919569098777586,94.94695765333535,23.665269911498562,2,6,2,2,3,1,0,Non-Dropout
4049,14,1,74.61938497222054,59.799924455706915,61.35685666404328,83.20639655038377,4,3,0,5,2,0,0,Non-Dropout
4050,13,0,65.02001487917643,32.725912201187,79.8700926221509,63.34133908887741,3,2,3,2,4,0,0,Non-Dropout
4051,19,0,58.895912430296235,84.42858991113683,59.81086861525665,68.00695154707884,3,2,1,3,5,1,0,Non-Dropout
4052,10,1,87.63666453111637,57.243291023429606,68.70487578787112,73.17489211696245,5,3,2,1,1,0,0,Non-Dropout
4053,19,1,85.06151161873126,60.679867813062714,100.0,73.17872147328819,3,3,0,3,3,0,0,Non-Dropout
4054,19,1,62.18244200577397,86.29494710313784,78.40189014976478,76.36672734692823,4,2,0,2,2,1,0,Non-Dropout
4055,16,1,75.83562957228945,57.345397669573984,100.0,80.13247728459403,9,2,2,2,2,0,0,Non-Dropout
4056,10,1,31.419442816421615,82.60675182893532,68.72577601954872,76.3331025531352,6,3,0,2,4,1,0,Non-Dropout
4057,10,1,81.40038549345917,50.867498462055856,66.12728313500534,18.244515239736835,4,1,2,2,3,1,0,Non-Dropout
4058,14,0,48.7012023689594,74.57751499721782,70.30445162895003,70.8946964175773,4,2,1,2,3,0,0,Non-Dropout
4059,18,1,43.21787096874756,62.80696348585645,38.26308083860089,68.82493205753102,6,2,2,4,3,1,0,Non-Dropout
4060,15,0,38.22102428237672,69.67410572852114,2.724784932691662,61.207984910977245,5,4,0,2,4,0,0,Non-Dropout
4061,12,1,37.06172165332039,100.0,50.48160267843126,72.19296296561095,2,2,2,2,4,1,0,Non-Dropout
4062,12,1,81.20488311350663,42.21424524707857,95.68083599800008,65.30376734985383,4,6,1,1,2,1,0,Non-Dropout
4063,16,0,74.46717063927282,100.0,100.0,56.48063252818274,1,4,1,2,1,1,0,Non-Dropout
4064,15,1,53.5121053608581,56.62449019577393,19.940903530628532,83.55121679081498,6,2,0,1,1,1,1,Dropout
4065,18,1,77.82348555107312,92.38163546531962,100.0,70.21682051341617,4,4,1,4,2,1,0,Non-Dropout
4066,15,0,56.07527856186243,96.34633910349525,55.19190363390341,67.58741204973597,7,3,1,5,5,1,0,Non-Dropout
4067,14,1,69.85474162232934,83.60924431103803,34.339999360836664,33.74686160062972,2,1,2,4,5,1,0,Non-Dropout
4068,19,0,57.76536459653161,50.63112776223982,96.48066773090652,96.92948330472254,4,1,2,2,5,1,0,Non-Dropout
4069,16,1,63.2005530669906,80.4485936728718,57.363904363944975,37.03512584713699,2,0,1,1,3,1,0,Non-Dropout
4070,10,1,51.377046383485336,100.0,100.0,72.86305785374924,4,2,1,3,2,1,0,Non-Dropout
4071,16,0,53.60273556798407,75.22471402480258,53.16893441021183,75.69459540692733,4,4,3,3,2,1,0,Non-Dropout
4072,12,1,73.16144271428938,72.98366476606114,63.09112581351742,89.66627146084817,2,3,0,1,3,0,0,Non-Dropout
4073,18,0,75.57168450141874,71.05886938558797,45.58770044564276,50.57502908276111,5,2,0,4,4,1,0,Non-Dropout
4074,15,0,58.78813827829083,85.31126734146459,73.74751308801727,52.868421956914254,6,1,0,4,4,0,0,Non-Dropout
4075,18,0,42.11689633597186,73.25638323334937,89.92662428676286,77.00564899067939,5,4,0,3,4,1,0,Non-Dropout
4076,14,1,100.0,80.69181019386403,26.743111904487087,74.76393496595688,3,2,2,3,2,0,0,Non-Dropout
4077,16,1,65.55044987346858,69.15353289379671,86.394966754075,90.52698540509897,3,4,0,3,3,0,0,Non-Dropout
4078,13,0,69.68211244111104,54.27510257390293,59.783438281435195,81.31117013869621,3,1,0,2,2,1,0,Non-Dropout
4079,16,1,46.080053023811274,100.0,48.47728546695619,59.92392344614356,3,3,2,3,4,0,0,Non-Dropout
4080,10,1,83.22850323476649,73.06697396814658,34.96929320824062,63.33416776537024,6,1,1,3,5,1,0,Non-Dropout
4081,16,1,85.51842894737908,100.0,94.46558750892862,72.84532288705172,11,2,4,3,5,0,0,Non-Dropout
4082,17,0,39.37947713539529,83.49830492093837,77.16719199636623,42.0731629117802,9,3,4,3,5,1,0,Non-Dropout
4083,14,1,63.46421558561873,86.99964405151117,55.448031421648025,73.41632182191731,1,3,0,2,2,1,0,Non-Dropout
4084,11,0,62.29344544070544,68.8143086095649,89.48647501767623,74.50140647724422,4,4,0,3,2,0,0,Non-Dropout
4085,14,1,100.0,63.14085357249745,83.24565359042806,52.849165504496824,6,2,2,2,1,1,0,Non-Dropout
4086,15,1,86.65420710691842,69.26659761872521,91.6961851100344,61.80522632822761,5,2,1,4,3,0,0,Non-Dropout
4087,11,0,43.23832379046243,58.35374671930997,100.0,35.269751035024406,4,2,1,4,5,1,0,Non-Dropout
4088,15,1,54.07921730676088,56.50638363298206,75.43795962528256,78.93337027613734,3,2,3,2,1,1,0,Non-Dropout
4089,15,0,51.60508977229105,100.0,100.0,71.26933154825099,4,5,2,2,2,1,0,Non-Dropout
4090,10,1,70.57514565276388,90.9950521133576,100.0,45.40126250178095,4,3,2,2,2,0,0,Non-Dropout
4091,10,0,88.58313321146605,100.0,89.58603551571494,49.09911791810722,4,4,3,1,3,1,0,Non-Dropout
4092,19,1,66.6376104882548,97.49799379277036,27.719235562872548,58.481049057365745,6,4,0,1,4,1,0,Non-Dropout
4093,12,1,72.51749354656742,62.97256870996049,72.74480201924658,77.73938688700188,4,3,0,3,2,0,0,Non-Dropout
4094,19,1,55.035369434852846,44.206283329911145,76.15813994524052,72.56803839364474,3,3,1,1,3,0,0,Non-Dropout
4095,19,0,72.43711547239207,65.79713658606326,75.38927888816926,52.66652770227104,3,3,0,2,2,0,0,Non-Dropout
4096,12,0,57.921232489782426,76.83663638023226,67.25481332069182,56.10088451170015,3,2,2,2,5,0,0,Non-Dropout
4097,13,0,40.388607030040376,97.88686236918633,86.15124782253764,65.78894958800504,7,2,0,2,1,0,0,Non-Dropout
4098,11,1,71.46306063702674,73.90790704643051,89.47889616854998,52.98998758520069,7,4,0,3,4,1,0,Non-Dropout
4099,18,0,64.85221367582581,100.0,28.195717806300046,57.193298012152496,6,3,2,2,1,0,0,Non-Dropout
4100,19,0,48.54203685222865,66.34608018860293,100.0,75.37803496923613,6,1,0,4,3,1,0,Non-Dropout
4101,16,0,89.68077987656,86.82115204896382,33.08870171881573,46.597673002463516,1,0,1,3,5,0,0,Non-Dropout
4102,16,0,53.503190158074275,63.028182164085855,59.85252280947585,62.86449300509883,4,2,2,2,4,1,0,Non-Dropout
4103,15,0,74.13651971658253,83.12564771644689,47.81055849587183,61.74852364503236,6,2,1,3,1,0,0,Non-Dropout
4104,12,0,59.56177714174754,72.48853137189097,51.95590607806232,64.35716518300191,5,2,0,2,1,1,0,Non-Dropout
4105,15,0,88.15365828286373,70.0267808550819,97.1633258287595,68.96316689977594,5,3,0,4,5,0,0,Non-Dropout
4106,17,0,61.43618129407151,62.62415794208417,73.04049510844628,74.21883885590847,4,1,0,5,2,1,0,Non-Dropout
4107,17,0,39.88057867084622,77.95084812862473,87.06497828155005,76.76328259256725,3,1,2,4,1,0,0,Non-Dropout
4108,18,0,77.15003171328641,91.72345852935291,85.80039596118205,59.8408487363665,2,2,0,4,2,1,0,Non-Dropout
4109,10,1,88.09315981534601,55.49867271589569,22.123859672251086,62.72853238101055,2,7,0,4,3,1,0,Non-Dropout
4110,10,1,58.5858290360601,74.02854010055837,56.05646091283562,70.26434492914737,9,2,0,2,1,1,0,Non-Dropout
4111,12,0,75.18327214478673,84.86268141311274,88.7143120434032,67.70211141061124,8,2,0,4,1,1,0,Non-Dropout
4112,12,1,66.94147407573169,88.65782215346017,86.42094957808183,73.56059655712974,6,3,1,1,3,0,0,Non-Dropout
4113,19,1,59.25926066861732,100.0,26.083098414853225,71.74538687179074,5,4,0,4,2,1,0,Non-Dropout
4114,17,0,77.61140566433056,86.57356892100475,95.7506781294731,52.641908535507724,4,5,3,2,4,1,0,Non-Dropout
4115,19,0,52.99946015971513,66.9995580552978,85.40139864796544,93.11670143855403,5,3,0,2,3,0,0,Non-Dropout
4116,10,0,65.48742807180676,63.63996883179995,45.930192413457846,65.0551504794265,6,2,1,3,3,0,0,Non-Dropout
4117,11,1,68.86035089906679,63.394836512768194,80.21570695635906,75.49555860706343,4,2,0,3,5,0,0,Non-Dropout
4118,11,0,68.31634055538055,62.28046446796199,64.27220587242878,74.15881393668089,6,2,0,3,1,1,0,Non-Dropout
4119,12,1,53.36889862469195,79.31472037214782,82.29913479068232,69.07888151012794,8,2,2,3,2,1,0,Non-Dropout
4120,15,0,95.89407829953025,83.4110048941953,24.994097474764082,68.93504543807805,3,4,2,1,2,1,0,Non-Dropout
4121,10,1,83.93367999233169,91.49089630773574,61.18487843145997,78.90999501929635,6,1,0,3,4,0,0,Non-Dropout
4122,11,1,79.85618838124381,88.29989453270476,99.51792256005174,61.87563827351142,3,4,0,3,2,1,0,Non-Dropout
4123,10,0,86.49819462466792,99.9221430928877,83.47047930426349,76.6340399305582,8,6,0,1,2,1,0,Non-Dropout
4124,14,0,66.03142321606076,61.62158312281272,89.79102161785117,72.53635548341111,6,2,2,1,2,1,0,Non-Dropout
4125,16,1,59.43064547854446,100.0,64.16146884478366,82.6368583888124,5,5,0,5,4,0,0,Non-Dropout
4126,17,1,48.66446336698404,62.40688203320474,84.10864874101264,57.55393988399935,5,5,0,3,3,1,0,Non-Dropout
4127,19,0,54.44852618071027,81.95864716350529,65.9227748394803,66.2646229654635,3,4,0,3,2,1,0,Non-Dropout
4128,10,0,49.789649295440086,71.10482642033669,46.87899635857596,52.171249089651084,11,3,2,2,1,1,1,Dropout
4129,16,1,57.0784177786624,74.52208424780869,63.69612197105442,81.64658572038422,5,4,0,2,4,1,0,Non-Dropout
4130,14,0,69.14713439199767,88.44577526434519,100.0,53.91111913273939,3,2,0,1,5,1,0,Non-Dropout
4131,19,1,78.71037348817111,46.231596613624546,98.30803399451509,69.98074563647555,7,4,0,3,3,1,0,Non-Dropout
4132,10,0,78.2953026168328,58.38551473892353,45.19495276203269,58.194634840830496,13,2,3,3,2,1,1,Dropout
4133,12,0,47.427385321566106,89.98453470493864,59.56646573743997,82.11777334495594,6,3,1,5,2,1,0,Non-Dropout
4134,16,0,75.33693978204508,74.95694767617563,46.89404456089849,64.12203354030383,7,3,2,3,3,1,0,Non-Dropout
4135,19,1,82.15786156120564,69.8676436536994,74.4880793466783,74.7670985458053,6,5,1,2,2,0,0,Non-Dropout
4136,10,0,61.186473071669894,52.58118876673245,94.93182057786419,48.74241502627927,4,3,2,4,1,0,0,Non-Dropout
4137,16,1,82.96625041363308,70.0077837533954,100.0,55.531941996639276,4,1,2,3,1,0,0,Non-Dropout
4138,14,0,78.13700390150312,88.61893883133939,34.31369502885979,74.10562188085818,5,1,0,3,5,1,0,Non-Dropout
4139,10,1,46.031135862305476,63.73053761708668,91.45868363374117,84.36428903004068,3,3,0,3,3,0,0,Non-Dropout
4140,10,1,97.87604279611804,100.0,69.80785931052534,72.89108748511447,5,0,1,1,3,1,0,Non-Dropout
4141,10,0,54.26528653775064,96.53769861605251,60.821575649217834,100.0,5,2,0,1,4,1,0,Non-Dropout
4142,18,1,79.36129921738285,67.99894190962458,46.617704627012415,76.87219907887089,9,4,2,3,2,1,0,Non-Dropout
4143,12,1,78.81833000597877,63.11302534420078,100.0,65.24030221094664,2,0,1,5,3,0,0,Non-Dropout
4144,14,1,46.639821475850376,19.71043328851526,29.278394296175655,60.185028981449214,5,1,1,5,1,1,1,Dropout
4145,19,1,67.68469226759062,53.462779161172676,57.75612117628939,92.25602595513848,3,0,0,5,3,1,0,Non-Dropout
4146,18,0,78.63374465808815,52.2332732688022,79.18242266538539,77.1117156804674,7,4,2,4,4,1,0,Non-Dropout
4147,15,0,46.480800380229496,46.38067138130609,81.33220980684804,57.26858778410531,11,0,0,2,3,1,0,Non-Dropout
4148,18,0,66.49424239769468,74.28047044646782,100.0,55.1166932992321,5,4,0,3,3,0,0,Non-Dropout
4149,17,1,79.8900958155345,81.24161120652226,47.98298578250149,55.043918283538254,3,2,1,3,3,1,0,Non-Dropout
4150,17,1,80.85860899680658,100.0,85.60967235495362,72.66877477427033,3,1,0,3,3,0,0,Non-Dropout
4151,10,0,59.04390463573043,76.32981322801389,68.42663702335625,42.22776742550258,3,1,1,3,3,1,0,Non-Dropout
4152,18,0,88.16553823863231,34.328924243100175,71.0054277168889,57.33587636494119,2,3,0,1,3,0,0,Non-Dropout
4153,15,1,84.58283087526999,60.045119373267,58.510569204181785,69.46290520813568,8,3,1,1,2,1,0,Non-Dropout
4154,18,0,68.618419459136,87.21128551084603,74.04666063305116,65.41418038988101,3,4,0,5,3,1,0,Non-Dropout
4155,12,0,55.115728350993365,73.37174506176657,66.44034179126587,58.175098825285744,1,5,0,4,3,0,0,Non-Dropout
4156,12,1,47.51222266951946,92.13656019188826,61.09362559483186,75.4223705986058,2,2,0,4,2,1,0,Non-Dropout
4157,15,0,70.66318492173671,64.7250205287086,56.86992663348555,75.34561430234494,5,0,2,2,3,0,0,Non-Dropout
4158,18,1,86.96768856585244,98.04074638929885,79.31238872077974,61.75302797370327,4,1,0,3,4,0,0,Non-Dropout
4159,16,0,62.792710013342145,79.92060148435493,36.7277325361651,57.0285967613841,5,4,0,3,5,1,0,Non-Dropout
4160,12,1,52.11377234388168,80.42955167863154,65.1912953383528,77.96865355978625,4,1,2,2,3,1,0,Non-Dropout
4161,12,1,77.37385827763993,77.99909775139282,50.8070636658733,62.619175355897646,2,4,0,2,4,0,0,Non-Dropout
4162,11,1,67.61768744275888,59.69687759377731,66.92725666203914,65.2107239882386,8,4,2,1,1,0,1,Dropout
4163,18,1,72.73857480797898,73.85618890318352,67.24490623967397,76.74270051333224,8,3,1,3,5,1,0,Non-Dropout
4164,12,1,57.12081993545164,80.87521835106742,91.67131822829919,48.49926234724782,6,3,0,1,1,1,0,Non-Dropout
4165,14,0,59.452231828441015,46.98690782714186,86.47537798486101,57.22622730542023,2,3,1,2,5,1,0,Non-Dropout
4166,18,0,57.05006504490304,76.59188505527041,77.29489588226117,61.08621523872028,8,2,0,5,1,1,0,Non-Dropout
4167,17,0,72.48753684226753,99.29755836997069,74.31827861046789,93.6072215009386,5,2,2,3,1,1,0,Non-Dropout
4168,11,1,59.90906479353332,83.67636266740246,65.22843952713517,46.21090401182012,4,3,1,3,4,0,0,Non-Dropout
4169,12,0,73.88636544456736,100.0,64.76633148390535,65.5967017326591,4,6,1,1,1,1,0,Non-Dropout
4170,11,1,55.67942568587044,83.15454646611677,26.303396194524538,51.70126418538928,4,2,1,2,4,1,0,Non-Dropout
4171,17,1,72.46252352952084,57.04738204865264,88.34373247937648,99.63825313178764,3,3,3,1,2,1,0,Non-Dropout
4172,15,0,75.55671755474141,90.81519521675195,76.6631535002507,69.00225491126689,3,5,0,2,2,1,0,Non-Dropout
4173,15,1,69.97314424413217,52.17947763394574,100.0,50.703084244094285,4,6,3,4,1,1,0,Non-Dropout
4174,18,0,78.75565170139258,70.83125620543689,56.13592725468523,40.310324248707474,7,7,1,4,5,0,0,Non-Dropout
4175,17,1,57.77815261806215,69.4800728536555,100.0,74.18013853364683,4,0,0,3,2,1,0,Non-Dropout
4176,13,1,75.3896319937752,61.43443208388134,65.20445847729798,67.89679961882838,7,2,1,4,2,1,0,Non-Dropout
4177,13,0,68.50017969261471,100.0,55.67099449926711,74.53591302696877,5,2,0,1,1,1,0,Non-Dropout
4178,18,1,52.85399229864585,73.54709383909815,100.0,49.901323505701455,7,3,2,1,1,1,0,Non-Dropout
4179,10,0,36.394519679583745,100.0,79.09732201034562,93.02423375026459,5,4,1,4,1,1,0,Non-Dropout
4180,11,1,39.60259807290039,81.87180961025992,100.0,66.2284799950788,6,7,1,5,1,0,0,Non-Dropout
4181,11,0,31.874577456371007,58.581563785465356,74.26221006400849,71.36602181666865,6,2,1,3,1,0,0,Non-Dropout
4182,15,1,71.39193916352606,66.80824472192792,90.18556759551485,74.35884790157834,4,4,3,1,5,1,0,Non-Dropout
4183,13,0,60.128464673872685,74.23037344373299,95.71761639346744,66.54017597335758,2,3,0,1,3,0,0,Non-Dropout
4184,19,0,66.30818508575787,68.16383348850806,62.96573372266699,84.58330967553084,3,3,0,2,1,0,0,Non-Dropout
4185,12,1,62.29397624806973,69.52095557219428,78.65167742817836,57.050992738717675,11,6,3,2,2,1,0,Non-Dropout
4186,12,0,73.7250510933319,86.47487921042462,73.85543964723983,80.33484836178371,10,7,2,2,2,1,0,Non-Dropout
4187,12,1,74.16368600671704,82.30740108868004,90.80807703895577,84.99712853330779,6,6,1,1,1,1,0,Non-Dropout
4188,15,1,65.64351250603661,88.79987445461458,43.366111438617835,80.54958737747285,6,1,0,2,1,0,0,Non-Dropout
4189,17,0,66.55130669891096,100.0,85.02832066953403,86.51518702453566,4,6,1,2,5,1,0,Non-Dropout
4190,16,0,67.15047032567506,65.57028334439121,93.01164693410747,54.044677085294,5,5,1,2,5,1,0,Non-Dropout
4191,13,0,85.8767442775081,97.27785169056051,52.928124017104466,72.44963890365578,10,3,0,1,3,0,0,Non-Dropout
4192,13,0,34.93102176758835,100.0,47.963826955480585,71.26129967370461,8,0,2,5,4,0,0,Non-Dropout
4193,19,0,54.94218657577177,100.0,28.543128608917222,66.12349991942638,4,1,0,3,2,1,0,Non-Dropout
4194,11,1,77.97891940285184,39.8013837918566,100.0,74.40390403841678,5,4,2,4,1,1,0,Non-Dropout
4195,10,0,81.61853747412647,100.0,51.70797887628089,83.10529780249455,6,1,0,1,3,1,0,Non-Dropout
4196,18,1,71.40800125277458,62.27202037889059,100.0,54.164597083087806,4,5,1,4,1,1,0,Non-Dropout
4197,11,0,62.23809487243194,38.18655392367097,64.80044587584439,46.893432714961165,7,3,2,3,3,1,1,Dropout
4198,17,0,92.92339561509193,100.0,97.45519316027531,61.92478270862208,6,2,0,5,4,1,0,Non-Dropout
4199,18,0,67.66717624885662,85.26808736347911,84.52350635186632,27.732787805492336,5,4,0,1,3,1,0,Non-Dropout
4200,13,1,65.46178985264444,86.09409865008055,100.0,63.95933932399897,2,2,1,3,2,1,0,Non-Dropout
4201,17,0,84.97677969564435,68.35855288176029,100.0,86.4448134593143,7,5,1,1,4,1,0,Non-Dropout
4202,18,1,72.13326702085523,78.64195824993955,75.32750475108045,43.64807434455594,6,6,2,2,3,0,0,Non-Dropout
4203,19,1,79.09745333283786,72.21366958307121,77.7458684417714,58.734711880030325,8,1,0,3,5,0,0,Non-Dropout
4204,19,1,80.85458500099365,62.515943783408154,86.97799698291482,47.94928991912667,2,2,0,5,3,1,0,Non-Dropout
4205,14,0,59.412925664148545,75.45981694801455,100.0,70.95067561652733,6,2,1,1,5,1,0,Non-Dropout
4206,16,1,91.51597718545892,77.26276414595598,71.69335375096061,74.55250188040431,7,4,1,2,3,1,0,Non-Dropout
4207,19,0,28.068198336109063,48.56731982806576,37.6830124822506,65.32138943273733,7,1,1,2,3,1,0,Non-Dropout
4208,13,1,35.30514638289112,76.11264250972228,76.11781823960635,54.72732547672321,3,3,3,2,1,1,0,Non-Dropout
4209,10,0,54.796780665915456,39.2495025626556,53.9833547443847,67.8540279480969,6,8,3,3,5,1,0,Non-Dropout
4210,12,1,58.64959165587865,100.0,75.28194943843707,83.55893748956737,5,4,2,1,2,0,0,Non-Dropout
4211,14,0,70.43937037153226,72.94837279518244,98.77882158169866,78.34524971501396,2,2,3,3,4,1,0,Non-Dropout
4212,12,0,54.658331937359875,53.570092293364354,82.60202482310484,58.896978319783805,4,1,1,1,2,1,0,Non-Dropout
4213,16,0,64.82122415040764,85.26436401379216,55.16990162666313,60.13736361464561,2,3,2,1,5,1,0,Non-Dropout
4214,18,1,61.92285991148312,60.066012277160155,64.92763474971198,59.72421862498532,2,3,1,3,5,0,0,Non-Dropout
4215,15,1,95.06697595909614,74.4148532771459,43.34420649493295,72.35639613015921,2,2,0,1,1,1,0,Non-Dropout
4216,19,0,52.92536511124837,84.1100230218371,100.0,44.272125568125944,6,5,0,3,3,0,0,Non-Dropout
4217,10,1,39.75433165157528,54.666184335947605,90.51533239947157,73.14033094393022,3,2,4,2,1,1,0,Non-Dropout
4218,16,1,81.78500348810157,100.0,42.79142759025135,56.87893066012249,3,5,2,2,1,0,0,Non-Dropout
4219,12,1,54.29065150082769,100.0,100.0,61.025742941956096,3,2,1,4,1,1,0,Non-Dropout
4220,14,1,63.62505063724632,64.49093347523043,64.57601978664613,54.039828840536195,12,3,0,3,1,1,0,Non-Dropout
4221,19,1,55.3073682481044,52.53347638390505,77.38822092604656,75.9691365268885,6,2,2,4,2,1,0,Non-Dropout
4222,13,1,76.05764147076789,64.3998367580512,61.56190821607623,56.10913304432051,5,2,2,2,2,0,0,Non-Dropout
4223,19,1,44.385881666679055,65.46891832608031,80.50230626709448,50.60936191982443,5,2,1,1,2,1,0,Non-Dropout
4224,14,0,23.01212229656037,97.20700987923661,72.35136682423128,56.31287343025868,9,6,0,4,1,0,0,Non-Dropout
4225,14,0,84.43574432709941,64.74573660089574,35.05966095427749,48.768008310315196,5,1,1,4,2,0,0,Non-Dropout
4226,15,1,68.71206216234737,51.76677605460549,99.337733551912,77.92540420223267,7,3,1,3,4,1,0,Non-Dropout
4227,19,0,81.08966625735867,77.03147011144515,49.29654344185667,48.458553671582656,3,3,0,2,2,0,0,Non-Dropout
4228,19,0,83.93317959339362,45.18292815303754,92.92776174101687,64.3511604877948,5,1,0,4,2,1,0,Non-Dropout
4229,15,0,51.25300679311509,96.3599013310676,64.20346592812243,55.24046459650029,7,5,0,1,2,1,0,Non-Dropout
4230,17,1,65.90997496845098,86.99985363931461,71.58312045336473,88.52815534831946,5,3,0,2,4,0,0,Non-Dropout
4231,17,1,72.5808271864333,63.00220796332042,82.05282279277877,71.3443219990394,5,1,0,2,4,0,0,Non-Dropout
4232,18,1,63.37561891705291,65.18557749048689,73.43170334410758,55.56157082113104,4,8,0,2,2,1,0,Non-Dropout
4233,17,1,60.31773173996312,79.9747014814441,88.59555554305895,67.5731490610862,6,6,0,5,4,1,0,Non-Dropout
4234,11,1,61.79523219707757,52.93907105047307,52.29501995826803,51.35922962019467,5,3,0,4,2,1,0,Non-Dropout
4235,19,0,81.25314306958074,59.2420858864431,95.92212193210338,75.07214816693286,4,4,0,3,1,1,0,Non-Dropout
4236,10,1,61.114817073686716,70.49173806262617,44.236678369142794,67.51563912188672,6,1,0,5,2,0,0,Non-Dropout
4237,19,0,74.00344201405214,48.62434724658925,47.179145922512156,71.28470221862008,9,1,1,1,5,0,0,Non-Dropout
4238,11,1,70.2033920552314,65.91322800568707,84.47537772800165,50.695887147287465,5,3,0,1,1,1,0,Non-Dropout
4239,11,0,50.53725492244835,53.538821617734484,96.23866304222227,44.242361736717065,6,6,1,2,2,1,0,Non-Dropout
4240,12,1,69.52954234271189,100.0,77.09556461226035,40.04717080733832,7,3,1,5,1,1,0,Non-Dropout
4241,19,1,41.91993390601109,66.9312858792833,100.0,41.183528074226906,5,1,1,5,4,1,0,Non-Dropout
4242,16,1,71.02149855416567,56.0635189197075,49.16034171408266,65.16328655852207,5,4,1,2,4,0,0,Non-Dropout
4243,11,1,78.3667577938625,88.48899182832368,40.86743337765931,93.82725515019355,7,2,1,5,4,1,0,Non-Dropout
4244,10,1,81.82121043645384,62.43028281003508,90.95623937110406,59.01121958026416,2,3,1,3,1,1,0,Non-Dropout
4245,15,1,50.709647890561214,52.95028592461068,73.05752811086239,56.31869261042011,14,5,0,2,3,1,0,Non-Dropout
4246,18,0,56.957688929047166,92.75059838115891,90.15387261002073,64.18618197814536,3,4,2,4,3,1,0,Non-Dropout
4247,12,1,69.26097810596784,68.53716923734727,44.299273346251205,53.206887460854645,3,3,0,4,2,1,0,Non-Dropout
4248,15,0,57.86112782696833,91.82042608451667,58.91947957880729,45.7729473047942,7,4,1,1,3,1,0,Non-Dropout
4249,12,1,36.06684525805987,74.698922579968,100.0,55.18161429326216,5,1,2,1,1,0,0,Non-Dropout
4250,10,0,56.8745528936533,77.58397570892913,64.97460727854433,61.59563871675449,3,3,0,3,1,1,0,Non-Dropout
4251,14,0,69.20302457360941,86.26357579359262,100.0,92.89105350454211,6,0,2,3,5,1,0,Non-Dropout
4252,19,0,81.01292471960724,62.30345279246266,89.41988204581523,57.67237493341273,10,2,0,2,3,0,0,Non-Dropout
4253,13,0,90.3381274283932,58.795708663778115,62.86341632771793,67.9217015643022,3,3,1,2,1,1,0,Non-Dropout
4254,16,0,66.87421751435114,99.03673612122427,100.0,44.42089498625087,5,5,1,1,3,1,0,Non-Dropout
4255,15,0,73.49741729596687,86.5783861317286,78.15887399537442,75.40808363274012,4,3,1,2,2,1,0,Non-Dropout
4256,19,1,79.41175986970687,73.65004035500357,70.33825221038369,53.910522121825196,4,6,1,1,2,1,0,Non-Dropout
4257,16,0,34.24160764074874,90.91401824847122,68.00338613132016,48.059256920069345,5,2,0,3,1,0,0,Non-Dropout
4258,14,1,49.71175862735699,85.8031941774028,80.9707251076629,49.57861340985583,1,4,0,2,3,0,0,Non-Dropout
4259,13,1,66.53843305358777,93.86605734037711,41.792254725103774,55.371161546789324,6,2,1,4,2,1,0,Non-Dropout
4260,16,0,88.33917302329672,52.14330914239173,92.4753704957956,47.65806514889037,2,2,1,1,1,1,0,Non-Dropout
4261,16,0,74.44641097810478,73.71641919262004,81.03533769144936,69.3692649210662,4,3,1,3,5,1,0,Non-Dropout
4262,15,1,69.94549406883523,97.59605999983197,55.720631867789045,48.73477953466337,13,1,3,4,1,0,0,Non-Dropout
4263,17,0,61.5783194218265,100.0,38.28819626364,74.68782485516459,9,6,3,3,3,1,0,Non-Dropout
4264,13,0,71.4019119593526,64.28123506373362,63.73319134787954,57.370702121611465,4,0,0,5,1,1,0,Non-Dropout
4265,19,0,56.05339097701712,78.18330769622125,76.25421009084154,51.24554117919699,1,1,1,2,5,1,0,Non-Dropout
4266,14,0,53.3025608070201,75.38671637169257,73.89933736136356,54.75102983176851,6,0,0,1,2,1,0,Non-Dropout
4267,13,0,54.60594502112028,50.116375685796086,73.74531352167547,49.7658345171626,8,2,2,2,3,1,0,Non-Dropout
4268,10,0,85.10722266759417,69.24880387151974,86.84503924685613,65.32376797496254,7,1,0,3,1,1,0,Non-Dropout
4269,17,0,52.39621893807082,43.42614642547055,41.232848648503506,56.821762064054646,5,5,0,5,5,0,0,Non-Dropout
4270,10,1,59.0183436825332,71.65356781357698,68.36466885943791,81.67066655747334,7,3,0,2,3,1,0,Non-Dropout
4271,14,0,72.06516847738338,54.23962246430743,77.44600564071368,30.420456434878183,6,3,1,3,1,1,0,Non-Dropout
4272,15,1,51.79722721221168,78.39829562964327,81.51753375973995,82.521753252285,6,0,3,1,3,0,0,Non-Dropout
4273,15,1,68.39245868486292,68.80205559393542,92.47089133459843,54.91038083897917,6,4,0,2,4,1,0,Non-Dropout
4274,14,1,68.38706290110224,68.48369840436753,64.91254117921524,89.00617113855975,6,0,2,1,3,1,0,Non-Dropout
4275,12,1,55.63318836860167,100.0,71.33262050054736,66.80731984449875,4,2,2,2,5,1,0,Non-Dropout
4276,14,0,61.11829669494168,76.41618337707304,51.46140751128601,82.99548208245776,7,8,1,5,5,1,0,Non-Dropout
4277,17,1,50.84635565107506,100.0,79.70611451100713,63.85814093684232,8,3,0,5,1,1,0,Non-Dropout
4278,11,1,85.74149005313967,83.92743066431356,48.238733361798324,62.93647687401491,4,3,0,2,3,1,0,Non-Dropout
4279,15,1,68.86390790935782,91.31105719852165,84.34309745434288,50.76698677057836,3,4,1,4,1,0,0,Non-Dropout
4280,18,1,49.27035381791603,57.60955263191155,99.52854478611707,63.62794935018011,1,3,2,2,1,1,0,Non-Dropout
4281,17,1,66.89477124550504,61.126427141377405,81.70712272899925,50.00252254174273,6,6,0,2,1,1,0,Non-Dropout
4282,17,0,67.57391243097368,75.34527758518215,100.0,67.80956546081394,2,1,3,4,5,0,0,Non-Dropout
4283,17,0,31.35140234391156,99.26150473439967,58.662953878172495,67.42006282548341,3,2,1,1,1,0,0,Non-Dropout
4284,16,1,85.10666066514418,67.74091957692134,40.032267331924935,63.16035770523,4,2,1,4,3,0,0,Non-Dropout
4285,17,0,50.15587831577811,46.3709541754191,65.95555014134733,83.55464792597704,9,2,2,4,3,1,0,Non-Dropout
4286,15,0,96.35322030705751,82.959807170942,54.64894692369408,72.46403952231847,4,2,3,2,4,1,0,Non-Dropout
4287,11,1,76.92936141455999,76.2795662056018,57.66417340023802,51.19796864257081,5,4,0,2,3,0,0,Non-Dropout
4288,11,1,48.097553900491306,63.97979845325642,14.454482357503942,73.52547481680473,4,2,0,4,5,1,0,Non-Dropout
4289,17,1,60.28624068800186,67.53872426072414,74.39059881622707,79.28048960401043,2,4,1,3,4,0,0,Non-Dropout
4290,10,0,78.83927240830323,57.578526582095165,70.5376840446275,29.080327014842794,8,5,0,3,2,0,0,Non-Dropout
4291,15,1,61.43370892916831,93.47813502525545,91.07679885867381,48.7551528626809,9,0,0,1,4,0,0,Non-Dropout
4292,15,0,82.67356001627891,75.46648193982652,83.8274397196764,57.96387572103005,9,0,0,2,2,0,0,Non-Dropout
4293,13,0,59.35896788332822,79.80954779783156,65.61641812589241,52.791404362134394,7,3,4,3,3,1,0,Non-Dropout
4294,19,0,63.820021507061895,63.07147015585104,92.82130278943396,74.57190082060664,4,4,0,1,2,1,0,Non-Dropout
4295,12,1,79.25225045316253,100.0,92.16608399082308,51.70442604244968,4,6,0,2,5,1,0,Non-Dropout
4296,12,0,74.05086489769981,79.41593373889401,57.82525945730944,50.08304615089126,9,7,0,3,3,1,0,Non-Dropout
4297,10,1,51.1215884378142,32.177285680601884,74.90264338496641,68.5810001210427,4,3,1,1,2,1,0,Non-Dropout
4298,12,1,71.51077454616646,84.19963189614202,100.0,61.535079407653356,11,3,1,3,4,0,0,Non-Dropout
4299,13,1,67.51172165996462,69.71358616661381,78.16333003688315,81.83784713829675,8,7,0,1,1,0,0,Non-Dropout
4300,14,1,51.32399858545009,71.72109823805717,49.445694386011084,70.56400619202438,4,3,1,1,3,1,0,Non-Dropout
4301,12,1,44.14284509839116,94.87381904185911,41.93797458189178,100.0,5,4,1,3,1,0,0,Non-Dropout
4302,15,0,36.02924502585968,76.77143235628984,33.217037192662175,48.63942856358935,5,1,1,5,2,1,0,Non-Dropout
4303,14,0,60.5836387275418,100.0,18.806250155255157,42.06533478446484,6,1,1,2,2,1,0,Non-Dropout
4304,12,0,64.18990095878705,77.11186276302081,57.89800228076872,85.63626276067501,2,6,2,3,4,0,0,Non-Dropout
4305,15,0,72.56867084281485,65.66765978081577,65.63591734312195,100.0,7,5,1,3,5,1,0,Non-Dropout
4306,15,0,77.30717929374646,38.734241047512455,45.59181881426544,61.650690896762256,6,2,2,1,2,0,1,Dropout
4307,17,1,58.79211735335968,60.64260104096287,52.894142480936466,60.227192685083345,2,2,0,5,3,0,0,Non-Dropout
4308,11,1,63.75392979438699,68.55509758061679,46.14836869287172,66.90926499190552,5,2,1,3,4,1,0,Non-Dropout
4309,10,0,53.61916518520955,100.0,30.501922250127734,52.210872474268626,3,7,2,2,4,0,0,Non-Dropout
4310,13,0,66.30857631209236,65.78891338574181,65.75314460371914,35.8242540549891,2,3,1,1,5,0,0,Non-Dropout
4311,16,0,79.52763022457417,100.0,86.71727653623037,68.64309393052994,7,1,0,3,4,0,0,Non-Dropout
4312,19,1,66.51714262168723,52.033798972618214,57.25064488563021,65.14340380626953,3,2,3,5,1,1,0,Non-Dropout
4313,12,1,82.44988100012797,59.550639467610544,98.40253408615985,44.24658135467318,3,4,3,3,1,0,0,Non-Dropout
4314,12,1,79.27672490485436,97.53953974699596,73.8283187821389,55.74114146367582,0,2,2,1,4,0,0,Non-Dropout
4315,14,0,86.86546752969875,63.09755957985591,92.32523714445809,43.905714337790315,7,5,1,2,2,1,0,Non-Dropout
4316,14,0,66.93848648040616,96.98457291387524,70.79238417706078,70.57276149590041,6,1,1,5,1,0,0,Non-Dropout
4317,19,0,57.01354737713791,58.47396965821152,86.77955787709533,64.59652149210362,6,5,0,2,5,1,0,Non-Dropout
4318,12,0,74.31850284133935,60.47819683681653,34.72684986361924,67.43051144375778,4,3,1,5,2,1,0,Non-Dropout
4319,18,1,59.406455047227354,87.83697867913935,91.06150135285708,72.79769119804207,5,3,2,3,2,1,0,Non-Dropout
4320,13,0,73.84777458986964,58.75397302634935,70.16256862773407,81.44337457864779,3,1,0,3,1,0,0,Non-Dropout
4321,12,0,55.05795039674538,69.5119130882976,97.44814288088155,67.66992390767055,10,2,4,2,4,1,0,Non-Dropout
4322,11,0,52.57391222053693,82.89557251378966,63.69381616729109,74.2276534934922,2,1,1,5,2,1,0,Non-Dropout
4323,19,1,83.24668975246226,69.94788541685291,100.0,92.2858076005624,2,4,2,1,2,1,0,Non-Dropout
4324,18,1,49.81138353778519,63.74843194700433,83.34275145691967,79.49828406089675,3,4,0,4,4,1,0,Non-Dropout
4325,13,0,80.33371668164048,50.855441880413395,47.36838651330392,68.27339634222713,10,4,2,3,4,0,0,Non-Dropout
4326,12,1,73.79046455239168,100.0,98.20312826823071,67.35109664942775,5,4,2,3,3,0,0,Non-Dropout
4327,16,1,66.41446351338152,100.0,43.553768291323536,52.561918111248644,6,7,1,2,2,0,0,Non-Dropout
4328,17,1,36.610327213480545,81.58671325744183,42.15567366368811,55.303409551706864,5,3,1,1,2,1,0,Non-Dropout
4329,11,1,87.28488682771157,70.35765702107213,100.0,63.52015228224604,8,2,0,3,3,1,0,Non-Dropout
4330,16,1,50.977404971413826,71.45656481944398,78.38630626246525,59.69606440013301,7,4,1,5,3,1,0,Non-Dropout
4331,14,0,79.29730432818762,91.643858162724,71.8098015876159,93.282165155791,0,3,1,2,3,1,0,Non-Dropout
4332,14,0,54.635887976841595,95.63564051287878,57.40131596846612,70.59288870967757,9,3,0,4,3,1,0,Non-Dropout
4333,12,0,53.43255180922275,64.19694290295304,90.79249467484686,69.35851368012256,5,3,1,1,1,1,0,Non-Dropout
4334,14,1,75.02924167869396,96.49216347466471,63.20635227339248,82.59766135722349,6,5,2,2,3,0,0,Non-Dropout
4335,11,1,73.07697555166597,87.30177968298729,75.04093235079091,67.74590426390756,5,2,1,1,4,1,0,Non-Dropout
4336,13,1,47.823536792094615,96.14447483537234,41.81895004030461,60.86226857905034,5,2,0,2,1,1,0,Non-Dropout
4337,15,1,86.5513868080669,42.964461098512594,68.55823232038614,68.8749746279616,2,2,1,3,3,0,0,Non-Dropout
4338,10,0,61.9093150193589,66.61593059702048,74.38130768537249,71.09731266872822,5,3,0,2,3,0,0,Non-Dropout
4339,19,0,66.03393000559039,71.54197166203846,83.35784058026843,86.00268836603891,4,1,1,3,5,1,0,Non-Dropout
4340,13,0,60.543835640505804,65.62092607176369,78.44452263900169,44.638126027682254,2,4,0,3,1,1,0,Non-Dropout
4341,15,0,48.458541334586755,100.0,61.66140348783026,53.91080079908504,6,1,0,2,3,1,0,Non-Dropout
4342,18,0,76.02836692152607,66.80264725766267,77.11809092715627,63.90626210988299,6,5,1,2,3,0,0,Non-Dropout
4343,11,0,69.34326042542308,84.36784840469856,94.51780880302245,79.05840249101632,5,0,0,2,2,1,0,Non-Dropout
4344,16,1,52.92372733331286,78.05679831448508,32.89756476472209,76.80867404609253,3,5,1,3,1,0,0,Non-Dropout
4345,15,1,79.16199994914889,69.19545604749518,65.86310115543904,66.62505291252569,4,2,0,4,2,1,0,Non-Dropout
4346,11,0,65.82255411881009,60.82719544788009,75.21805768776156,80.2895066966055,4,4,0,2,4,0,0,Non-Dropout
4347,17,1,66.14565524915105,100.0,46.943419140817106,54.89188556175038,4,2,2,4,3,0,0,Non-Dropout
4348,16,0,91.6477803663671,70.56255343435649,93.24292143203509,93.25036386713516,5,1,1,1,2,1,0,Non-Dropout
4349,14,0,40.88000312724552,92.51169164843304,84.9875196495787,52.46452089661358,5,2,1,1,5,1,0,Non-Dropout
4350,14,1,40.68194135643573,74.80703334098422,94.9530335173618,39.291516709352265,6,4,0,2,3,1,0,Non-Dropout
4351,16,0,44.05992401239341,65.825566768337,100.0,74.07764083050418,3,4,0,2,1,1,0,Non-Dropout
4352,18,0,70.45449849742299,77.16583154910197,78.25345997547552,43.500693941285306,7,2,0,3,4,0,0,Non-Dropout
4353,18,0,59.61434625499584,81.16227433285982,62.920757303094845,57.366568398340746,4,5,1,2,4,1,0,Non-Dropout
4354,18,1,60.80680321409121,65.60828563793237,93.46438416023028,62.852463495170134,5,5,0,1,4,1,0,Non-Dropout
4355,15,1,50.86375382575021,59.70758763670015,55.30091758572924,71.22333318461445,4,5,0,3,3,0,0,Non-Dropout
4356,19,1,89.97876910732546,84.52348018008828,81.60303034065083,80.1940123534958,4,2,1,5,1,1,0,Non-Dropout
4357,15,1,95.0152695510933,77.3273452993952,95.92070644110309,44.75467089173958,3,3,4,5,4,1,0,Non-Dropout
4358,12,0,78.48356844172305,61.958843726923654,90.80478279426332,48.1171563928788,1,1,1,5,5,1,0,Non-Dropout
4359,10,1,42.390714907333575,56.23129310485187,100.0,100.0,2,3,0,1,2,0,0,Non-Dropout
4360,16,1,57.69654713766163,81.98557669431756,63.169628613741395,61.83270387194951,4,5,0,4,4,1,0,Non-Dropout
4361,13,1,77.41191701929574,36.63838670350681,87.72639471973562,40.34970163969575,3,2,2,2,3,1,0,Non-Dropout
4362,10,0,64.31255978357929,69.78800342745478,72.32018383105678,49.87160797084026,3,3,4,4,3,1,0,Non-Dropout
4363,17,1,78.53330668351373,77.70176647101349,76.33098911011066,57.08849394356198,3,4,2,1,3,0,0,Non-Dropout
4364,15,1,83.71723058867494,100.0,76.33221268770272,65.07479755510326,4,1,1,4,2,0,0,Non-Dropout
4365,15,0,93.60793590038303,75.2096231968649,83.47276115508568,82.88855554705648,4,1,0,3,2,1,0,Non-Dropout
4366,11,0,55.177022620159605,68.97617285042759,69.16441027760416,89.50828519403262,7,2,3,1,2,1,0,Non-Dropout
4367,10,0,66.2192742054745,80.69121702651083,34.48897099620441,52.632886411388085,3,2,0,5,3,0,0,Non-Dropout
4368,11,0,58.38855032303352,60.66918488618545,73.85537957682541,56.48035751064423,5,3,1,4,3,0,0,Non-Dropout
4369,13,1,34.98826640054902,70.62127526803444,79.04402446907383,67.22760224447744,2,2,3,3,3,0,0,Non-Dropout
4370,11,0,75.52381596585799,75.5860405623556,68.95333258709157,54.10947126525525,3,2,0,2,1,1,0,Non-Dropout
4371,10,1,73.45162701877115,87.59024715733845,80.88709049463212,82.89244010206954,6,1,0,3,2,1,0,Non-Dropout
4372,16,1,56.797607703419814,61.539996194309325,66.91298842246607,100.0,6,6,1,1,1,1,0,Non-Dropout
4373,17,1,41.02916762106658,74.88552338193978,63.22143592695826,65.32000336880914,5,2,1,3,4,1,0,Non-Dropout
4374,15,1,59.238151114857494,39.17968957282262,100.0,69.92641817260696,2,1,2,5,2,1,0,Non-Dropout
4375,13,1,75.96689982516669,85.33361038345295,100.0,56.21056410678597,7,1,0,2,2,1,0,Non-Dropout
4376,15,0,85.05999320171635,70.39119977586287,91.99027373012832,70.0361855415188,8,3,1,2,3,1,0,Non-Dropout
4377,12,1,54.311320056990084,100.0,55.63582929636862,49.097351432008466,4,1,0,4,2,1,0,Non-Dropout
4378,17,1,81.61544528986342,82.02670702131613,75.62506007878979,50.76331017919314,11,4,2,1,3,1,0,Non-Dropout
4379,19,1,74.33706374283119,57.660168519207375,73.75124014705216,37.74583614373593,7,5,1,2,4,0,0,Non-Dropout
4380,11,0,71.19851121177003,53.12628275577622,86.76801773442249,77.23883442901126,1,2,3,5,3,1,0,Non-Dropout
4381,14,1,45.59671781385183,88.23399862474524,74.70392486674791,85.83212891567368,6,2,0,4,1,1,0,Non-Dropout
4382,10,1,46.2485678514019,100.0,85.37617165356994,80.4596139832255,9,3,1,1,2,0,0,Non-Dropout
4383,15,0,52.538210553493826,100.0,100.0,66.4086076686633,2,1,1,2,3,1,0,Non-Dropout
4384,11,1,60.10418723060042,50.74617504937446,23.916539845887023,60.30009428558627,6,4,0,3,2,1,0,Non-Dropout
4385,13,1,92.0111910385418,79.06587005979003,57.34325538532687,63.6089519966655,7,3,1,3,5,0,0,Non-Dropout
4386,15,0,55.06647349399196,97.54040518042098,93.98538451137105,49.71040327536338,7,2,0,2,5,1,0,Non-Dropout
4387,19,1,76.56877121376817,48.17680575585048,68.89471215709443,79.11371011343834,4,3,2,2,2,1,0,Non-Dropout
4388,17,1,58.02855142826994,95.7473447952824,84.81928868257616,80.72616047651485,5,4,1,4,3,1,0,Non-Dropout
4389,17,1,72.09060969304018,60.94424108234155,65.25497352888704,49.06301951001898,6,1,0,2,2,1,0,Non-Dropout
4390,15,1,64.05528251318242,70.69054128474625,100.0,50.98530052996117,6,2,1,2,3,1,0,Non-Dropout
4391,13,1,67.65534693490675,80.53264808732882,99.03187892844673,45.112741050236146,7,1,1,3,4,1,0,Non-Dropout
4392,17,0,70.54422193850024,96.36631073371723,77.46734103853363,61.181801371568966,6,5,3,3,1,1,0,Non-Dropout
4393,17,0,61.258140419448274,100.0,100.0,64.67435966441133,9,1,1,5,3,1,0,Non-Dropout
4394,19,0,70.61696061045738,68.54133450870708,77.74161532615979,65.99676442218191,2,2,0,3,2,0,0,Non-Dropout
4395,10,1,83.50873742880012,65.40720508401472,71.65590707359061,45.01783350534929,9,1,1,2,5,1,0,Non-Dropout
4396,13,1,53.688268769640366,64.0754326256497,100.0,54.01813230538948,5,5,1,4,1,1,0,Non-Dropout
4397,13,1,82.78798734398842,90.59168492326073,35.019760675138116,54.044740423941704,5,1,1,4,5,1,0,Non-Dropout
4398,16,0,61.02195491539536,94.9111159327042,74.19620300282718,75.96390170564312,3,5,1,2,2,1,0,Non-Dropout
4399,16,1,59.435115490930635,92.88827671869335,78.82900052120932,50.059971916430406,5,7,0,4,4,1,0,Non-Dropout
4400,17,1,75.4933904204161,80.39578639787766,64.43453297499369,65.8153429211979,5,8,0,2,2,0,0,Non-Dropout
4401,14,1,59.88261225337657,82.36894057792486,51.36211613403951,54.37181864970972,6,3,2,3,3,1,0,Non-Dropout
4402,16,0,69.78753875847374,70.39262365440429,68.2024414424497,62.126116160487335,6,7,0,5,5,0,0,Non-Dropout
4403,17,0,68.38621861416988,72.25790515819128,32.24207498750608,79.18357285973826,1,2,0,1,3,1,0,Non-Dropout
4404,18,1,33.74769222076845,92.0794708095604,100.0,46.41732197906348,5,3,0,1,1,1,0,Non-Dropout
4405,12,1,71.26377623155147,80.28583890630263,100.0,25.894248367229075,1,1,0,3,2,1,0,Non-Dropout
4406,12,1,43.38347448001292,65.53667870946181,71.83276709470405,44.9189034849534,6,2,1,1,2,1,0,Non-Dropout
4407,13,0,44.526776378513745,96.98653222921689,62.2256903494594,71.25976487550653,4,1,0,1,3,1,0,Non-Dropout
4408,14,0,70.49695618343715,62.843288709563225,33.073513444176236,47.03741892410009,5,5,2,3,1,0,0,Non-Dropout
4409,19,0,73.04884650974421,77.91395564134444,53.65544752503157,54.309918050551175,3,1,0,4,1,1,0,Non-Dropout
4410,10,1,83.0757418525836,50.19957540769384,100.0,71.80909002394046,2,1,0,3,2,0,0,Non-Dropout
4411,16,0,48.65948618653617,56.08398136801905,70.2029399958883,77.0585522064433,5,4,2,1,3,0,0,Non-Dropout
4412,18,1,53.88081493586398,75.38210750584008,57.155634110774876,80.49023153064606,4,3,0,1,1,0,0,Non-Dropout
4413,17,1,71.96548690766535,61.07513559118006,71.16279612188805,73.3103374710226,8,5,2,4,2,0,0,Non-Dropout
4414,14,0,83.36416189033598,70.41698681940716,56.515209975055505,48.113642823515974,1,5,2,5,4,0,0,Non-Dropout
4415,13,1,67.88262188094768,99.26539961973808,30.58646439634633,89.09444964442325,9,0,3,4,3,0,0,Non-Dropout
4416,16,0,51.83001576143043,72.50487283221793,62.33902136697149,50.85649688112102,7,1,0,2,2,0,0,Non-Dropout
4417,14,1,87.59625535371727,92.99698468314318,43.87311801365361,55.45709001911642,6,3,2,2,1,0,0,Non-Dropout
4418,16,1,61.06450204653376,59.385749729544585,80.70021107936059,64.91756916716918,3,4,2,2,5,1,0,Non-Dropout
4419,10,0,61.531990621041416,85.97808667958856,93.20684891157765,69.18093691093323,2,2,2,1,3,0,0,Non-Dropout
4420,10,1,43.462289161873954,54.996185441900714,52.19809714210035,86.57900175200831,6,1,1,2,2,1,0,Non-Dropout
4421,19,1,75.86131512419813,70.00438029634763,74.86660389424415,55.50812869920462,3,1,2,3,1,0,0,Non-Dropout
4422,12,1,77.78908384070884,86.78988018735338,69.60973904087668,70.70623313766339,3,4,0,4,3,0,0,Non-Dropout
4423,11,1,54.41253479914783,75.25514458110769,51.57528037878904,55.59200628677431,4,6,0,1,2,1,0,Non-Dropout
4424,11,1,91.26810588583497,93.84601445404817,13.059617332235014,89.1125695181116,6,2,1,2,1,0,0,Non-Dropout
4425,16,1,56.19307419166482,88.35028470794363,44.384164867162305,71.40822751075503,2,1,1,2,3,1,0,Non-Dropout
4426,19,1,74.37881718194093,68.83189701322507,50.59749647514836,84.33902462255011,4,4,1,1,2,0,0,Non-Dropout
4427,11,1,68.35473807938314,100.0,73.58245765698729,47.708950837225,5,6,1,4,1,1,0,Non-Dropout
4428,13,0,34.61665707559213,83.72610141593583,76.07975606693728,56.58323660372882,2,2,0,2,4,0,0,Non-Dropout
4429,11,0,73.1585522531725,70.12621554116444,100.0,68.72987758733382,7,2,1,2,2,0,0,Non-Dropout
4430,15,1,71.81186969255383,77.91532360587479,44.165502248927766,84.57644679415915,5,3,1,4,1,1,0,Non-Dropout
4431,17,1,38.5042600408283,76.81836501712642,49.50393953867969,79.88406517419479,6,4,2,3,2,1,0,Non-Dropout
4432,19,0,87.87999910549314,79.03184652826408,53.879805693904785,87.50641082579465,6,5,0,3,1,1,0,Non-Dropout
4433,13,1,71.87282644792167,72.16481350111192,65.23788420597833,85.12000744816656,7,5,0,1,5,1,0,Non-Dropout
4434,14,0,83.59101700131951,82.4505543261064,75.48908092917705,76.68092425458376,4,5,1,1,3,1,0,Non-Dropout
4435,13,0,39.25839180843312,90.79639407024474,80.75431849946602,67.30057080898807,3,0,2,2,1,1,0,Non-Dropout
4436,12,0,58.843515555765016,83.511278430173,22.941735626267736,48.27579928207236,2,5,1,2,2,0,0,Non-Dropout
4437,14,1,82.7090375900225,82.83056932388176,99.87495723093767,32.83097656290524,2,8,1,4,2,1,0,Non-Dropout
4438,18,1,41.475629660536924,72.98641881245871,81.73873881069494,66.865067552745,3,2,1,5,3,1,0,Non-Dropout
4439,17,1,59.283347677190086,57.27835423541664,92.06782652902098,77.03973113394055,5,2,0,2,3,0,0,Non-Dropout
4440,17,0,71.0975235884089,52.413111304025286,10.277673176342311,24.136163522254172,3,6,1,2,2,1,1,Dropout
4441,17,0,36.581295053618476,60.848473267175585,90.79744371508616,47.3881335416426,10,0,0,2,3,0,0,Non-Dropout
4442,17,0,45.17915365003846,66.63992067984528,45.12337805565497,49.75210566020076,3,6,1,1,1,1,0,Non-Dropout
4443,16,1,85.73126352496371,100.0,58.73190692184301,62.185844115404734,4,1,0,2,5,1,0,Non-Dropout
4444,17,0,65.89691909435237,100.0,100.0,66.54828967518145,7,1,1,1,4,0,0,Non-Dropout
4445,17,0,82.65050140489066,63.13367530846112,86.4398813406706,81.22158944399004,8,7,1,5,2,1,0,Non-Dropout
4446,17,1,67.73143393842273,83.99404565791528,53.08279220640382,45.261443443154576,3,3,0,3,1,0,0,Non-Dropout
4447,19,0,100.0,73.64755583858917,89.90477653783903,70.16340150289543,6,2,1,3,3,0,0,Non-Dropout
4448,16,0,71.58098424793016,79.71981529230153,79.02012815180197,44.19375587922903,4,2,2,1,5,1,0,Non-Dropout
4449,10,1,84.04668410652349,64.02758719861343,59.816015104893,77.5366483026339,6,2,0,2,3,1,0,Non-Dropout
4450,13,1,61.30870345264539,100.0,81.89470228224056,57.77544602850417,8,4,1,2,1,1,0,Non-Dropout
4451,13,0,68.16094412627508,100.0,60.54566763603977,46.81782016490085,2,6,3,4,2,0,0,Non-Dropout
4452,14,1,74.62806166143537,69.14764969240451,79.67300204406989,54.9161258897562,4,3,3,4,3,1,0,Non-Dropout
4453,19,0,77.1170968781796,63.073419685551386,79.35435711455644,48.269870189873444,1,0,1,2,2,0,0,Non-Dropout
4454,15,1,64.41513595420962,93.50945266843192,82.58584064926883,66.38233739811001,10,1,0,3,3,0,0,Non-Dropout
4455,13,0,65.04116584537921,50.80661629171176,100.0,74.36098080684137,3,8,1,1,3,1,0,Non-Dropout
4456,11,1,72.5287963706075,91.91895849538747,93.63145289801302,80.46835949100105,8,4,0,2,1,1,0,Non-Dropout
4457,15,0,72.5189468322531,77.50931956917077,94.99949998727212,57.21732816834881,8,0,2,1,3,0,0,Non-Dropout
4458,17,1,49.6241240361644,46.3180534800706,56.82741062086096,85.81926971786717,7,3,1,3,2,1,0,Non-Dropout
4459,17,1,68.37441727524106,71.96458974109505,32.06535328393827,64.63452299445096,6,1,0,4,1,0,0,Non-Dropout
4460,16,1,69.81160890047614,61.88492006677268,65.30772168706284,83.97683284586387,6,1,2,3,5,1,0,Non-Dropout
4461,15,1,50.355227640452675,78.23560489375312,57.840488126857494,62.64106708934796,3,4,0,3,3,0,0,Non-Dropout
4462,11,1,78.58890249363043,76.15012584238026,84.99027242164671,61.53558291321443,3,4,0,3,3,1,0,Non-Dropout
4463,16,1,71.19116934832935,48.05370116903276,65.05856401410098,73.67648166506027,7,1,2,3,2,1,0,Non-Dropout
4464,14,1,99.95973970203714,68.31713007724906,100.0,69.61930564532592,2,3,1,2,3,1,0,Non-Dropout
4465,15,0,64.60979731393424,86.4944063169944,26.520681115554048,56.68874079538115,4,2,1,1,3,1,0,Non-Dropout
4466,19,0,82.04166626049073,89.93816343904352,63.01647873611739,82.32895453860105,8,2,0,1,1,1,0,Non-Dropout
4467,17,1,73.0868835729633,67.73883904080995,79.31980691945779,50.649609150053024,2,0,1,2,4,1,0,Non-Dropout
4468,17,1,93.8215928982993,84.15541285765207,45.611213409715695,73.6765940953248,3,2,2,2,4,1,0,Non-Dropout
4469,12,0,50.45028863846591,80.32760401889222,92.62649786153291,73.01718009010132,5,4,0,3,1,1,0,Non-Dropout
4470,16,0,57.57028992799813,73.94712552487955,91.80925048422873,80.968896304775,1,2,2,1,2,1,0,Non-Dropout
4471,10,1,50.96438822796124,84.27758412090779,59.21897591802254,81.26299833124283,4,4,0,3,1,1,0,Non-Dropout
4472,10,0,63.831235921402104,56.495911424086316,100.0,62.270862981759365,4,7,0,2,2,0,0,Non-Dropout
4473,16,0,48.129135376887476,75.01940801650639,42.05480436178997,65.49186406263416,3,6,1,1,3,1,0,Non-Dropout
4474,19,1,42.108741391171804,42.921215270185336,36.3403938279311,64.48682777072564,4,2,1,2,1,1,1,Dropout
4475,18,1,32.99864745171842,73.91749388299466,58.14414918313217,91.18362250114345,4,1,2,2,3,0,0,Non-Dropout
4476,16,1,32.037955865049234,100.0,74.75729645034069,74.76466718552132,6,2,0,4,4,0,0,Non-Dropout
4477,19,0,74.84587535843221,68.6094889821614,29.668871096055852,80.65664788080852,5,3,3,2,2,1,0,Non-Dropout
4478,14,1,58.168426254908944,100.0,85.48134800579697,61.23425898464581,7,0,0,3,3,1,0,Non-Dropout
4479,17,1,46.49371908657105,68.92823862358172,100.0,48.09971228336045,1,1,0,3,1,1,0,Non-Dropout
4480,11,0,55.113805524315964,53.30557799167541,35.17472453291918,50.96796527766594,3,5,1,5,3,1,0,Non-Dropout
4481,18,1,57.081455794412825,88.30788996031498,74.9104211187518,80.1874725075865,11,4,1,1,4,1,0,Non-Dropout
4482,15,0,50.53099684764173,84.27868083975174,93.94881391000483,54.02586220488636,7,1,0,4,2,1,0,Non-Dropout
4483,18,0,89.08325741355908,100.0,89.14204785470064,100.0,4,1,0,2,3,1,0,Non-Dropout
4484,11,0,86.25243354221409,55.41408566933822,100.0,58.91525568082006,4,2,0,4,3,0,0,Non-Dropout
4485,12,0,88.8273477291791,82.12828088050624,58.26560531233501,70.2681992242828,5,4,0,1,3,1,0,Non-Dropout
4486,17,0,67.68794581532167,82.84086502465385,100.0,70.24117385809348,4,4,0,3,2,0,0,Non-Dropout
4487,10,0,69.20696730408754,96.16369403717596,68.49341798540348,67.69217081811392,7,3,0,3,3,1,0,Non-Dropout
4488,19,1,55.2107891392255,85.59597866459598,57.24450815320574,46.70180056832605,3,3,0,3,2,0,0,Non-Dropout
4489,16,1,52.29393340656916,69.23844911542827,100.0,68.71630098749668,1,2,2,2,3,0,0,Non-Dropout
4490,16,1,65.32588372631307,53.57855586257081,60.80708676546971,68.58499704242438,5,3,1,1,1,0,0,Non-Dropout
4491,10,0,74.78534037720027,81.93245784951193,96.77887930279172,60.50966489274886,4,6,2,1,3,1,0,Non-Dropout
4492,18,1,82.93652227789096,82.48841303034047,57.683210410772574,92.77199576381327,4,4,0,4,2,0,0,Non-Dropout
4493,17,0,56.81016285399484,87.62832044593011,38.14870929278322,40.07143089412331,5,1,1,1,3,0,0,Non-Dropout
4494,13,1,46.208992268444305,69.2113230695779,38.21872326825529,42.3309128350015,6,3,3,3,1,1,1,Dropout
4495,19,0,76.00977479849409,80.56303120721661,87.64027132679195,76.30563790440719,6,2,1,1,2,0,0,Non-Dropout
4496,14,1,37.72784672706184,44.11697416174315,43.40183988348726,63.692987801487284,5,5,2,2,4,1,0,Non-Dropout
4497,11,0,64.41184146517091,54.415075053924845,64.74781981063764,51.8014891003406,5,5,2,1,1,1,1,Dropout
4498,18,1,66.33956938720065,93.71059027822807,53.76106049318592,67.92524280790867,4,7,0,3,1,1,0,Non-Dropout
4499,15,0,59.31818298149123,78.59671056144377,48.02999492027963,79.39065849986343,5,2,2,2,4,1,0,Non-Dropout
4500,12,1,41.82132337235656,84.5164019593783,51.07836806244194,40.53699268749543,6,6,1,2,1,0,0,Non-Dropout
4501,16,0,59.515834864681736,63.03296517808346,75.1816752385975,75.84308176650954,7,3,1,4,4,0,0,Non-Dropout
4502,18,1,89.63813676502427,60.49094466621816,0.0,69.962401931523,3,5,1,3,1,1,0,Non-Dropout
4503,12,1,73.87582402049624,66.52897475603785,91.10195631202251,61.55771659297188,8,2,0,3,3,0,0,Non-Dropout
4504,11,1,82.42571903044279,79.75368856074203,37.626539386255764,68.68405829478642,1,3,0,3,3,1,0,Non-Dropout
4505,16,0,46.74197259226614,88.71834911285444,40.814564104294234,68.9371252211243,9,5,1,4,3,0,0,Non-Dropout
4506,16,0,68.83561898415978,70.01779890235792,33.899866081249584,73.2478830731379,5,2,2,4,3,0,0,Non-Dropout
4507,13,0,66.32510527549344,41.80835139704341,76.7292615285562,50.2236913003777,4,0,0,3,2,0,0,Non-Dropout
4508,18,0,66.61558176954686,83.02075211701946,100.0,81.31209771077124,4,1,1,1,5,1,0,Non-Dropout
4509,17,0,73.3376889911822,80.34104310242574,66.60896670462104,79.88483250005811,2,4,0,1,3,0,0,Non-Dropout
4510,10,1,67.2098375143487,84.58345956446178,80.92213311588552,80.32650483484638,6,4,0,3,5,1,0,Non-Dropout
4511,10,0,47.15811389750864,92.12996244499524,83.47111407044187,39.12231970378977,4,3,0,2,2,0,0,Non-Dropout
4512,14,1,74.19881073478096,90.55116981198584,88.52992523180633,82.16555811042915,6,5,1,3,3,1,0,Non-Dropout
4513,15,1,77.61326419595773,100.0,44.91066961690275,59.46795167561245,5,6,1,3,3,1,0,Non-Dropout
4514,12,0,84.79218455939659,75.56835460095755,100.0,72.96138131936752,6,1,0,2,3,1,0,Non-Dropout
4515,18,1,85.45479265876398,66.36144561680341,61.65094686865321,35.27415921956463,1,3,3,4,3,0,0,Non-Dropout
4516,19,0,72.14649600286086,95.81681681544322,77.02649602152844,54.752295774455874,6,2,0,2,2,0,0,Non-Dropout
4517,15,0,47.85744337854145,93.16712110684443,66.250627593796,77.6057427094351,6,4,2,2,1,1,0,Non-Dropout
4518,13,0,42.05924248678105,70.34296612717628,58.86305987810627,72.88992477363682,7,3,0,3,1,0,0,Non-Dropout
4519,16,1,61.593595903399404,97.11771647754776,93.48920719236655,48.80063109240305,6,4,0,3,3,1,0,Non-Dropout
4520,17,0,78.79206461790518,76.49056946622187,85.87776933252884,75.20279997339263,7,3,2,4,4,0,0,Non-Dropout
4521,18,0,77.82552602296354,100.0,15.345690896087007,52.75782921723066,5,6,1,1,2,0,0,Non-Dropout
4522,15,0,69.10998893394769,100.0,80.47893642239798,61.00882864220381,4,4,0,3,2,0,0,Non-Dropout
4523,15,1,64.45161141813173,100.0,100.0,47.44809818951728,5,3,1,4,3,1,0,Non-Dropout
4524,17,0,93.5560283629952,76.24474784780618,74.64338946612995,70.15024677863642,5,2,2,3,2,1,0,Non-Dropout
4525,14,1,73.61047813821702,100.0,57.22936547434133,81.31027116374722,3,3,0,3,4,1,0,Non-Dropout
4526,12,1,63.69090384660757,92.07692579654116,60.413599454472724,78.27457316220435,7,5,0,4,1,1,0,Non-Dropout
4527,12,0,55.31838464500457,93.93923229637996,55.951872718683596,51.384558795323585,3,3,1,4,1,0,0,Non-Dropout
4528,15,1,49.87092023436149,83.48863737561797,41.27440392316716,64.30729398430887,5,4,0,1,1,0,0,Non-Dropout
4529,11,1,48.39403978114783,94.02209119668642,65.38303381433576,41.411456410880625,1,4,0,2,1,1,0,Non-Dropout
4530,15,0,49.872598657739424,47.518314728076874,65.2695001744047,85.46513740175402,4,2,0,3,1,0,0,Non-Dropout
4531,15,0,69.21428169888144,74.42316169294612,85.00407461562851,65.28634394758944,9,1,1,3,5,1,0,Non-Dropout
4532,17,0,64.72895509203687,61.93036867548396,56.937773670678915,74.74986305815334,6,2,1,2,2,1,0,Non-Dropout
4533,16,1,60.11127856564312,60.25766828799965,100.0,67.98723409823197,4,4,2,2,2,0,0,Non-Dropout
4534,17,0,76.04716902652935,46.289958109249056,46.582360817473344,55.60823230827743,11,5,1,3,5,1,0,Non-Dropout
4535,18,1,92.13762401258738,64.46571213913357,73.68152369219933,56.692044077217275,10,2,1,2,4,1,0,Non-Dropout
4536,15,1,52.64979595568,71.51698985748885,51.310680588406505,71.83616333729569,2,1,0,3,2,0,0,Non-Dropout
4537,12,1,54.88570935172121,78.68618618946503,56.533323126280834,89.55372222114151,2,4,1,2,4,1,0,Non-Dropout
4538,19,1,31.74421412429809,74.7514304316063,63.01350398934798,59.856714656792704,2,2,1,4,1,0,0,Non-Dropout
4539,12,1,64.60503746795446,96.04677417764995,75.09533073307205,82.61223420831612,2,1,3,2,3,1,0,Non-Dropout
4540,10,0,63.08569147359869,57.07995090013503,90.07255504207549,78.84029325467857,2,4,1,1,1,0,0,Non-Dropout
4541,14,0,78.39185367821591,36.126865445675556,58.35884147356563,60.20955016460417,6,2,2,4,2,1,0,Non-Dropout
4542,13,1,63.697809140590245,85.62901197449206,32.57936506047728,81.50266084825611,2,3,1,3,4,1,0,Non-Dropout
4543,18,1,56.178360533067476,74.065432337741,100.0,80.28893452107033,8,2,1,1,2,0,0,Non-Dropout
4544,18,0,67.89028613457631,73.65018252765236,45.57144361359531,32.82007660459061,10,3,1,2,2,0,1,Dropout
4545,14,0,73.35602538712479,60.74430242542656,63.837737270345585,75.5241789450034,5,4,2,1,3,1,0,Non-Dropout
4546,19,1,40.73406411312747,93.18274072428835,71.37860658967949,84.20783547579684,5,2,1,2,3,1,0,Non-Dropout
4547,13,1,80.10336486098072,66.61870510372954,67.44503108440767,47.488658975196046,5,2,1,2,1,1,0,Non-Dropout
4548,16,0,84.59454180072677,57.32853312220888,34.701825674647615,45.29490745362552,5,2,1,1,5,1,0,Non-Dropout
4549,15,0,73.21182711469889,100.0,91.55130587501083,68.11939308492035,6,1,1,1,3,0,0,Non-Dropout
4550,13,1,50.98167409577119,88.83148071084011,0.0,88.67950433300226,7,2,2,2,3,1,0,Non-Dropout
4551,19,0,60.109601922771446,74.19683375209023,94.49475478098753,48.68058351728931,5,4,0,3,3,1,0,Non-Dropout
4552,11,0,82.74311743583348,26.175158877883618,98.90922278322971,41.331876236806046,4,6,1,2,4,1,0,Non-Dropout
4553,10,1,50.32668719518402,70.29150750898721,92.58001051162948,58.198287188367374,5,3,0,3,2,0,0,Non-Dropout
4554,13,1,74.42965561647787,74.5676662620868,62.394030714229935,56.10787145853848,5,0,0,2,5,0,0,Non-Dropout
4555,13,1,64.23841986090261,100.0,73.23520921914316,39.932916513788,5,1,0,4,4,0,0,Non-Dropout
4556,10,0,67.40289874260459,40.000449344360696,53.26817734653713,56.23738772592238,1,3,3,3,2,0,0,Non-Dropout
4557,15,1,52.46342784012784,100.0,71.71675064813141,70.23210413383018,7,3,0,5,4,1,0,Non-Dropout
4558,13,0,69.95996427653213,83.73866248222025,85.72891698021442,92.8438933965015,9,2,2,4,3,1,0,Non-Dropout
4559,10,1,68.88613605671503,50.84834283563314,42.624011106562136,73.42405524790516,5,2,0,1,3,1,0,Non-Dropout
4560,10,1,42.359621141500774,93.4363167190294,66.6428067222453,77.09241647905289,8,5,0,3,5,1,0,Non-Dropout
4561,10,0,64.93334158174446,70.1225376594535,58.0700312014759,48.67530138857764,2,3,1,2,1,1,0,Non-Dropout
4562,17,0,74.20845735619965,41.76244972478629,99.32168300817892,63.58309195809184,1,4,0,3,5,1,0,Non-Dropout
4563,19,1,59.2207512455541,66.11160901209097,46.47366345279551,61.69646128102921,2,3,2,3,3,1,0,Non-Dropout
4564,17,1,28.284041733433796,80.09814059034127,85.65392680246467,69.88939819523647,5,4,2,4,2,1,0,Non-Dropout
4565,11,0,63.27774912653094,76.23874394485524,68.68091287715667,73.95148508303323,4,2,2,3,3,0,0,Non-Dropout
4566,16,1,86.9970189971798,87.86956290422418,66.89346406364275,79.29299365424232,5,5,2,2,2,1,0,Non-Dropout
4567,17,0,59.832957658087075,96.94861217682076,86.40198490766383,65.47863832458312,3,4,1,5,3,1,0,Non-Dropout
4568,17,0,86.42976624285814,53.028646692372135,60.400310297542205,57.155410304034184,6,3,1,2,4,1,0,Non-Dropout
4569,19,1,52.81463665533447,74.58191259074708,72.58175971981588,83.36107082445716,4,5,1,2,2,1,0,Non-Dropout
4570,16,0,47.585440314095266,62.80084749013668,97.7775974830832,75.87701691440493,6,2,0,2,3,0,0,Non-Dropout
4571,14,0,64.92346043266116,50.02139831077082,50.57573170091757,74.27212912344875,2,5,0,4,1,1,0,Non-Dropout
4572,10,0,52.66132448396897,73.96321608475583,76.77439749518825,64.40838846527481,6,4,1,3,4,1,0,Non-Dropout
4573,18,1,69.94786606790835,83.63332367715982,92.033708381075,83.2438207457567,4,7,4,1,2,1,0,Non-Dropout
4574,16,0,59.41143718601944,84.81354209089469,81.67345131407811,46.14406171508539,8,2,2,1,2,1,0,Non-Dropout
4575,11,1,87.10875567883714,67.0957643349289,100.0,78.39492817853638,3,4,1,1,2,1,0,Non-Dropout
4576,15,1,58.37498793174056,54.84261997201061,67.00394791813763,78.31968573483758,6,3,0,2,3,1,0,Non-Dropout
4577,11,1,66.3460544022788,62.10740732194205,86.78576908065392,51.48854079841907,9,3,4,2,1,0,1,Dropout
4578,10,0,73.94503592665504,37.46335948994216,97.56786225698255,54.79189979504225,6,4,0,2,1,0,0,Non-Dropout
4579,16,0,79.34474059187072,51.21393336394864,27.71034359510594,45.72633454558731,3,4,0,2,2,1,0,Non-Dropout
4580,11,1,87.19464043913233,52.947540735146646,59.830516559749384,72.65576273932501,4,5,2,3,3,0,0,Non-Dropout
4581,11,1,61.477050985385034,91.9060996111026,79.47669741261116,26.276192533802302,8,3,0,3,1,1,0,Non-Dropout
4582,14,0,59.01037851292874,91.88807259913705,93.01493935440203,68.34817719282023,5,1,1,2,2,0,0,Non-Dropout
4583,14,1,36.29124951205499,100.0,76.08852063032742,53.54272696309789,5,3,2,2,4,1,0,Non-Dropout
4584,16,1,95.62567237122221,79.80653665719574,100.0,50.235398712928344,5,4,1,4,2,0,0,Non-Dropout
4585,10,0,70.41446145849979,65.32227949234365,56.645716466305785,36.82826763601787,7,2,0,3,3,0,0,Non-Dropout
4586,17,1,76.27712098658314,75.23943695527527,39.12806305842001,51.70652201380847,0,3,0,5,2,1,0,Non-Dropout
4587,12,0,73.33593312368932,71.61546479058701,89.86717618018604,86.4471375477588,3,4,3,3,1,1,0,Non-Dropout
4588,13,0,65.74302324313999,62.36561411340656,67.17503419020669,54.212035066770184,1,4,1,2,5,0,0,Non-Dropout
4589,18,1,70.25528870755043,81.39844762486287,49.05533773054184,71.29711881426557,3,2,2,5,1,1,0,Non-Dropout
4590,13,0,56.60506326223622,78.86710447301151,100.0,48.63677944863976,8,6,1,1,3,1,0,Non-Dropout
4591,19,0,60.468520238907594,73.34837328787229,88.67207671665598,80.38889097236289,4,5,0,4,2,1,0,Non-Dropout
4592,14,0,50.746912994556766,69.11421811408529,86.27870778263296,74.07569728666596,2,4,0,1,4,1,0,Non-Dropout
4593,16,1,88.35865945585337,87.63802935293575,100.0,61.583787853526275,10,2,0,3,4,1,0,Non-Dropout
4594,13,1,73.4222151484453,63.925167537644334,60.32282416639055,68.4761896796052,4,3,2,4,2,0,0,Non-Dropout
4595,10,1,94.6425887038148,66.93682545170861,100.0,69.76398918610998,7,3,1,1,1,0,0,Non-Dropout
4596,18,0,99.44574868918127,84.50165461936156,80.46277116972145,49.984694523658916,4,5,0,5,1,1,0,Non-Dropout
4597,13,0,43.937656405741265,95.22959428123009,55.2588289525697,52.7984782861854,6,3,1,2,2,1,0,Non-Dropout
4598,18,1,79.77842559309556,93.40275597595941,69.82519373740341,78.76871664935244,2,0,0,2,1,1,0,Non-Dropout
4599,15,1,44.63054484454348,69.80827362321884,74.66461186198312,88.20007616829864,6,1,0,2,5,1,0,Non-Dropout
4600,10,0,67.66126232696675,49.71304936076642,97.81790557557893,67.20268289823541,2,4,0,2,1,0,0,Non-Dropout
4601,12,1,69.72094204789293,69.21018739008112,36.24971753183655,75.38931124021781,5,2,1,2,2,1,0,Non-Dropout
4602,11,1,45.692507763386644,76.47010814937319,26.288283313387296,83.06767681670968,5,5,0,1,4,1,0,Non-Dropout
4603,18,1,53.93722496688332,52.71553281523806,50.31096009164294,60.12952443841953,7,4,1,2,2,1,0,Non-Dropout
4604,10,1,70.40527213664517,68.83807883952625,68.30660915717333,63.85208122162814,5,6,0,3,2,0,0,Non-Dropout
4605,18,1,67.64451048560944,99.14198091324354,87.86081936131984,75.71514252319426,5,2,1,1,2,1,0,Non-Dropout
4606,18,0,49.72442655298222,77.94958491245555,58.554158746105855,97.75209686296381,3,2,2,3,3,0,0,Non-Dropout
4607,17,1,54.52953356090445,64.188203736036,80.42861648992833,76.23761645114098,6,5,1,3,3,0,0,Non-Dropout
4608,17,1,42.62839567274136,75.57677818923779,100.0,69.55401310335809,6,4,1,1,2,0,0,Non-Dropout
4609,10,0,46.95614681265295,76.67493565793424,27.518272976234357,56.19470322303343,1,5,0,4,3,1,0,Non-Dropout
4610,17,0,59.42869382729788,67.53298236702192,66.599017184598,64.13024332260969,8,2,0,2,2,1,0,Non-Dropout
4611,19,0,79.81179669046523,90.44759670333215,100.0,75.31280841937286,1,1,4,2,2,0,0,Non-Dropout
4612,12,0,81.7134961178345,38.43196132369413,52.232018237804695,73.7105761688236,5,5,1,2,4,1,0,Non-Dropout
4613,16,1,92.50155043070093,84.43522159541163,49.57784016375703,56.00674022194447,6,6,1,4,1,0,0,Non-Dropout
4614,10,1,71.36396277734069,63.53705322756682,83.02654390794007,84.64998182349984,4,2,0,1,5,0,0,Non-Dropout
4615,10,1,67.82424601575039,95.9140901610661,56.7559521687299,84.66696765256455,3,3,0,3,3,1,0,Non-Dropout
4616,19,1,72.42719511494958,49.50715561498747,96.89462168383379,63.33569172729786,7,2,1,3,5,1,0,Non-Dropout
4617,14,0,72.28334025844873,93.77152185091066,100.0,69.20339612287762,7,2,0,2,5,1,0,Non-Dropout
4618,14,0,40.752295992069506,59.21464133529123,71.86832951349992,55.388464035494415,4,1,0,5,2,1,0,Non-Dropout
4619,17,1,93.3331008133116,81.43971823238232,100.0,52.86971702875216,2,8,0,3,1,1,0,Non-Dropout
4620,16,1,36.03591527057097,65.70000259368982,58.67659164497908,70.20657328378293,7,4,2,3,5,1,0,Non-Dropout
4621,17,1,82.2314359456782,97.54419464185881,65.80923087746139,53.29245887124946,4,0,1,4,4,1,0,Non-Dropout
4622,15,1,65.84580467497551,71.17839608719773,46.00373808027393,74.7272118513691,2,3,0,3,1,0,0,Non-Dropout
4623,15,0,48.65754211767819,60.53880070575124,58.74691985408114,59.044108443277985,6,6,0,4,1,1,0,Non-Dropout
4624,11,1,72.97061645107863,100.0,64.03243183745526,80.75246451235864,4,4,1,2,5,0,0,Non-Dropout
4625,15,0,63.22792092647441,69.39703536752593,80.34967067397828,63.71583211106223,8,5,1,4,3,1,0,Non-Dropout
4626,14,0,54.76193005788765,85.43564077308596,38.848235899023074,36.14900258443957,2,3,0,1,2,0,0,Non-Dropout
4627,12,0,44.27783504328467,93.78088738538908,57.06145799683004,59.41773927062478,7,2,0,3,3,0,0,Non-Dropout
4628,15,0,43.017393064641055,57.410143811401056,57.695224609514256,66.6030845931597,3,6,1,5,4,1,0,Non-Dropout
4629,17,1,55.836330508261995,83.43892569967564,92.33862227430541,38.993776561585406,8,5,0,3,1,0,0,Non-Dropout
4630,18,1,59.1951782343668,86.14369631735585,72.91611505764101,40.38616913572802,4,3,0,2,1,0,0,Non-Dropout
4631,10,1,46.84186200741797,44.05044347591621,72.92060348479475,62.186208206583,4,2,0,3,3,0,0,Non-Dropout
4632,12,1,65.57720221470443,81.46118593360498,72.08141202446048,80.06883428498763,7,5,1,5,3,1,0,Non-Dropout
4633,12,0,48.97795696903219,67.9218055150993,26.384619787987667,74.47085485567897,8,4,2,2,5,0,0,Non-Dropout
4634,17,0,70.40331080263852,100.0,100.0,64.78335258680715,12,0,1,4,1,1,0,Non-Dropout
4635,10,0,83.47068981907485,92.32239031038664,46.876539684733174,52.210343572943216,1,2,2,1,1,0,0,Non-Dropout
4636,14,1,69.34061474294113,83.78153471827065,92.2518967380037,51.480185346045886,2,7,0,4,2,1,0,Non-Dropout
4637,12,0,63.592478135293476,34.17343536919627,64.37069717218861,74.73676832569173,6,2,2,1,3,0,1,Dropout
4638,11,0,56.97654443268357,83.89972006801301,54.71371831892553,67.97279328236424,6,2,0,5,2,1,0,Non-Dropout
4639,17,0,86.6914792786283,59.78051990504335,96.09258788284272,77.81609336125705,9,7,0,1,2,0,0,Non-Dropout
4640,12,0,62.097264237114004,92.47056944139433,40.15799185052229,83.06000528530788,3,3,1,2,1,1,0,Non-Dropout
4641,16,1,100.0,71.80165284851132,42.2731731869088,58.18948142030188,5,4,0,3,1,1,0,Non-Dropout
4642,10,0,47.2544623263181,64.61828119959596,73.93690453921151,71.60178541933516,3,5,0,3,1,1,0,Non-Dropout
4643,15,0,69.34860923993135,66.26764178807903,74.68118454046945,73.58218565421677,2,1,2,2,1,0,0,Non-Dropout
4644,12,1,86.19085414953133,67.59560277603413,90.48752043591331,54.5388315111629,5,6,0,3,4,1,0,Non-Dropout
4645,17,1,54.6479550212359,48.05544685372135,87.91397033452785,55.32492628841598,9,2,1,1,2,0,0,Non-Dropout
4646,15,1,61.45813475036767,50.67963942057509,68.2661200223961,75.84130507969378,6,6,2,1,4,1,0,Non-Dropout
4647,11,0,74.39219761739652,68.29032630440534,72.61166274575776,65.02600927136159,5,3,2,1,1,1,0,Non-Dropout
4648,15,0,70.81835369596679,100.0,66.36831006295937,51.90676663844405,5,2,0,2,1,0,0,Non-Dropout
4649,16,0,73.39548596331464,89.28926400021854,100.0,52.7130470239954,3,8,0,2,5,0,0,Non-Dropout
4650,14,0,82.40387711912398,91.08009587643677,45.448692241490996,45.742528366567456,0,2,0,1,4,0,0,Non-Dropout
4651,12,1,59.798688287712636,98.94456205579536,70.79114504633921,59.626178178574655,3,2,1,2,4,0,0,Non-Dropout
4652,13,0,86.5553884720211,80.62231161993431,89.23811550996673,49.56638927140998,4,5,1,5,3,1,0,Non-Dropout
4653,13,0,39.19977575900975,65.86647804179304,97.74925080710881,66.53336148407311,11,1,1,3,1,0,0,Non-Dropout
4654,15,1,81.16156318378506,66.78032448014665,53.30668163049033,99.21815520487172,5,2,1,2,1,0,0,Non-Dropout
4655,19,1,82.20808531364466,58.48522344420172,45.736848727232385,71.90527615699645,9,1,0,1,3,0,0,Non-Dropout
4656,10,1,53.38294435918938,91.22016207095375,38.96391203842271,81.00663560641624,4,2,0,3,4,0,0,Non-Dropout
4657,13,0,43.24045736034627,56.27511181812538,61.42612385187819,71.00956779795777,9,5,0,2,2,1,0,Non-Dropout
4658,19,0,61.51748893160385,100.0,76.35451310445688,40.26037209097341,7,5,1,5,3,1,0,Non-Dropout
4659,13,0,71.05704696243896,56.94183268297866,58.19548859790343,66.89827957822537,6,2,1,2,5,1,0,Non-Dropout
4660,19,0,59.97351482464368,99.45809117414859,87.48004583872105,54.760102193714246,2,1,0,1,2,0,0,Non-Dropout
4661,10,0,72.52913281935788,99.56601327488151,68.36107248210125,52.63301144730046,6,1,1,4,4,0,0,Non-Dropout
4662,18,1,94.06615644904653,87.4870769967658,85.23757030597416,61.60228826329154,5,3,0,4,4,1,0,Non-Dropout
4663,13,1,44.52932090949037,100.0,73.67945621216442,74.46556178501106,2,2,1,4,1,1,0,Non-Dropout
4664,16,0,35.68842345221326,71.07530182774516,27.868580557955255,60.421950772869735,3,4,2,4,2,1,0,Non-Dropout
4665,12,0,63.96053519725667,77.56534880438684,41.25382606911177,77.88133309089363,6,2,1,2,3,1,0,Non-Dropout
4666,19,0,54.79747135538678,79.488530556416,98.92782871051378,67.74827687612706,6,4,1,4,1,1,0,Non-Dropout
4667,12,0,57.79527622391517,86.80240738442045,46.57635711718632,69.75997490392011,5,1,1,4,2,1,0,Non-Dropout
4668,17,0,84.00369724236333,38.62066644583727,91.29855053875394,64.11346176687681,7,4,1,4,2,0,0,Non-Dropout
4669,17,1,63.19075512758791,72.87726950594941,73.15610312306175,84.28867276676927,10,5,1,2,2,0,0,Non-Dropout
4670,10,1,64.56506868807953,92.1647209697596,45.38629096846007,54.48598852428663,4,7,1,3,1,1,0,Non-Dropout
4671,19,1,58.44803683635839,67.5616847835394,88.74112558329742,55.335448321217925,1,3,1,5,2,1,0,Non-Dropout
4672,11,0,64.41798247061323,100.0,58.058141363817185,60.22678466508874,3,0,2,3,3,0,0,Non-Dropout
4673,17,0,69.0275219371304,77.56062433889065,73.78905556286075,72.53547153600654,4,4,3,2,2,1,0,Non-Dropout
4674,10,1,100.0,85.29043415317803,64.7536387422327,74.55794009767291,4,5,1,1,2,0,0,Non-Dropout
4675,17,1,69.1948622541815,100.0,2.3950838280976683,56.59564284519827,4,4,1,1,1,1,0,Non-Dropout
4676,17,0,82.44042753034273,77.58865874509777,86.8438387111539,78.45285746357462,7,4,0,2,2,0,0,Non-Dropout
4677,11,1,67.79599377716978,100.0,89.17953504497163,50.29487144134685,4,3,0,3,5,1,0,Non-Dropout
4678,13,1,34.58316004530057,86.66292341217232,57.6482539501019,75.69301927291076,2,5,0,1,3,1,0,Non-Dropout
4679,15,0,56.4939224942717,86.70161551128261,86.05900414243143,70.3650902432893,9,4,1,1,1,0,0,Non-Dropout
4680,18,1,69.1836607701332,57.21677673677843,48.206175357951494,65.26096452002135,14,2,1,1,1,1,1,Dropout
4681,17,1,75.8512181567508,97.12920405628964,48.71596816646748,72.09685814597958,6,0,1,2,3,1,0,Non-Dropout
4682,17,1,68.15342887367788,62.8721862105449,75.99029311615679,63.21419660904145,9,4,0,3,2,1,0,Non-Dropout
4683,16,0,78.80527099657911,71.27231470648606,52.59641374344346,68.82848058416306,4,1,1,3,4,0,0,Non-Dropout
4684,18,1,43.10022802731207,100.0,66.77054038825584,100.0,7,1,2,5,1,0,0,Non-Dropout
4685,11,1,65.73188713425779,67.66517453841259,46.5246775043738,78.41484915078735,10,2,1,3,2,0,0,Non-Dropout
4686,12,1,84.91944552028193,81.95578959216436,37.885497976520945,56.867593514557065,5,3,0,2,3,1,0,Non-Dropout
4687,19,0,50.426600040860876,73.922552416261,75.19275906838939,60.421176710016915,3,2,3,3,3,0,0,Non-Dropout
4688,17,0,81.8088714842495,74.62002265447045,75.42612126965888,83.12308371726562,7,5,2,4,3,0,0,Non-Dropout
4689,15,1,81.03361188927566,72.01080229496725,70.4801354788341,59.07793302839099,3,2,1,2,4,0,0,Non-Dropout
4690,19,0,46.44463021217085,54.27647196448409,62.7345486158768,90.5116100674726,2,3,1,4,5,1,0,Non-Dropout
4691,18,1,70.0681784166468,85.90286333360159,52.4102022064802,76.48057493120398,4,1,2,4,2,1,0,Non-Dropout
4692,19,0,67.38220987502636,87.6824360248363,42.970412002728466,44.65961293337223,5,5,2,2,2,1,0,Non-Dropout
4693,13,0,62.35455960406321,63.36025174268819,41.990041331240455,78.02500168614554,5,4,0,3,2,0,0,Non-Dropout
4694,17,1,42.09666166664426,66.15422644071126,54.90310398784655,32.65476265353975,3,5,3,2,2,1,0,Non-Dropout
4695,19,1,61.054103957980004,93.25982474435182,95.53205983277965,59.7740456623487,11,3,2,2,2,1,0,Non-Dropout
4696,12,1,62.6555619898795,69.72424536632508,75.77504020929015,77.82786783997315,2,3,1,3,1,0,0,Non-Dropout
4697,12,0,39.52548071330173,76.85194297102537,79.00626141029753,37.0063024102451,8,3,0,4,4,0,0,Non-Dropout
4698,17,1,45.422725444475375,57.36805518828302,38.607251005106704,95.44225275924114,5,2,1,1,3,0,0,Non-Dropout
4699,14,0,51.09506909824989,73.7305457655287,74.64287636243742,79.52641588334282,4,3,0,5,4,0,0,Non-Dropout
4700,12,0,49.275776521272924,57.47642642388924,78.42668351881451,50.31696353494165,7,3,0,1,5,1,0,Non-Dropout
4701,19,1,69.89405556584154,62.9004848658911,100.0,87.80018511175095,6,5,2,2,2,0,0,Non-Dropout
4702,10,0,78.67265790297364,59.716383366530685,69.53044391434722,36.35542834191081,4,5,0,1,1,1,0,Non-Dropout
4703,12,1,60.34185279795665,92.26567251331252,60.155280995061545,49.88630127107275,4,4,0,3,4,1,0,Non-Dropout
4704,18,0,76.49434351263398,48.40825166869094,50.84013053233589,43.773283857187515,6,1,0,1,3,1,0,Non-Dropout
4705,14,1,79.28732690726943,80.33363355592336,71.49360952487704,35.37572193972033,3,1,1,4,4,1,0,Non-Dropout
4706,19,0,63.72060585433013,70.5375112436199,65.12750348884246,60.002513220512355,9,2,1,4,1,1,0,Non-Dropout
4707,11,0,71.12065614794268,100.0,98.06133933629413,67.86726124372026,6,3,0,2,4,1,0,Non-Dropout
4708,16,1,61.64982262743757,90.58939969159647,92.549930808803,67.41939439420293,7,4,0,5,3,0,0,Non-Dropout
4709,11,0,48.15755368707219,50.20067762788326,45.123072535027895,66.95567526552631,2,1,0,2,1,1,0,Non-Dropout
4710,13,1,53.79860822682796,63.7895438692173,69.4451993222438,65.78870530103598,7,6,2,2,2,1,0,Non-Dropout
4711,16,0,69.89222240986842,74.7217385394089,100.0,47.278203191636045,7,2,1,2,2,1,0,Non-Dropout
4712,13,0,63.180056905724484,63.78547760692105,33.35504720318413,57.462723635975955,3,1,1,3,2,0,0,Non-Dropout
4713,16,0,76.05759519664757,93.16546665241621,65.33089615131382,23.736363876591547,5,1,0,5,1,0,0,Non-Dropout
4714,16,1,36.69519389326091,78.3988384910379,88.81247664646644,81.19336162159723,8,5,1,1,2,0,0,Non-Dropout
4715,10,1,40.30142651452903,71.1330810057456,64.06005385993535,66.41914857503842,2,1,0,2,2,1,0,Non-Dropout
4716,15,1,42.07662719965322,94.61794736767025,61.94952087707037,66.02484025375314,3,1,1,2,2,1,0,Non-Dropout
4717,18,1,67.49979771655812,51.45283224398614,58.259927718264386,76.69112552949494,3,2,1,1,1,1,0,Non-Dropout
4718,11,1,44.328453524914366,69.68974649341096,43.40309368712116,77.76456976897616,4,0,1,4,3,1,0,Non-Dropout
4719,12,0,69.80193747465403,79.95998329112071,65.77372921435735,59.58231463943317,4,3,1,1,2,1,0,Non-Dropout
4720,19,0,76.29514881596218,72.17370939288864,95.65061008622482,63.24681538879638,4,5,0,1,2,1,0,Non-Dropout
4721,14,1,87.74374660129077,12.907894965477198,38.20422367410394,88.49202890025128,7,2,0,5,4,0,0,Non-Dropout
4722,18,0,86.08861327460413,81.78047220717846,76.66744199709785,56.220659465241084,3,3,1,3,3,1,0,Non-Dropout
4723,13,0,54.568705184992574,85.05455192621756,96.97491391755842,88.35836125393821,6,6,1,3,4,1,0,Non-Dropout
4724,10,0,39.955430104726766,54.7490406542194,69.48366517322256,59.74506552363024,7,0,3,3,4,0,0,Non-Dropout
4725,13,0,55.520870025348714,31.34049427097979,59.46925306949032,36.376668187368125,4,3,2,1,3,1,1,Dropout
4726,15,1,79.65253620404259,61.44528834244332,86.85837802692154,66.34279961685682,4,0,2,3,1,1,0,Non-Dropout
4727,14,0,59.154648967404135,70.93036136298993,47.49302046922976,59.62917544646165,4,4,2,4,1,1,0,Non-Dropout
4728,10,1,64.63519114941907,72.78937780464523,80.54748847285259,44.776016200848645,4,2,0,3,1,0,0,Non-Dropout
4729,13,1,56.642588833982295,35.65787085077265,65.83657087155305,63.78482951826062,5,5,0,3,2,0,0,Non-Dropout
4730,15,0,88.71804147379527,79.0643673232269,71.56606008014357,57.71744924410488,6,6,3,1,4,1,0,Non-Dropout
4731,19,1,49.78308852771186,95.57753479054027,100.0,93.10792323156127,6,3,0,3,1,0,0,Non-Dropout
4732,19,0,66.0014830959697,94.13613254951723,98.90467610575597,79.52733501183522,7,4,3,1,1,0,0,Non-Dropout
4733,13,0,81.62357841649869,99.43686695392003,100.0,50.58060879578598,5,2,2,5,1,0,0,Non-Dropout
4734,18,0,92.6232421459305,50.74052720803181,49.55108143625321,53.89610959069504,5,4,1,4,3,1,0,Non-Dropout
4735,14,1,54.57796847692036,92.58124616338367,44.456395521986806,80.00871302097704,0,1,0,1,2,0,0,Non-Dropout
4736,17,1,79.41208799207563,56.323588444188836,81.66857252114191,83.18775062115174,2,4,1,2,5,1,0,Non-Dropout
4737,18,1,55.516025097153594,90.78479907325983,78.10058121029036,60.00329897626574,6,3,0,3,1,0,0,Non-Dropout
4738,19,0,85.65739802868076,60.2529728484454,20.588504546279296,57.78629889541175,6,5,1,1,4,1,1,Dropout
4739,14,0,90.94200577593912,82.04046251859216,78.4408066497692,63.0926340945321,8,1,1,5,3,1,0,Non-Dropout
4740,15,0,51.65607652193425,100.0,100.0,69.3497713766296,7,6,0,4,3,1,0,Non-Dropout
4741,10,1,74.80195263327548,93.65872657936731,100.0,75.88463936213,4,7,2,1,2,0,0,Non-Dropout
4742,16,0,81.69929791657682,56.55447285272795,52.50755484212843,76.66087973520729,4,5,2,5,1,1,0,Non-Dropout
4743,13,0,60.585989185653595,52.2223188952646,87.77574302226665,49.165547766278706,4,3,0,3,2,0,0,Non-Dropout
4744,11,1,73.21571660289736,90.52680735833512,47.77425722693652,59.6043695303196,3,4,1,2,3,1,0,Non-Dropout
4745,14,1,74.0002589096503,100.0,67.60252307103994,33.682246953276774,7,2,2,2,3,0,0,Non-Dropout
4746,12,1,95.14475203684661,83.59598979060193,49.49418815014495,64.64701758403474,2,5,2,2,3,1,0,Non-Dropout
4747,15,0,35.434974212001336,64.77654064121586,40.77460628605245,44.182237222546625,1,0,2,3,5,1,0,Non-Dropout
4748,17,0,64.1612974691771,75.8374010053377,92.08228676820626,54.02286081291978,5,5,1,3,3,1,0,Non-Dropout
4749,16,0,46.24619897119484,83.6488826295499,77.16234867027512,81.56065542775089,4,4,0,1,1,1,0,Non-Dropout
4750,12,1,65.2069711660015,73.20888697330786,81.10278476561462,70.8505942900953,7,1,1,2,4,0,0,Non-Dropout
4751,17,1,53.25712996126863,56.57438721013586,85.82585725763963,70.23615037731827,4,3,0,1,3,1,0,Non-Dropout
4752,11,1,61.17624170950114,96.27477132326175,74.93128235201037,65.03457009685091,7,1,0,4,3,1,0,Non-Dropout
4753,19,1,51.88778991971712,100.0,44.05936536826753,86.05673295342046,8,2,1,4,4,0,0,Non-Dropout
4754,18,0,67.33051179703516,100.0,75.25978066035212,55.58247688232528,5,3,1,4,3,1,0,Non-Dropout
4755,13,0,81.10841255275244,31.57669240625978,64.553281545997,67.45414551846005,3,1,1,1,5,0,0,Non-Dropout
4756,10,0,59.408978188516706,98.11964082241398,65.21492296643467,66.65285262788144,5,5,2,3,2,0,0,Non-Dropout
4757,17,0,86.45933308592817,86.56399466400313,46.40888277073282,59.77190899979247,4,3,1,4,3,1,0,Non-Dropout
4758,16,0,80.65935212013679,61.854374555567645,32.34487036976133,97.07455409319196,5,2,1,2,2,0,0,Non-Dropout
4759,14,0,95.51103528435249,35.75634744128958,55.819115676678216,46.68610263352572,8,3,3,4,2,0,1,Dropout
4760,19,0,71.17035518086143,72.72726295435805,83.6339879110449,37.27620883685431,6,3,1,1,2,1,0,Non-Dropout
4761,14,0,64.07533937553082,82.27363127735251,68.26491764268906,66.61988820741924,2,3,1,3,3,1,0,Non-Dropout
4762,16,1,41.22144205184671,52.862902190535415,100.0,55.9544510538325,11,3,2,2,1,1,1,Dropout
4763,14,1,53.27469317610429,99.64514964756856,68.36190174669846,30.179082798637573,4,4,0,1,3,0,0,Non-Dropout
4764,17,0,61.88145515751139,99.16038875748012,74.87280931668955,70.63790187360645,6,2,3,3,3,0,0,Non-Dropout
4765,15,1,63.65739453257693,84.35831851345569,70.41551686015148,68.62675179341134,2,4,0,2,3,1,0,Non-Dropout
4766,14,0,100.0,47.543699324105276,43.43382348759834,81.83429770212732,8,7,3,3,3,0,1,Dropout
4767,18,0,61.895348276653436,69.75849064901448,69.46347688982479,56.65965412764171,9,5,2,4,2,1,0,Non-Dropout
4768,11,1,38.47470066094091,89.47385770921805,43.291425086090285,37.114681766085255,2,4,1,2,3,1,0,Non-Dropout
4769,10,0,74.96855535166819,88.15481963419083,68.2877947220756,50.92511908616198,8,0,2,5,3,1,0,Non-Dropout
4770,17,0,74.09747360403986,61.01941723442182,26.00161558036357,36.17227495988009,5,5,0,2,3,1,0,Non-Dropout
4771,12,0,58.11605443340182,63.95218604198562,68.26342624236905,87.45133943623537,5,3,0,4,3,1,0,Non-Dropout
4772,16,0,96.91505686628926,60.50368075445756,73.70119673025278,80.08702367331459,4,6,1,3,3,1,0,Non-Dropout
4773,19,0,36.55068417885612,69.34223171434041,75.50297988748572,84.2500159910704,3,5,1,3,3,1,0,Non-Dropout
4774,17,0,83.74185649381796,65.26621508506156,34.13648827548952,74.99692561378102,4,1,0,2,1,1,0,Non-Dropout
4775,15,0,60.63354943882957,61.621395633560276,82.01796323567478,43.993658537473486,3,6,2,5,3,0,0,Non-Dropout
4776,19,1,50.74373332581064,72.2476464070211,86.4754529599924,58.93955033347705,7,2,1,3,3,1,0,Non-Dropout
4777,18,1,100.0,75.79983132170446,46.04582522498593,76.88745637219122,7,4,3,2,3,0,0,Non-Dropout
4778,16,0,76.05045095436923,96.74105644761092,94.63410438146549,39.50922387469725,6,1,4,3,1,0,0,Non-Dropout
4779,19,1,60.523419752029326,39.37455489804346,74.7173472052722,71.6114488391657,5,6,2,3,1,0,0,Non-Dropout
4780,14,0,60.21854466700621,99.385266262355,68.49457035284429,76.67462343323812,7,4,3,4,3,0,0,Non-Dropout
4781,17,0,69.13128253055322,60.05368531920048,84.19655565060084,98.94841292941028,7,3,3,1,2,1,0,Non-Dropout
4782,11,0,58.07054726122453,100.0,100.0,79.333040386421,5,5,2,2,4,0,0,Non-Dropout
4783,16,0,84.49412786913206,88.46394068566437,66.48027777864557,72.12611088519706,3,1,0,3,5,0,0,Non-Dropout
4784,13,1,66.31528089593867,85.9467632115366,57.65005357108939,65.42701610474414,5,1,1,1,4,0,0,Non-Dropout
4785,18,1,80.26346677545594,72.91970686678374,100.0,73.14868865861311,5,3,0,1,1,0,0,Non-Dropout
4786,10,1,68.11889517495001,100.0,65.67720528754964,74.15726795860805,5,4,0,1,4,0,0,Non-Dropout
4787,16,1,78.04752498761508,74.3878981199281,79.16633006830223,33.92657483603996,7,2,1,5,1,0,0,Non-Dropout
4788,15,0,85.18264627619713,100.0,65.66646686881751,68.20155324250804,7,1,3,1,2,0,0,Non-Dropout
4789,17,1,90.21394748398548,63.509342252991324,29.823562846457392,25.329561586858823,6,5,0,1,4,0,0,Non-Dropout
4790,14,0,72.36420031430406,89.33187304358286,62.31190533944465,31.19266688512407,7,2,0,1,1,1,0,Non-Dropout
4791,10,0,52.00179371538393,100.0,97.77940755934421,65.63096109304477,6,2,1,5,1,1,0,Non-Dropout
4792,10,1,62.411265987073335,58.04052971989067,49.754609034882684,72.1785899756722,6,5,2,3,4,1,0,Non-Dropout
4793,18,0,64.6079319608306,84.82520337082322,100.0,45.11082733955598,4,2,0,2,5,1,0,Non-Dropout
4794,19,1,56.4018674288209,60.87250152414928,89.09108576653794,81.40737837406692,2,4,2,5,3,1,0,Non-Dropout
4795,15,1,53.897686654946725,83.59325155006304,44.893158510190666,87.7925737548104,5,2,0,3,3,1,0,Non-Dropout
4796,19,1,67.61750853815616,100.0,39.889695186532315,77.08916337249904,4,3,1,4,3,0,0,Non-Dropout
4797,14,1,50.25038542838403,56.33161738409889,39.195130483369226,64.5992058109504,9,2,0,1,2,1,1,Dropout
4798,10,1,47.338992639911105,78.12016024235413,59.78329285199333,69.59387039924344,8,4,2,5,1,1,0,Non-Dropout
4799,15,0,39.58346252812467,58.31057483991639,42.76002874130927,66.69315948895752,9,3,0,5,2,0,0,Non-Dropout
4800,15,1,72.20505042253123,72.4143737316447,100.0,68.20972695961146,4,3,0,4,4,1,0,Non-Dropout
4801,12,1,70.11871967221965,87.42452703577328,40.41107463607371,49.63779607587014,7,4,0,1,4,1,0,Non-Dropout
4802,17,0,60.12986745140248,69.03663419097207,47.70727459613504,59.410877643160454,3,6,1,1,3,1,0,Non-Dropout
4803,10,1,79.91346913652977,100.0,100.0,65.89368684995249,4,1,2,4,5,0,0,Non-Dropout
4804,10,1,50.01785964016922,84.66687263942924,63.41417886670975,70.0572407676165,4,4,2,2,3,0,0,Non-Dropout
4805,15,0,70.71311160982837,48.53176805099736,80.5367105341198,73.84321794473237,5,0,1,2,4,1,0,Non-Dropout
4806,19,0,65.8124504065322,81.39589069866315,81.61287454711811,50.023326210275144,7,1,1,2,2,1,0,Non-Dropout
4807,10,1,53.88979491990842,100.0,33.639153585853435,62.40838820719813,5,3,2,2,1,1,0,Non-Dropout
4808,15,0,57.61186355305243,85.84828423556486,90.06946118265051,60.973532342213886,7,4,1,3,4,0,0,Non-Dropout
4809,10,1,56.457560299183356,80.21522089211996,85.33202555440822,94.39235835140167,6,3,1,2,5,0,0,Non-Dropout
4810,15,0,68.79130953592168,69.04935987953334,86.31274333493512,68.7464181242213,3,3,1,3,3,1,0,Non-Dropout
4811,12,1,73.9014331048333,73.05946558018235,53.03309533297575,75.10639398075423,5,6,1,1,2,0,0,Non-Dropout
4812,17,1,58.60409252728108,75.21683488573973,77.17377580961004,79.94709815207955,4,2,1,2,4,1,0,Non-Dropout
4813,15,1,54.31843213823541,26.08121551897775,65.67652169486696,77.80727750952116,7,5,1,5,3,0,0,Non-Dropout
4814,10,0,67.05833192790135,84.2739705603505,72.32844156861314,34.48173510882948,7,6,1,1,1,0,0,Non-Dropout
4815,14,1,40.223732487373184,94.93395687089384,50.56952307330115,62.32656882973198,4,5,3,2,5,1,0,Non-Dropout
4816,17,0,65.51536199663407,60.04140658046324,65.24388766504076,75.16986345544474,7,1,2,1,2,0,0,Non-Dropout
4817,12,1,88.4266322678253,79.64967245026678,94.42254331061105,66.9522366268246,2,3,3,4,1,1,0,Non-Dropout
4818,15,1,54.44055094680529,82.0722320745013,21.850705428516278,39.98025967269797,11,3,0,3,1,1,0,Non-Dropout
4819,14,1,62.347172598875765,91.20594411553287,60.85110536951757,49.34856765905892,5,3,0,3,2,0,0,Non-Dropout
4820,15,1,80.36842623953669,75.24686808241964,85.96897414513361,51.6825301900418,3,2,2,4,1,1,0,Non-Dropout
4821,19,1,76.32010011612724,85.79273812964652,42.80353946169829,69.92347065034427,2,2,1,4,2,0,0,Non-Dropout
4822,10,0,65.92758622587276,51.76809139616822,80.00882948115033,68.51216462092249,4,1,0,2,1,1,0,Non-Dropout
4823,16,0,64.12207210904836,54.71487316477024,81.72588664179924,87.85756158036094,3,5,1,2,2,0,0,Non-Dropout
4824,18,0,46.46663636947754,83.62294016976523,66.17115435553299,65.18926718541165,10,6,1,3,1,0,0,Non-Dropout
4825,11,1,72.36729231346699,70.40811639201856,77.53119466856583,68.05345774502112,4,2,0,3,3,1,0,Non-Dropout
4826,19,1,44.849374813828945,43.38578294256526,100.0,44.945449412317316,6,4,1,2,3,1,0,Non-Dropout
4827,14,0,34.02222691818214,81.9499360854272,53.19096484969532,62.66256070258776,3,4,0,4,1,1,0,Non-Dropout
4828,19,1,80.12154604174901,49.504959724259365,35.30408615694399,99.1007734647863,5,4,2,1,4,1,0,Non-Dropout
4829,13,1,70.80479447589667,100.0,59.38800168355472,70.13166556925002,3,5,1,5,3,1,0,Non-Dropout
4830,15,1,78.19603542586796,31.47745082307332,45.13751466185499,56.60170587022776,3,0,1,3,1,1,1,Dropout
4831,15,0,53.95235519098014,76.05356428502338,79.6256093461447,71.23299646198392,10,2,0,3,1,1,0,Non-Dropout
4832,11,0,71.99545949263398,52.67703291833554,58.61228634402488,80.62916224403233,2,3,2,3,1,1,0,Non-Dropout
4833,11,0,58.41398152050681,93.31737117691256,85.32779880699263,72.46691898529038,3,4,1,1,1,0,0,Non-Dropout
4834,13,0,60.091360205573764,66.94231590268129,77.27961121179105,77.47372884864552,7,2,2,5,3,0,0,Non-Dropout
4835,10,0,79.60631186284351,95.25665615558998,52.86981095770643,79.38977518965253,5,2,2,4,1,1,0,Non-Dropout
4836,18,1,62.75313060197906,90.34674826598467,46.935122159490064,67.35212798145653,6,3,4,3,2,0,0,Non-Dropout
4837,16,1,54.55421311860776,53.64495795674124,35.17360969512983,69.93584670381574,5,3,0,3,2,1,0,Non-Dropout
4838,16,1,44.517223668326736,60.45336286045875,96.28499110637456,56.026200883528595,2,4,1,3,1,1,0,Non-Dropout
4839,12,1,70.41034063790697,68.1096083300755,83.1113119000345,55.85789561525539,3,2,2,3,2,0,0,Non-Dropout
4840,12,0,80.89214251140264,73.64937149754766,59.72989827456136,63.79255206493285,4,5,3,5,3,1,0,Non-Dropout
4841,10,0,53.25307414924969,71.07092435187731,85.1564085141962,45.13414002915373,10,5,0,2,2,0,0,Non-Dropout
4842,12,1,75.3346840206386,89.56221660695023,42.3908805160556,70.53297382112805,6,3,1,3,5,0,0,Non-Dropout
4843,12,0,50.85832026899785,79.67903997297651,48.128561263903755,53.055636264790806,9,3,1,2,2,1,0,Non-Dropout
4844,13,1,76.23953454943978,62.74699957045794,45.63106801235181,67.68383577663832,3,3,0,1,3,1,0,Non-Dropout
4845,13,1,65.49371696992185,56.75094424405844,76.915096766898,72.75859080021033,10,3,0,1,3,1,0,Non-Dropout
4846,12,1,69.01754258844771,58.682118164869294,54.88396711711188,45.24906891421289,6,1,0,1,2,0,0,Non-Dropout
4847,19,1,54.538844775315845,81.59986055637309,33.64823123482308,71.15095951244012,5,3,0,2,5,0,0,Non-Dropout
4848,17,0,70.36326295230275,71.13855135533318,72.28315167069579,34.0209229412495,4,3,1,2,4,0,0,Non-Dropout
4849,17,1,56.03469137998037,100.0,84.32564714446468,73.8302620479072,5,4,1,1,2,0,0,Non-Dropout
4850,10,0,58.79489761797588,74.99513308754958,66.6013933217375,74.03881143293268,1,0,2,2,5,0,0,Non-Dropout
4851,16,1,42.23558530178234,78.77460798876459,98.49372435288032,75.05492012222072,3,1,0,2,1,1,0,Non-Dropout
4852,11,1,53.417717587223,38.979276352908,90.06981561314629,70.15663591285828,5,4,1,1,1,1,0,Non-Dropout
4853,10,1,57.11757045613199,48.23880999111029,97.96696282985772,57.22736328946431,5,3,0,2,1,0,0,Non-Dropout
4854,12,1,69.69214268958109,52.571971588841166,89.59443902354602,57.76003562297676,4,4,1,3,2,0,0,Non-Dropout
4855,13,0,73.93483663366811,64.33938679722047,75.89662902528121,55.75816002852495,8,1,0,1,2,0,0,Non-Dropout
4856,15,1,55.881023353668624,45.35525555915215,38.90363242243771,80.44598418065912,6,1,3,3,1,1,1,Dropout
4857,19,0,62.53333192656598,51.90141369926462,61.34672613195712,90.36035756193446,6,1,2,1,3,1,0,Non-Dropout
4858,14,1,90.29577896691652,88.29874635941334,57.18961781350783,66.26643833276523,10,2,1,5,2,1,0,Non-Dropout
4859,13,1,66.96662844627252,57.80275061698811,47.78753831566411,50.17760433031134,5,2,1,1,5,0,0,Non-Dropout
4860,17,1,56.946613333941464,74.17974764016223,55.62974803770364,60.829165745514295,5,1,0,1,5,1,0,Non-Dropout
4861,13,0,39.80526859716062,86.84280628503902,33.38879312576949,79.68508146559712,4,3,1,2,3,1,0,Non-Dropout
4862,19,1,52.1911622994616,93.93239898234489,92.09857802321818,73.30920898802793,1,2,1,3,1,0,0,Non-Dropout
4863,11,1,51.60695572884261,80.85048261074095,43.527179549718035,65.50902449853326,6,1,1,4,3,1,0,Non-Dropout
4864,12,1,94.66810580600568,82.05482459173862,90.33192348869278,61.035336076795545,7,1,1,3,4,0,0,Non-Dropout
4865,15,1,52.273137165605135,94.5455404854103,100.0,39.67334015879999,5,3,1,3,5,1,0,Non-Dropout
4866,17,1,65.76564392507369,83.28531573326946,50.84617093930012,61.77681386849419,9,5,1,4,2,1,0,Non-Dropout
4867,17,0,70.56136338318314,95.70850868826224,56.13739835381388,59.18559541158815,14,1,2,3,1,0,0,Non-Dropout
4868,18,0,81.59787387528374,32.13214975211407,82.46360079150321,58.682202628668826,6,2,0,2,2,1,0,Non-Dropout
4869,16,1,65.120363627889,73.32640898058396,59.087786867136835,69.22436183405048,3,1,0,1,3,1,0,Non-Dropout
4870,11,1,57.34528238598951,76.11374956163121,50.00498106411217,91.25679267695713,5,3,1,3,1,0,0,Non-Dropout
4871,17,0,56.35195172630174,72.64231470929614,81.02394448807433,65.29678045523266,6,3,3,4,3,1,0,Non-Dropout
4872,16,1,70.34569989019735,77.46400986492856,51.48439739777979,73.97446620037361,10,6,0,1,3,0,0,Non-Dropout
4873,17,0,54.73490813690267,66.83334551261802,100.0,64.08968311879141,2,0,2,5,2,0,0,Non-Dropout
4874,12,1,48.43728285891852,90.7795503889755,84.04280167026093,64.08411321940308,5,3,0,1,3,0,0,Non-Dropout
4875,16,1,57.342435172544015,64.28862612154349,86.73269323640837,82.11144515096397,7,0,0,1,1,1,0,Non-Dropout
4876,19,0,45.13273488196015,70.64514025688958,67.75527423611948,70.60539441937007,5,2,0,3,4,1,0,Non-Dropout
4877,18,1,92.75924876780897,100.0,100.0,76.68425512548554,4,6,0,2,3,1,0,Non-Dropout
4878,12,0,73.94829065107066,100.0,51.43415308858269,83.59779014130089,4,4,2,3,2,1,0,Non-Dropout
4879,19,0,89.31265765121852,78.1526887107731,89.01660613617086,70.44340970705008,5,3,2,1,1,1,0,Non-Dropout
4880,15,0,72.28154055110733,62.262235761575184,36.54502909862863,68.66843361833806,6,1,1,1,2,0,0,Non-Dropout
4881,11,1,87.86889545063846,42.31453916480844,100.0,76.0539663802022,7,2,1,3,4,1,0,Non-Dropout
4882,11,0,70.51196996083874,72.37298857668281,90.49752903288675,55.267163936241964,3,4,0,5,2,0,0,Non-Dropout
4883,14,0,75.89271981493003,85.16358875639342,46.50314940647614,55.52424572817079,8,2,0,2,3,1,0,Non-Dropout
4884,14,1,32.99421460188227,60.57677077281997,83.14284993695217,53.61861662066019,13,0,2,1,4,1,1,Dropout
4885,16,1,51.28505604535716,75.11857494955443,96.56868929381156,57.64105966897164,7,4,0,3,1,0,0,Non-Dropout
4886,11,1,65.55391662883957,68.03121989585651,47.64918771974305,47.19639080276117,3,4,0,5,2,1,0,Non-Dropout
4887,16,1,65.91781647184834,40.556101517921746,58.492039080208116,40.154035604058336,5,2,1,2,5,0,0,Non-Dropout
4888,14,1,63.85428471990747,77.34332438095859,45.162404509414515,52.67305999014896,3,4,1,2,1,0,0,Non-Dropout
4889,15,1,71.79492915636054,83.7017961346422,81.97098045020473,29.7172567078279,4,2,3,5,4,0,0,Non-Dropout
4890,17,0,72.41304406894972,78.18838762898147,74.55365856329165,69.2585323468835,8,2,0,3,1,1,0,Non-Dropout
4891,19,1,77.97673725631759,100.0,70.78527245127647,66.48129428056954,7,5,0,3,3,1,0,Non-Dropout
4892,13,0,75.03490281656207,68.5626586198172,49.86177805568565,76.11680699920404,5,3,1,1,5,0,0,Non-Dropout
4893,16,1,83.06131099366242,66.97367407478036,64.8272496687715,51.01237880605677,4,3,1,3,3,0,0,Non-Dropout
4894,15,0,83.18350426139716,100.0,52.10693965883664,72.48385948094574,5,2,0,4,1,1,0,Non-Dropout
4895,19,0,67.61996673313047,50.025140931166064,82.11741708930042,52.871609153931466,9,2,2,3,2,1,0,Non-Dropout
4896,11,1,96.2247318284646,62.603593498055595,43.67827460355489,76.61192806447208,0,3,2,1,1,1,0,Non-Dropout
4897,17,1,85.38995802382422,82.21966502055703,50.02640641066749,37.67135165664838,6,1,0,3,2,1,0,Non-Dropout
4898,19,0,52.895736433016964,97.50541902846712,90.38275930246745,61.440565133392276,5,3,0,4,3,1,0,Non-Dropout
4899,18,1,70.8890499658594,93.69671446025791,59.00272316633757,59.01342907181141,4,3,0,2,4,1,0,Non-Dropout
4900,14,1,37.36072787126577,54.20238602695176,100.0,76.95425273351135,6,6,1,4,3,0,0,Non-Dropout
4901,19,0,39.88702577476477,100.0,74.90169187759047,76.73004456717013,6,4,1,3,5,1,0,Non-Dropout
4902,13,0,57.507585044963584,84.28120534274638,24.668873344420547,83.28231437310563,6,3,0,2,3,1,0,Non-Dropout
4903,15,0,51.86832607004381,58.61259489841555,36.89217249054338,34.786264768622985,3,2,2,3,3,1,0,Non-Dropout
4904,17,1,57.599855748886164,60.29599085693012,55.24271479049288,87.44317034123407,2,4,0,3,2,1,0,Non-Dropout
4905,12,1,69.92740793594875,76.43093414066001,88.56734360123482,51.11572155407837,6,3,3,2,4,1,0,Non-Dropout
4906,19,1,83.37935458774595,100.0,86.02870086008224,90.62152040417284,4,4,0,3,2,1,0,Non-Dropout
4907,10,1,82.57627904709662,79.24896115002295,57.9089457891545,98.3556313214375,2,2,0,2,2,1,0,Non-Dropout
4908,13,0,71.19790605451958,100.0,100.0,82.86617652649012,4,4,0,1,1,1,0,Non-Dropout
4909,13,1,48.69320871406818,92.561747701574,78.21828017609283,52.140624895144256,5,2,0,3,1,1,0,Non-Dropout
4910,10,0,56.639178180503606,49.75403055556556,62.02168692965193,46.33282957076881,7,2,2,1,2,1,1,Dropout
4911,18,1,74.55774988110818,100.0,99.3275363636551,54.42123034782003,4,3,1,2,1,0,0,Non-Dropout
4912,12,1,52.60825247689479,56.11697195960095,49.81483283743452,73.55686351707398,6,5,1,5,2,1,0,Non-Dropout
4913,14,0,45.99624893654217,62.69776337779518,83.8779711682652,49.05015916644461,4,5,0,2,4,1,0,Non-Dropout
4914,15,1,72.38475688406236,80.51506137240736,86.42934439509217,37.12351636620559,2,5,0,2,2,0,0,Non-Dropout
4915,17,1,64.27456045123239,74.43129690095101,85.46088765500156,81.2165235744352,3,4,0,5,3,0,0,Non-Dropout
4916,15,0,61.83621440289316,92.86828871694512,66.11043031846208,55.994579630694346,2,4,2,4,4,0,0,Non-Dropout
4917,12,1,81.64702903478523,85.03443865327645,91.7736826003848,78.71785957823036,4,4,2,3,1,1,0,Non-Dropout
4918,15,0,81.3321212547554,72.64143418396057,100.0,76.57472784394304,4,0,0,4,5,0,0,Non-Dropout
4919,10,0,91.71676986108955,100.0,66.11765658168463,67.96436938113588,5,3,2,1,3,1,0,Non-Dropout
4920,13,0,55.22882314990381,65.50922761708361,71.68767159022637,77.59038293977898,5,4,2,4,3,0,0,Non-Dropout
4921,15,0,71.44600371335132,54.999507192876465,93.1280105091599,87.21155306210238,4,3,2,2,4,1,0,Non-Dropout
4922,16,1,65.28512705836027,84.26598251864576,63.3576681043245,76.46279504333367,4,3,3,1,4,1,0,Non-Dropout
4923,19,1,70.07473747618023,74.63633241417294,62.67494439692506,76.86505812522816,5,2,2,4,2,1,0,Non-Dropout
4924,12,1,47.98428236322639,79.90752523558169,40.99732689673276,70.81465541431095,4,5,1,2,2,1,0,Non-Dropout
4925,18,0,43.962899983471814,89.76322896816194,26.896305250549155,58.50413483724336,3,1,1,2,1,1,0,Non-Dropout
4926,16,1,64.39675795656797,71.29814340656158,41.62954849376328,69.62445253295265,2,5,0,4,1,0,0,Non-Dropout
4927,10,1,52.36231115038858,100.0,91.56827873996716,68.13621623363285,1,1,2,1,4,1,0,Non-Dropout
4928,11,1,79.07311430826931,80.2997305962655,44.307211099106354,72.33714063759545,2,4,0,1,3,0,0,Non-Dropout
4929,10,1,42.489839489621005,65.99212737937242,82.1619127087237,70.00388232883968,6,3,1,4,1,1,0,Non-Dropout
4930,18,0,43.7269866913058,86.79158489921303,100.0,58.140080574022534,3,4,1,2,2,1,0,Non-Dropout
4931,18,0,58.750062871267154,73.29037477905975,73.96631077351005,82.09161796914734,4,4,2,4,1,0,0,Non-Dropout
4932,16,1,41.92887491100634,77.26593639268117,47.940315526550854,57.091066525655535,5,1,1,4,4,1,0,Non-Dropout
4933,19,0,90.14004698145992,52.87735141828982,66.69270038634593,70.913146724807,7,0,0,3,3,0,0,Non-Dropout
4934,12,1,62.25623939095562,55.14413049608693,79.4956582009811,72.72559354946503,4,3,1,3,1,1,0,Non-Dropout
4935,14,1,55.9579894195396,96.23180673826782,79.62435604065962,49.25088106404704,6,5,0,1,4,0,0,Non-Dropout
4936,13,1,72.0194603843948,50.31285097541358,72.92645820394212,88.42739060599258,4,2,1,1,4,1,0,Non-Dropout
4937,16,0,78.25772804031114,72.55247533982735,85.79177174087138,64.3847962847371,4,0,0,4,3,0,0,Non-Dropout
4938,18,1,68.10438351626429,81.51701275705277,94.98991682300064,50.0952168210104,8,3,2,2,2,1,0,Non-Dropout
4939,11,0,63.978627606619064,100.0,58.004408669205226,65.00545752263346,5,1,0,1,4,1,0,Non-Dropout
4940,17,0,50.247906129438036,65.3744477581528,100.0,50.382538041949644,6,3,2,5,2,1,0,Non-Dropout
4941,18,1,74.4636397838183,90.17798909751042,78.24032161109854,56.3006410352871,4,3,3,3,2,0,0,Non-Dropout
4942,19,0,86.25054635279294,72.58950503858169,14.366333099672353,56.00734915298174,5,4,2,4,2,0,0,Non-Dropout
4943,19,0,61.70420367699063,31.397601926792767,65.30362578434107,62.962522476110095,3,5,2,5,5,0,0,Non-Dropout
4944,18,1,52.26821749533468,75.92151575671764,65.66139645367738,85.47155146538626,7,5,0,3,2,1,0,Non-Dropout
4945,19,0,67.72243651251041,73.66185012655123,97.00354925269248,66.5954730069689,4,5,1,3,2,0,0,Non-Dropout
4946,16,0,65.03974841000833,83.50243344842048,55.46840395606783,67.46622411936964,3,2,1,1,4,0,0,Non-Dropout
4947,18,1,46.754714261389395,62.1470054405939,73.72905879645702,57.84496267369107,5,2,2,1,1,1,0,Non-Dropout
4948,18,1,57.45966951188058,64.27950154203641,34.521834430819865,69.24988127863914,5,6,0,2,2,0,0,Non-Dropout
4949,12,0,91.82728651967395,99.02138916210168,49.24438349679829,64.5037159793134,5,1,1,1,4,1,0,Non-Dropout
4950,13,1,44.78667699336356,68.27706803006976,89.92449981375182,63.742954130888016,2,1,1,4,3,1,0,Non-Dropout
4951,11,1,54.64069469863358,36.731392554758,39.466236822708424,75.60601365562364,2,5,0,3,3,0,0,Non-Dropout
4952,19,0,50.76929938214356,84.80888896685337,94.14881265923071,50.877475489590395,9,3,0,5,3,1,0,Non-Dropout
4953,12,0,52.09550236712578,92.25129193327643,98.499028648725,83.99721844017964,5,3,2,3,2,1,0,Non-Dropout
4954,14,1,58.31785408760721,92.07527236243891,100.0,24.565062833539997,6,3,2,5,3,1,0,Non-Dropout
4955,14,0,71.72573152191889,62.69334108701703,100.0,63.60365241246408,9,2,1,2,1,1,0,Non-Dropout
4956,15,1,84.62843795931697,75.00457883705926,89.37956968777273,85.38081771775065,2,1,1,2,5,1,0,Non-Dropout
4957,16,1,68.04982390892475,85.62555180193621,80.63642091378485,83.10102041820956,3,1,0,2,3,1,0,Non-Dropout
4958,16,0,54.73427268254698,94.27825361354084,85.49079907352211,67.37558897329284,7,0,2,2,1,1,0,Non-Dropout
4959,10,0,88.09872718835487,85.04160769506615,71.78213923816271,52.85121094399211,4,3,0,4,3,0,0,Non-Dropout
4960,11,1,33.97154718493745,90.51247372126471,60.6600987807996,62.99894408142694,7,3,1,3,3,1,0,Non-Dropout
4961,18,1,75.10217229218236,60.35705019800214,89.25269447618638,100.0,5,4,2,2,5,1,0,Non-Dropout
4962,19,1,49.59862071456806,29.19806276689713,81.22670171967798,75.63143268923938,5,2,1,2,2,0,0,Non-Dropout
4963,11,1,64.23615233804455,96.07390404622176,92.00770065559932,39.49172291383664,6,5,3,4,1,1,0,Non-Dropout
4964,15,0,73.44649891326088,56.079642469607975,64.7850471481224,66.24370966194081,6,3,2,2,1,0,0,Non-Dropout
4965,10,1,40.91935835425278,71.5715817257819,66.9857209251527,56.020923974278155,6,4,0,2,2,1,0,Non-Dropout
4966,12,0,67.12480727376527,91.1568589545677,75.28730086579793,45.95102293581835,5,3,1,5,2,0,0,Non-Dropout
4967,11,0,68.27715601870291,75.53372101149098,66.83381211826658,72.2397240072116,4,0,1,2,3,0,0,Non-Dropout
4968,12,1,86.9350652324504,89.05340383463599,100.0,50.44537848250759,7,6,2,5,1,1,0,Non-Dropout
4969,14,0,100.0,100.0,100.0,88.22472364576858,7,3,2,2,1,0,0,Non-Dropout
4970,19,0,41.705452913936696,86.03031737960154,70.10733432886198,85.116171352586,5,1,0,2,2,0,0,Non-Dropout
4971,15,1,86.25730525748801,60.42728856877847,66.72802090963759,54.05579271768541,11,3,2,3,3,1,0,Non-Dropout
4972,18,0,64.43179648790357,46.05573078207481,81.15071524157082,53.11748307117193,6,5,2,4,2,1,0,Non-Dropout
4973,19,0,52.87143141301853,88.53359909564004,59.26406851584625,75.09892042330561,5,3,0,3,3,0,0,Non-Dropout
4974,13,1,70.53579755382752,76.63014082160853,58.84296603106384,80.26644730210023,4,6,1,4,2,0,0,Non-Dropout
4975,16,1,45.46562906470516,47.420805455617725,71.07259816820495,61.22519737043408,5,1,2,5,4,0,0,Non-Dropout
4976,15,1,46.360810492939585,98.5814070675245,60.71544105942324,79.67682694319487,3,1,0,4,3,1,0,Non-Dropout
4977,11,1,38.97262042652619,89.48297237815278,74.59419198318265,89.96673964062177,3,0,1,2,4,1,0,Non-Dropout
4978,19,1,73.19133515184845,74.7682883073932,79.25227901070235,69.94862641022279,2,7,0,3,5,0,0,Non-Dropout
4979,17,1,69.90517737528968,100.0,0.0,49.564687274377796,8,1,0,4,4,1,0,Non-Dropout
4980,16,1,52.784244574094245,95.46339938328826,21.84018575355301,76.78276468016502,5,3,2,1,4,1,0,Non-Dropout
4981,16,0,87.8540272053747,55.18712099307426,48.807353625076985,67.14772760884081,6,4,0,2,2,0,0,Non-Dropout
4982,17,0,55.05566465247798,98.45264121032346,76.99172004238694,60.17667622686298,2,4,1,3,2,1,0,Non-Dropout
4983,10,1,84.2448439121836,80.0984363058473,50.73240846004981,76.27564855897157,5,3,2,2,2,1,0,Non-Dropout
4984,10,0,66.83121315550312,100.0,100.0,83.1059571502957,6,2,0,1,2,1,0,Non-Dropout
4985,17,0,54.85447515483055,93.85967908521445,92.36567371054859,67.79017167658571,6,2,0,5,2,0,0,Non-Dropout
4986,13,1,63.275278951276434,84.68610580425309,100.0,30.81286728150188,6,2,0,3,2,1,0,Non-Dropout
4987,14,0,46.19386191655714,83.54756209027822,92.50436866483737,66.7972224142208,7,4,0,3,1,0,0,Non-Dropout
4988,17,1,68.25100044566406,51.230299631060056,30.40420433050405,68.40444377699019,8,5,1,3,2,0,1,Dropout
4989,14,0,65.45825119045567,64.75953743342988,40.86047781150246,100.0,7,5,2,1,5,0,0,Non-Dropout
4990,19,1,72.9117119167565,79.16705344322231,57.214970460703995,66.94432206638352,3,3,2,1,3,0,0,Non-Dropout
4991,13,0,78.18728589627108,47.56500338917444,40.10015601874216,62.430219806595225,4,5,2,5,5,0,0,Non-Dropout
4992,15,0,66.73423665279809,84.3437788750889,97.03078985606928,75.34719392287731,5,1,1,4,3,1,0,Non-Dropout
4993,14,0,42.85517517833806,60.134438436834486,66.03730679547688,60.49780124804694,7,4,3,1,5,1,0,Non-Dropout
4994,16,1,78.98544998709572,67.13640366881933,75.12721077273908,54.70810100931029,6,3,2,4,1,0,0,Non-Dropout
4995,19,0,65.21995950169499,89.21401006541194,100.0,41.083811353380725,8,0,0,4,3,1,0,Non-Dropout
4996,16,0,36.58906083404937,63.88100147561059,100.0,56.06711491112213,4,3,2,1,2,0,0,Non-Dropout
4997,13,1,69.64422205946958,84.389751965814,63.215313553195216,36.38306545693426,4,3,1,1,2,0,0,Non-Dropout
4998,14,1,70.77685960862429,77.89940051863807,35.88555536251208,69.24870552791461,3,6,0,4,5,1,0,Non-Dropout
4999,12,0,59.62280538604511,53.82750820765747,40.29345456283001,68.23753236147213,5,8,2,3,3,1,0,Non-Dropout
5000,13,0,62.03244714744325,92.62787279810642,98.73516373716151,75.44629253024604,6,2,1,5,1,1,0,Non-Dropout
